{
  "source": {
    "sourceNumber": "NCT01195090",
    "authors": [
      "Sung-Chen Liu"
    ],
    "publicationYear": "2012",
    "title": "Efficacy of Adding Sitagliptin or Pioglitazone to Patients With Type 2 Diabetes Insufficiently Controlled With Metformin and Sulfonylurea",
    "journal": "clintrials.gov",
    "publicationType": "clintrials",
    "firstAuthor": "Sung-Chen Liu",
    "references": [
      "Efficacy of Adding Sitagliptin or Pioglitazone to Patients With Type 2 Diabetes Insufficiently Controlled With Metformin and Sulfonylurea. clintrials.gov"
    ]
  },
  "trial": {
    "trial": "09MMHIS047",
    "authorTrial": "Sung-Chen Liu 2012 (09MMHIS047)",
    "registryName": "NCT01195090",
    "location": [
      "Taiwan"
    ],
    "sponsor": "Sung-Chen Liu",
    "trialYear": "2009",
    "trialDesign": "Randomized,Parallel Assignment",
    "trialBlinding": "Open Label",
    "primaryDrug": "Sitagliptin, pioglitazone",
    "trialDuration": "24 Weeks"
  },
  "arms": [
    {
      "arm": "1",
      "label": "sitagliptin",
      "type": "Active Comparator",
      "controlArm": false,
      "baselines": [
        {
          "title": "Number of Participants",
          "unit": "participants",
          "param": "Number",
          "value": 60.0
        },
        {
          "title": "Age",
          "subTitle": "<=18 years",
          "unit": "participants",
          "param": "Number",
          "value": 0.0
        },
        {
          "title": "Age",
          "subTitle": "Between 18 and 65 years",
          "unit": "participants",
          "param": "Number",
          "value": 42.0
        },
        {
          "title": "Age",
          "subTitle": ">=65 years",
          "unit": "participants",
          "param": "Number",
          "value": 18.0
        },
        {
          "title": "Age",
          "unit": "years",
          "param": "Mean",
          "dispersion": "Standard Deviation",
          "value": 60.1,
          "spread": 8.9
        },
        {
          "title": "Gender",
          "subTitle": "Female",
          "unit": "participants",
          "param": "Number",
          "value": 38.0
        },
        {
          "title": "Gender",
          "subTitle": "Male",
          "unit": "participants",
          "param": "Number",
          "value": 22.0
        },
        {
          "title": "Region of Enrollment",
          "subTitle": "Taiwan",
          "unit": "participants",
          "param": "Number",
          "value": 60.0
        }
      ],
      "drugs": [
        {
          "name": "Sitagliptin"
        }
      ],
      "participants": [
        {
          "period": "Overall Study",
          "started": 60,
          "completed": 54,
          "notCompleted": 6,
          "incompleteDetails": [
            {
              "reason": "Adverse Event",
              "count": 1
            },
            {
              "reason": "Lost to Follow-up",
              "count": 2
            },
            {
              "reason": "Protocol Violation",
              "count": 3
            }
          ]
        }
      ],
      "endpoints": [
        {
          "type": "Primary",
          "title": "Mean Change in Glycosylated Hemoglobin (A1C)",
          "timeFrame": "24 weeks",
          "participants": 60,
          "measurements": [
            {
              "unit": "percentage of Hb",
              "param": "Least Squares Mean",
              "dispersion": "Standard Error",
              "value": -0.71,
              "spread": 0.12
            }
          ]
        },
        {
          "type": "Secondary",
          "title": "Changes in Fasting Plasma Glucose",
          "timeFrame": "24 weeks",
          "participants": 60,
          "measurements": [
            {
              "unit": "mg/dl",
              "param": "Least Squares Mean",
              "dispersion": "Standard Error",
              "value": -23.0,
              "spread": 4.0
            }
          ]
        },
        {
          "type": "Secondary",
          "title": "Changes in High Sensitive C-reactive Protein",
          "timeFrame": "24 weeks",
          "participants": 60,
          "measurements": [
            {
              "unit": "mg/dl",
              "param": "Least Squares Mean",
              "dispersion": "Standard Error",
              "value": -0.07,
              "spread": 0.04
            }
          ]
        },
        {
          "type": "Secondary",
          "title": "Changes in Homoeostasis Model Assessment of Insulin Resistance (HOMA-IR)",
          "timeFrame": "24 weeks",
          "participants": 60,
          "measurements": [
            {
              "unit": "HOMA-IR score",
              "param": "Least Squares Mean",
              "dispersion": "Standard Error",
              "value": -0.0,
              "spread": 0.35
            }
          ]
        },
        {
          "type": "Secondary",
          "title": "Body Weight Change",
          "timeFrame": "24 weeks",
          "participants": 60,
          "measurements": [
            {
              "unit": "kg",
              "param": "Least Squares Mean",
              "dispersion": "Standard Error",
              "value": -0.26,
              "spread": 0.32
            }
          ]
        },
        {
          "type": "Secondary",
          "title": "Percentages of Patients With Total Adverse Events (AE)",
          "timeFrame": "24 weeks",
          "participants": 60,
          "measurements": [
            {
              "unit": "percentage",
              "param": "Number",
              "value": 43.1
            }
          ]
        },
        {
          "type": "Secondary",
          "title": "Change in Fasting Total-cholesterol",
          "timeFrame": "24 weeks",
          "participants": 60,
          "measurements": [
            {
              "unit": "mg/dl",
              "param": "Least Squares Mean",
              "dispersion": "Standard Error",
              "value": 0.6,
              "spread": 3.9
            }
          ]
        },
        {
          "type": "Secondary",
          "title": "Change in Fasting Low-density Lipoprotein Cholesterol (LDL-C)",
          "timeFrame": "24 weeks",
          "participants": 60,
          "measurements": [
            {
              "unit": "mg/dl",
              "param": "Least Squares Mean",
              "dispersion": "Standard Error",
              "value": -1.2,
              "spread": 3.7
            }
          ]
        },
        {
          "type": "Secondary",
          "title": "Change in Fasting Triglycerides(TG)",
          "timeFrame": "24 weeks",
          "participants": 60,
          "measurements": [
            {
              "unit": "mg/dl",
              "param": "Least Squares Mean",
              "dispersion": "Standard Error",
              "value": 6.3,
              "spread": 9.3
            }
          ]
        },
        {
          "type": "Secondary",
          "title": "Change in Fasting High-density Lipoprotein Cholesterol(HDL-C)",
          "timeFrame": "24 weeks",
          "participants": 60,
          "measurements": [
            {
              "unit": "mg/dl",
              "param": "Least Squares Mean",
              "dispersion": "Standard Error",
              "value": 1.3,
              "spread": 1.2
            }
          ]
        },
        {
          "type": "Secondary",
          "title": "Change in Fasting Plasma Alanine-aminotransferase (ALT)",
          "timeFrame": "24 weeks",
          "participants": 60,
          "measurements": [
            {
              "unit": "IU/L",
              "param": "Least Squares Mean",
              "dispersion": "Standard Error",
              "value": -0.0,
              "spread": 2.4
            }
          ]
        },
        {
          "type": "Secondary",
          "title": "Percentages of Patients With Mild to Moderate Hypoglycemia",
          "timeFrame": "24 weeks",
          "participants": 60,
          "measurements": [
            {
              "unit": "percentage",
              "param": "Number",
              "value": 10.0
            }
          ]
        },
        {
          "type": "Secondary",
          "title": "Percentages of Patients With Edema",
          "timeFrame": "24 weeks",
          "participants": 60,
          "measurements": [
            {
              "unit": "percentage",
              "param": "Number",
              "value": 0.0
            }
          ]
        },
        {
          "type": "Secondary",
          "title": "Percentages of Patients With Gastrointestinal Adverse Events",
          "timeFrame": "24 weeks",
          "participants": 60,
          "measurements": [
            {
              "unit": "percentge",
              "param": "Number",
              "value": 20.0
            }
          ]
        },
        {
          "type": "Secondary",
          "title": "Percentages of Patients With Nasopharyngitis",
          "timeFrame": "24 weeks",
          "participants": 60,
          "measurements": [
            {
              "unit": "percentage",
              "param": "Number",
              "value": 20.0
            }
          ]
        },
        {
          "type": "Primary",
          "title": "Baseline A1C",
          "timeFrame": "Baseline",
          "participants": 60,
          "measurements": [
            {
              "unit": "percentage of Hb",
              "param": "Mean",
              "dispersion": "Standard Deviation",
              "value": 8.27,
              "spread": 0.86
            }
          ]
        },
        {
          "type": "Primary",
          "title": "The Percentages of Patient Achieving an A1C <7%",
          "timeFrame": "24 weeks",
          "participants": 60,
          "measurements": [
            {
              "unit": "percentage",
              "param": "Number",
              "value": 28.3
            }
          ]
        },
        {
          "type": "Secondary",
          "title": "Percentages of Patients With Severe Hypoglycemia",
          "timeFrame": "24 weeks",
          "participants": 60,
          "measurements": [
            {
              "unit": "percentage",
              "param": "Number",
              "value": 0.0
            }
          ]
        },
        {
          "type": "Secondary",
          "title": "Baseline Fasting Plasma Glucose",
          "timeFrame": "baseline",
          "participants": 60,
          "measurements": [
            {
              "unit": "mg/dl",
              "param": "Mean",
              "dispersion": "Standard Deviation",
              "value": 177.0,
              "spread": 47.0
            }
          ]
        },
        {
          "type": "Secondary",
          "title": "Baseline High Sensitive C-reactive Protein",
          "timeFrame": "baseline",
          "participants": 60,
          "measurements": [
            {
              "unit": "mg/dl",
              "param": "Mean",
              "dispersion": "Standard Deviation",
              "value": 0.38,
              "spread": 0.36
            }
          ]
        },
        {
          "type": "Secondary",
          "title": "Baseline Homoeostasis Model Assessment of Insulin Resistance (HOMA-IR)",
          "timeFrame": "Baseline HOMA-IR",
          "participants": 60,
          "measurements": [
            {
              "unit": "HOMA-IR score",
              "param": "Mean",
              "dispersion": "Standard Deviation",
              "value": 5.6,
              "spread": 3.8
            }
          ]
        },
        {
          "type": "Secondary",
          "title": "Baseline Alanine-aminotransferase (ALT)",
          "timeFrame": "Baseline",
          "participants": 60,
          "measurements": [
            {
              "unit": "IU/L",
              "param": "Mean",
              "dispersion": "Standard Deviation",
              "value": 34.2,
              "spread": 17.5
            }
          ]
        },
        {
          "type": "Secondary",
          "title": "Baseline Body Weight",
          "timeFrame": "Baseline",
          "participants": 60,
          "measurements": [
            {
              "unit": "kg",
              "param": "Mean",
              "dispersion": "Standard Deviation",
              "value": 69.4,
              "spread": 13.6
            }
          ]
        },
        {
          "type": "Secondary",
          "title": "Baseline Total Cholesterol",
          "timeFrame": "Baseline",
          "participants": 60,
          "measurements": [
            {
              "unit": "mg/dl",
              "param": "Mean",
              "dispersion": "Standard Deviation",
              "value": 174.0,
              "spread": 31.0
            }
          ]
        },
        {
          "type": "Secondary",
          "title": "Baseline Triglyceride (TG)",
          "timeFrame": "Baseline",
          "participants": 60,
          "measurements": [
            {
              "unit": "mg/dl",
              "param": "Mean",
              "dispersion": "Standard Deviation",
              "value": 137.0,
              "spread": 74.0
            }
          ]
        },
        {
          "type": "Secondary",
          "title": "Baseline Low-density Lipoprotein Cholesterol (LDL-C)",
          "timeFrame": "Baseline",
          "participants": 60,
          "measurements": [
            {
              "unit": "mg/dl",
              "param": "Mean",
              "dispersion": "Standard Deviation",
              "value": 102.0,
              "spread": 25.0
            }
          ]
        },
        {
          "type": "Secondary",
          "title": "Baseline High-density Lipoprotein Cholesterol (HDL-C)",
          "timeFrame": "Baseline",
          "participants": 60,
          "measurements": [
            {
              "unit": "mg/dl",
              "param": "Mean",
              "dispersion": "Standard Deviation",
              "value": 42.0,
              "spread": 12.0
            }
          ]
        }
      ]
    },
    {
      "arm": "2",
      "label": "pioglitazone",
      "type": "Active Comparator",
      "controlArm": false,
      "baselines": [
        {
          "title": "Number of Participants",
          "unit": "participants",
          "param": "Number",
          "value": 60.0
        },
        {
          "title": "Age",
          "subTitle": "<=18 years",
          "unit": "participants",
          "param": "Number",
          "value": 0.0
        },
        {
          "title": "Age",
          "subTitle": "Between 18 and 65 years",
          "unit": "participants",
          "param": "Number",
          "value": 49.0
        },
        {
          "title": "Age",
          "subTitle": ">=65 years",
          "unit": "participants",
          "param": "Number",
          "value": 11.0
        },
        {
          "title": "Age",
          "unit": "years",
          "param": "Mean",
          "dispersion": "Standard Deviation",
          "value": 58.1,
          "spread": 8.3
        },
        {
          "title": "Gender",
          "subTitle": "Female",
          "unit": "participants",
          "param": "Number",
          "value": 37.0
        },
        {
          "title": "Gender",
          "subTitle": "Male",
          "unit": "participants",
          "param": "Number",
          "value": 23.0
        },
        {
          "title": "Region of Enrollment",
          "subTitle": "Taiwan",
          "unit": "participants",
          "param": "Number",
          "value": 60.0
        }
      ],
      "drugs": [
        {
          "name": "pioglitazone"
        }
      ],
      "participants": [
        {
          "period": "Overall Study",
          "started": 60,
          "completed": 52,
          "notCompleted": 8,
          "incompleteDetails": [
            {
              "reason": "Adverse Event",
              "count": 2
            },
            {
              "reason": "Lost to Follow-up",
              "count": 2
            },
            {
              "reason": "Protocol Violation",
              "count": 4
            }
          ]
        }
      ],
      "endpoints": [
        {
          "type": "Primary",
          "title": "Mean Change in Glycosylated Hemoglobin (A1C)",
          "timeFrame": "24 weeks",
          "participants": 59,
          "measurements": [
            {
              "unit": "percentage of Hb",
              "param": "Least Squares Mean",
              "dispersion": "Standard Error",
              "value": -0.94,
              "spread": 0.12
            }
          ]
        },
        {
          "type": "Secondary",
          "title": "Changes in Fasting Plasma Glucose",
          "timeFrame": "24 weeks",
          "participants": 59,
          "measurements": [
            {
              "unit": "mg/dl",
              "param": "Least Squares Mean",
              "dispersion": "Standard Error",
              "value": -36.0,
              "spread": 4.0
            }
          ]
        },
        {
          "type": "Secondary",
          "title": "Changes in High Sensitive C-reactive Protein",
          "timeFrame": "24 weeks",
          "participants": 59,
          "measurements": [
            {
              "unit": "mg/dl",
              "param": "Least Squares Mean",
              "dispersion": "Standard Error",
              "value": -0.19,
              "spread": 0.04
            }
          ]
        },
        {
          "type": "Secondary",
          "title": "Changes in Homoeostasis Model Assessment of Insulin Resistance (HOMA-IR)",
          "timeFrame": "24 weeks",
          "participants": 59,
          "measurements": [
            {
              "unit": "HOMA-IR score",
              "param": "Least Squares Mean",
              "dispersion": "Standard Error",
              "value": -1.56,
              "spread": 0.35
            }
          ]
        },
        {
          "type": "Secondary",
          "title": "Body Weight Change",
          "timeFrame": "24 weeks",
          "participants": 59,
          "measurements": [
            {
              "unit": "kg",
              "param": "Least Squares Mean",
              "dispersion": "Standard Error",
              "value": 1.34,
              "spread": 0.32
            }
          ]
        },
        {
          "type": "Secondary",
          "title": "Percentages of Patients With Total Adverse Events (AE)",
          "timeFrame": "24 weeks",
          "participants": 59,
          "measurements": [
            {
              "unit": "percentage",
              "param": "Number",
              "value": 51.7
            }
          ]
        },
        {
          "type": "Secondary",
          "title": "Change in Fasting Total-cholesterol",
          "timeFrame": "24 weeks",
          "participants": 59,
          "measurements": [
            {
              "unit": "mg/dl",
              "param": "Least Squares Mean",
              "dispersion": "Standard Error",
              "value": 9.9,
              "spread": 4.0
            }
          ]
        },
        {
          "type": "Secondary",
          "title": "Change in Fasting Low-density Lipoprotein Cholesterol (LDL-C)",
          "timeFrame": "24 weeks",
          "participants": 59,
          "measurements": [
            {
              "unit": "mg/dl",
              "param": "Least Squares Mean",
              "dispersion": "Standard Error",
              "value": 6.6,
              "spread": 3.7
            }
          ]
        },
        {
          "type": "Secondary",
          "title": "Change in Fasting Triglycerides(TG)",
          "timeFrame": "24 weeks",
          "participants": 59,
          "measurements": [
            {
              "unit": "mg/dl",
              "param": "Least Squares Mean",
              "dispersion": "Standard Error",
              "value": -23.9,
              "spread": 9.4
            }
          ]
        },
        {
          "type": "Secondary",
          "title": "Change in Fasting High-density Lipoprotein Cholesterol(HDL-C)",
          "timeFrame": "24 weeks",
          "participants": 59,
          "measurements": [
            {
              "unit": "mg/dl",
              "param": "Least Squares Mean",
              "dispersion": "Standard Error",
              "value": 6.3,
              "spread": 1.2
            }
          ]
        },
        {
          "type": "Secondary",
          "title": "Change in Fasting Plasma Alanine-aminotransferase (ALT)",
          "timeFrame": "24 weeks",
          "participants": 59,
          "measurements": [
            {
              "unit": "IU/L",
              "param": "Least Squares Mean",
              "dispersion": "Standard Error",
              "value": -4.5,
              "spread": 2.4
            }
          ]
        },
        {
          "type": "Secondary",
          "title": "Percentages of Patients With Mild to Moderate Hypoglycemia",
          "timeFrame": "24 weeks",
          "participants": 59,
          "measurements": [
            {
              "unit": "percentage",
              "param": "Number",
              "value": 8.5
            }
          ]
        },
        {
          "type": "Secondary",
          "title": "Percentages of Patients With Edema",
          "timeFrame": "24 weeks",
          "participants": 59,
          "measurements": [
            {
              "unit": "percentage",
              "param": "Number",
              "value": 27.1
            }
          ]
        },
        {
          "type": "Secondary",
          "title": "Percentages of Patients With Gastrointestinal Adverse Events",
          "timeFrame": "24 weeks",
          "participants": 59,
          "measurements": [
            {
              "unit": "percentge",
              "param": "Number",
              "value": 6.8
            }
          ]
        },
        {
          "type": "Secondary",
          "title": "Percentages of Patients With Nasopharyngitis",
          "timeFrame": "24 weeks",
          "participants": 59,
          "measurements": [
            {
              "unit": "percentage",
              "param": "Number",
              "value": 18.6
            }
          ]
        },
        {
          "type": "Primary",
          "title": "Baseline A1C",
          "timeFrame": "Baseline",
          "participants": 60,
          "measurements": [
            {
              "unit": "percentage of Hb",
              "param": "Mean",
              "dispersion": "Standard Deviation",
              "value": 8.54,
              "spread": 0.97
            }
          ]
        },
        {
          "type": "Primary",
          "title": "The Percentages of Patient Achieving an A1C <7%",
          "timeFrame": "24 weeks",
          "participants": 59,
          "measurements": [
            {
              "unit": "percentage",
              "param": "Number",
              "value": 28.8
            }
          ]
        },
        {
          "type": "Secondary",
          "title": "Percentages of Patients With Severe Hypoglycemia",
          "timeFrame": "24 weeks",
          "participants": 59,
          "measurements": [
            {
              "unit": "percentage",
              "param": "Number",
              "value": 0.0
            }
          ]
        },
        {
          "type": "Secondary",
          "title": "Baseline Fasting Plasma Glucose",
          "timeFrame": "baseline",
          "participants": 60,
          "measurements": [
            {
              "unit": "mg/dl",
              "param": "Mean",
              "dispersion": "Standard Deviation",
              "value": 182.0,
              "spread": 38.0
            }
          ]
        },
        {
          "type": "Secondary",
          "title": "Baseline High Sensitive C-reactive Protein",
          "timeFrame": "baseline",
          "participants": 60,
          "measurements": [
            {
              "unit": "mg/dl",
              "param": "Mean",
              "dispersion": "Standard Deviation",
              "value": 0.42,
              "spread": 0.68
            }
          ]
        },
        {
          "type": "Secondary",
          "title": "Baseline Homoeostasis Model Assessment of Insulin Resistance (HOMA-IR)",
          "timeFrame": "Baseline HOMA-IR",
          "participants": 60,
          "measurements": [
            {
              "unit": "HOMA-IR score",
              "param": "Mean",
              "dispersion": "Standard Deviation",
              "value": 4.8,
              "spread": 3.2
            }
          ]
        },
        {
          "type": "Secondary",
          "title": "Baseline Alanine-aminotransferase (ALT)",
          "timeFrame": "Baseline",
          "participants": 60,
          "measurements": [
            {
              "unit": "IU/L",
              "param": "Mean",
              "dispersion": "Standard Deviation",
              "value": 28.5,
              "spread": 15.5
            }
          ]
        },
        {
          "type": "Secondary",
          "title": "Baseline Body Weight",
          "timeFrame": "Baseline",
          "participants": 60,
          "measurements": [
            {
              "unit": "kg",
              "param": "Mean",
              "dispersion": "Standard Deviation",
              "value": 65.4,
              "spread": 10.4
            }
          ]
        },
        {
          "type": "Secondary",
          "title": "Baseline Total Cholesterol",
          "timeFrame": "Baseline",
          "participants": 60,
          "measurements": [
            {
              "unit": "mg/dl",
              "param": "Mean",
              "dispersion": "Standard Deviation",
              "value": 194.0,
              "spread": 33.0
            }
          ]
        },
        {
          "type": "Secondary",
          "title": "Baseline Triglyceride (TG)",
          "timeFrame": "Baseline",
          "participants": 60,
          "measurements": [
            {
              "unit": "mg/dl",
              "param": "Mean",
              "dispersion": "Standard Deviation",
              "value": 164.0,
              "spread": 73.0
            }
          ]
        },
        {
          "type": "Secondary",
          "title": "Baseline Low-density Lipoprotein Cholesterol (LDL-C)",
          "timeFrame": "Baseline",
          "participants": 60,
          "measurements": [
            {
              "unit": "mg/dl",
              "param": "Mean",
              "dispersion": "Standard Deviation",
              "value": 111.0,
              "spread": 31.0
            }
          ]
        },
        {
          "type": "Secondary",
          "title": "Baseline High-density Lipoprotein Cholesterol (HDL-C)",
          "timeFrame": "Baseline",
          "participants": 60,
          "measurements": [
            {
              "unit": "mg/dl",
              "param": "Mean",
              "dispersion": "Standard Deviation",
              "value": 43.0,
              "spread": 12.0
            }
          ]
        }
      ]
    }
  ],
  "analysis": [
    {
      "title": "Mean Change in Glycosylated Hemoglobin (A1C)",
      "groups": "Sitagliptin vs. Pioglitazone",
      "values": {
        "groups_desc": "The change from baseline in A1C were determined using an analysis of co-variance (ANCOVA) model with the factor ‘treatment’ and baseline A1C as covariate.",
        "p_value": "0.165",
        "p_value_desc": "The change from baseline in A1C were determined using an analysis of co-variance (ANCOVA) model with the factor ‘treatment’ and baseline A1C as covariate.",
        "method": "ANCOVA",
        "param_type": "Mean Difference (Final Values)",
        "param_value": "-0.23",
        "dispersion_type": "Standard Error of the Mean",
        "dispersion_value": "0.16",
        "ci_percent": "95",
        "ci_n_sides": "2-Sided",
        "ci_lower_limit": "-0.58",
        "ci_upper_limit": "0.08"
      }
    },
    {
      "title": "The Percentages of Patient Achieving an A1C <7%",
      "groups": "Sitagliptin vs. Pioglitazone",
      "values": {
        "groups_desc": "Chi-square test for percentages of patient achieving an A1C <7%",
        "non_inferiority_desc": "Chi-square test",
        "p_value": "0.954",
        "p_value_desc": "Chi-square test",
        "method": "Chi-squared",
        "param_type": "Chi-Square",
        "param_value": "0.0034"
      }
    }
  ]
}