{
  "source": {
    "sourceNumber": "NCT01022112",
    "authors": [
      "Mitsubishi Tanabe Pharma Corporation"
    ],
    "publicationYear": "2014",
    "title": "A Randomized, Double-Blind, Placebo-Controlled, Parallel-Group, Multicenter, Dose-Ranging Study in Subjects With Type 2 Diabetes Mellitus to Evaluate the Efficacy, Safety, and Tolerability of Orally-Administered SGLT2 Inhibitor TA-7284",
    "journal": "clintrials.gov",
    "publicationType": "clintrials",
    "firstAuthor": "Mitsubishi Tanabe Pharma Corporation",
    "references": [
      "A Randomized, Double-Blind, Placebo-Controlled, Parallel-Group, Multicenter, Dose-Ranging Study in Subjects With Type 2 Diabetes Mellitus to Evaluate the Efficacy, Safety, and Tolerability of Orally-Administered SGLT2 Inhibitor TA-7284. clintrials.gov"
    ]
  },
  "trial": {
    "trial": "TA-7284-04",
    "authorTrial": "Mitsubishi Tanabe Pharma Corporation 2014 (TA-7284-04)",
    "registryName": "NCT01022112",
    "location": [
      "Japan"
    ],
    "sponsor": "Mitsubishi Tanabe Pharma Corporation",
    "trialYear": "2009",
    "trialDesign": "Randomized,Parallel Assignment",
    "trialBlinding": "Double Blind (Subject, Caregiver, Investigator, Outcomes Assessor)",
    "primaryDrug": "TA-7284-High, TA-7284-High-middle, TA-7284-Low, TA-7284-Low-middle",
    "trialDuration": "14 Weeks"
  },
  "arms": [
    {
      "arm": "1",
      "label": "TA-7284-Low",
      "type": "Experimental",
      "controlArm": false,
      "baselines": [
        {
          "title": "Number of Participants",
          "unit": "participants",
          "param": "Number",
          "value": 82.0
        },
        {
          "title": "Age",
          "unit": "years",
          "param": "Mean",
          "dispersion": "Standard Deviation",
          "value": 57.4,
          "spread": 10.8
        },
        {
          "title": "Gender",
          "subTitle": "Female",
          "unit": "participants",
          "param": "Number",
          "value": 32.0
        },
        {
          "title": "Gender",
          "subTitle": "Male",
          "unit": "participants",
          "param": "Number",
          "value": 50.0
        }
      ],
      "drugs": [
        {
          "name": "TA-7284-Low"
        }
      ],
      "participants": [
        {
          "period": "Overall Study",
          "started": 82,
          "completed": 79,
          "notCompleted": 3,
          "incompleteDetails": [
            {
              "reason": "Adverse Event",
              "count": 1
            },
            {
              "reason": "Lack of Efficacy",
              "count": 1
            },
            {
              "reason": "Physician Decision",
              "count": 0
            },
            {
              "reason": "Withdrawal by Subject",
              "count": 0
            },
            {
              "reason": "Fasting plasma glucose level increased",
              "count": 1
            }
          ]
        }
      ],
      "endpoints": [
        {
          "type": "Primary",
          "title": "Change in Hemoglobin A1c (A1C) From Baseline (NGSP Value)",
          "timeFrame": "12 weeks",
          "participants": 82,
          "measurements": [
            {
              "unit": "percent HbA1C",
              "param": "Least Squares Mean",
              "dispersion": "Standard Error",
              "value": -0.61,
              "spread": 0.06
            }
          ]
        },
        {
          "type": "Secondary",
          "title": "Fasting Blood Glucose, Body Weight",
          "timeFrame": "12 weeks",
          "measurements": []
        },
        {
          "type": "Secondary",
          "title": "Safety and Tolerability",
          "timeFrame": "14 weeks",
          "measurements": []
        }
      ]
    },
    {
      "arm": "2",
      "label": "TA-7284-Low-middle",
      "type": "Experimental",
      "controlArm": false,
      "baselines": [
        {
          "title": "Number of Participants",
          "unit": "participants",
          "param": "Number",
          "value": 74.0
        },
        {
          "title": "Age",
          "unit": "years",
          "param": "Mean",
          "dispersion": "Standard Deviation",
          "value": 57.7,
          "spread": 10.5
        },
        {
          "title": "Gender",
          "subTitle": "Female",
          "unit": "participants",
          "param": "Number",
          "value": 22.0
        },
        {
          "title": "Gender",
          "subTitle": "Male",
          "unit": "participants",
          "param": "Number",
          "value": 52.0
        }
      ],
      "drugs": [
        {
          "name": "TA-7284-Low-middle"
        }
      ],
      "participants": [
        {
          "period": "Overall Study",
          "started": 74,
          "completed": 71,
          "notCompleted": 3,
          "incompleteDetails": [
            {
              "reason": "Adverse Event",
              "count": 2
            },
            {
              "reason": "Lack of Efficacy",
              "count": 0
            },
            {
              "reason": "Physician Decision",
              "count": 0
            },
            {
              "reason": "Withdrawal by Subject",
              "count": 1
            },
            {
              "reason": "Fasting plasma glucose level increased",
              "count": 0
            }
          ]
        }
      ],
      "endpoints": [
        {
          "type": "Primary",
          "title": "Change in Hemoglobin A1c (A1C) From Baseline (NGSP Value)",
          "timeFrame": "12 weeks",
          "participants": 74,
          "measurements": [
            {
              "unit": "percent HbA1C",
              "param": "Least Squares Mean",
              "dispersion": "Standard Error",
              "value": -0.8,
              "spread": 0.06
            }
          ]
        },
        {
          "type": "Secondary",
          "title": "Fasting Blood Glucose, Body Weight",
          "timeFrame": "12 weeks",
          "measurements": []
        },
        {
          "type": "Secondary",
          "title": "Safety and Tolerability",
          "timeFrame": "14 weeks",
          "measurements": []
        }
      ]
    },
    {
      "arm": "3",
      "label": "TA-7284-High-middle",
      "type": "Experimental",
      "controlArm": false,
      "baselines": [
        {
          "title": "Number of Participants",
          "unit": "participants",
          "param": "Number",
          "value": 77.0
        },
        {
          "title": "Age",
          "unit": "years",
          "param": "Mean",
          "dispersion": "Standard Deviation",
          "value": 57.0,
          "spread": 10.6
        },
        {
          "title": "Gender",
          "subTitle": "Female",
          "unit": "participants",
          "param": "Number",
          "value": 27.0
        },
        {
          "title": "Gender",
          "subTitle": "Male",
          "unit": "participants",
          "param": "Number",
          "value": 50.0
        }
      ],
      "drugs": [
        {
          "name": "TA-7284-High-middle"
        }
      ],
      "participants": [
        {
          "period": "Overall Study",
          "started": 77,
          "completed": 74,
          "notCompleted": 3,
          "incompleteDetails": [
            {
              "reason": "Adverse Event",
              "count": 0
            },
            {
              "reason": "Lack of Efficacy",
              "count": 0
            },
            {
              "reason": "Physician Decision",
              "count": 1
            },
            {
              "reason": "Withdrawal by Subject",
              "count": 2
            },
            {
              "reason": "Fasting plasma glucose level increased",
              "count": 0
            }
          ]
        }
      ],
      "endpoints": [
        {
          "type": "Primary",
          "title": "Change in Hemoglobin A1c (A1C) From Baseline (NGSP Value)",
          "timeFrame": "12 weeks",
          "participants": 75,
          "measurements": [
            {
              "unit": "percent HbA1C",
              "param": "Least Squares Mean",
              "dispersion": "Standard Error",
              "value": -0.79,
              "spread": 0.06
            }
          ]
        },
        {
          "type": "Secondary",
          "title": "Fasting Blood Glucose, Body Weight",
          "timeFrame": "12 weeks",
          "measurements": []
        },
        {
          "type": "Secondary",
          "title": "Safety and Tolerability",
          "timeFrame": "14 weeks",
          "measurements": []
        }
      ]
    },
    {
      "arm": "4",
      "label": "TA-7284-High",
      "type": "Experimental",
      "controlArm": false,
      "baselines": [
        {
          "title": "Number of Participants",
          "unit": "participants",
          "param": "Number",
          "value": 75.0
        },
        {
          "title": "Age",
          "unit": "years",
          "param": "Mean",
          "dispersion": "Standard Deviation",
          "value": 57.1,
          "spread": 10.1
        },
        {
          "title": "Gender",
          "subTitle": "Female",
          "unit": "participants",
          "param": "Number",
          "value": 20.0
        },
        {
          "title": "Gender",
          "subTitle": "Male",
          "unit": "participants",
          "param": "Number",
          "value": 55.0
        }
      ],
      "drugs": [
        {
          "name": "TA-7284-High"
        }
      ],
      "participants": [
        {
          "period": "Overall Study",
          "started": 75,
          "completed": 72,
          "notCompleted": 3,
          "incompleteDetails": [
            {
              "reason": "Adverse Event",
              "count": 1
            },
            {
              "reason": "Lack of Efficacy",
              "count": 0
            },
            {
              "reason": "Physician Decision",
              "count": 0
            },
            {
              "reason": "Withdrawal by Subject",
              "count": 2
            },
            {
              "reason": "Fasting plasma glucose level increased",
              "count": 0
            }
          ]
        }
      ],
      "endpoints": [
        {
          "type": "Primary",
          "title": "Change in Hemoglobin A1c (A1C) From Baseline (NGSP Value)",
          "timeFrame": "12 weeks",
          "participants": 75,
          "measurements": [
            {
              "unit": "percent HbA1C",
              "param": "Least Squares Mean",
              "dispersion": "Standard Error",
              "value": -0.88,
              "spread": 0.06
            }
          ]
        },
        {
          "type": "Secondary",
          "title": "Fasting Blood Glucose, Body Weight",
          "timeFrame": "12 weeks",
          "measurements": []
        },
        {
          "type": "Secondary",
          "title": "Safety and Tolerability",
          "timeFrame": "14 weeks",
          "measurements": []
        }
      ]
    },
    {
      "arm": "5",
      "label": "Placebo",
      "type": "Placebo Comparator",
      "controlArm": true,
      "baselines": [
        {
          "title": "Number of Participants",
          "unit": "participants",
          "param": "Number",
          "value": 75.0
        },
        {
          "title": "Age",
          "unit": "years",
          "param": "Mean",
          "dispersion": "Standard Deviation",
          "value": 57.7,
          "spread": 11.0
        },
        {
          "title": "Gender",
          "subTitle": "Female",
          "unit": "participants",
          "param": "Number",
          "value": 21.0
        },
        {
          "title": "Gender",
          "subTitle": "Male",
          "unit": "participants",
          "param": "Number",
          "value": 54.0
        }
      ],
      "drugs": [
        {
          "name": "Placebo"
        }
      ],
      "participants": [
        {
          "period": "Overall Study",
          "started": 75,
          "completed": 65,
          "notCompleted": 10,
          "incompleteDetails": [
            {
              "reason": "Adverse Event",
              "count": 0
            },
            {
              "reason": "Lack of Efficacy",
              "count": 1
            },
            {
              "reason": "Physician Decision",
              "count": 1
            },
            {
              "reason": "Withdrawal by Subject",
              "count": 1
            },
            {
              "reason": "Fasting plasma glucose level increased",
              "count": 7
            }
          ]
        }
      ],
      "endpoints": [
        {
          "type": "Primary",
          "title": "Change in Hemoglobin A1c (A1C) From Baseline (NGSP Value)",
          "timeFrame": "12 weeks",
          "participants": 75,
          "measurements": [
            {
              "unit": "percent HbA1C",
              "param": "Least Squares Mean",
              "dispersion": "Standard Error",
              "value": 0.11,
              "spread": 0.06
            }
          ]
        },
        {
          "type": "Secondary",
          "title": "Fasting Blood Glucose, Body Weight",
          "timeFrame": "12 weeks",
          "measurements": []
        },
        {
          "type": "Secondary",
          "title": "Safety and Tolerability",
          "timeFrame": "14 weeks",
          "measurements": []
        }
      ]
    }
  ],
  "analysis": []
}