{
  "source": {
    "sourceNumber": "NCT00558571",
    "authors": [
      "Boehringer Ingelheim"
    ],
    "publicationYear": "2014",
    "title": "Safety, Tolerability, Pharmacokinetics and Pharmacodynamics of 4 Weeks Treatment With Three Oral Doses of BI 10773 as Tablets in Female and Male Patients With Type 2 Diabetes",
    "journal": "clintrials.gov",
    "publicationType": "clintrials",
    "firstAuthor": "Boehringer Ingelheim",
    "references": [
      "Safety, Tolerability, Pharmacokinetics and Pharmacodynamics of 4 Weeks Treatment With Three Oral Doses of BI 10773 as Tablets in Female and Male Patients With Type 2 Diabetes. clintrials.gov"
    ]
  },
  "trial": {
    "trial": "1245.4",
    "authorTrial": "Boehringer Ingelheim 2014 (1245.4)",
    "registryName": "NCT00558571",
    "location": [
      "Germany"
    ],
    "sponsor": "Boehringer Ingelheim",
    "trialYear": "2008",
    "trialDesign": "Randomized,Parallel Assignment",
    "trialBlinding": "Double Blind (Subject, Caregiver, Investigator)",
    "primaryDrug": "BI 10773 low dose, BI 10773 medium dose, placebo to BI 10773",
    "trialDuration": "6 Weeks"
  },
  "arms": [
    {
      "arm": "1",
      "label": "Placebo",
      "type": "Placebo Comparator",
      "controlArm": false,
      "baselines": [
        {
          "title": "Number of Participants",
          "unit": "participants",
          "param": "Number",
          "value": 16.0
        },
        {
          "title": "Age",
          "unit": "years",
          "param": "Mean",
          "dispersion": "Standard Deviation",
          "value": 57.7,
          "spread": 10.4
        },
        {
          "title": "Gender",
          "subTitle": "Female",
          "unit": "participants",
          "param": "Number",
          "value": 1.0
        },
        {
          "title": "Gender",
          "subTitle": "Male",
          "unit": "participants",
          "param": "Number",
          "value": 15.0
        }
      ],
      "drugs": [
        {
          "name": "placebo to BI 10773"
        }
      ],
      "participants": [
        {
          "period": "Overall Study",
          "started": 16,
          "completed": 16,
          "notCompleted": 0,
          "incompleteDetails": []
        }
      ],
      "endpoints": [
        {
          "type": "Primary",
          "title": "Number of Subjects With Drug Related Adverse Events",
          "timeFrame": "from drug administration up to 6 weeks",
          "participants": 16,
          "measurements": [
            {
              "unit": "participants",
              "param": "Number",
              "value": 7.0
            }
          ]
        },
        {
          "type": "Primary",
          "title": "Clinical Relevant Abnormalities for Vital Signs, Blood Chemistry, Haematology, Urinanalysis and ECG",
          "timeFrame": "from drug administration up to 6 weeks",
          "participants": 16,
          "measurements": [
            {
              "subTitle": "Lipase increased",
              "unit": "participants",
              "param": "Number",
              "value": 0.0
            },
            {
              "subTitle": "Blood triglycerides increased",
              "unit": "participants",
              "param": "Number",
              "value": 0.0
            },
            {
              "subTitle": "Blood creatine phosphokinase increased",
              "unit": "participants",
              "param": "Number",
              "value": 0.0
            },
            {
              "subTitle": "Ventricular extrasystoles",
              "unit": "participants",
              "param": "Number",
              "value": 0.0
            }
          ]
        },
        {
          "type": "Secondary",
          "title": "Cmax of Empagliflozin",
          "timeFrame": "0:05 before drug administration and 0:15 0:30 0:45 1:00 1:30 2:00 2:30 3:00 4:00 6:00 8:00 10:00 12:00 16:00 24:00 hours(h) after drug administration on day 1 and 28",
          "participants": 16,
          "measurements": [
            {
              "subTitle": "Cmax",
              "unit": "nmol/L",
              "param": "Geometric Mean",
              "dispersion": "Geometric Coefficient of Variation",
              "value": 722.0,
              "spread": 20.0
            },
            {
              "subTitle": "Cmax,ss",
              "unit": "nmol/L",
              "param": "Geometric Mean",
              "dispersion": "Geometric Coefficient of Variation",
              "value": 687.0,
              "spread": 18.4
            }
          ]
        },
        {
          "type": "Secondary",
          "title": "Tmax of Empagliflozin",
          "timeFrame": "0:05 before drug administration and 0:15 0:30 0:45 1:00 1:30 2:00 2:30 3:00 4:00 6:00 8:00 10:00 12:00 16:00 24:00 h after drug administration on day 1 and 28",
          "participants": 16,
          "measurements": [
            {
              "subTitle": "tmax",
              "unit": "hours",
              "param": "Median",
              "dispersion": "Full Range",
              "value": 1.5,
              "spread": 28.7,
              "lowerLimit": 0.75,
              "upperLimit": 2.0
            },
            {
              "subTitle": "tmax,ss",
              "unit": "hours",
              "param": "Median",
              "dispersion": "Full Range",
              "value": 1.5,
              "spread": 14.9,
              "lowerLimit": 0.75,
              "upperLimit": 3.02
            }
          ]
        },
        {
          "type": "Secondary",
          "title": "t1/2 of Empagliflozin",
          "timeFrame": "0:05 before drug administration and 0:15 0:30 0:45 1:00 1:30 2:00 2:30 3:00 4:00 6:00 8:00 10:00 12:00 16:00 24:00 h after drug administration on day 1 and 28",
          "participants": 16,
          "measurements": [
            {
              "subTitle": "t1/2",
              "unit": "hours",
              "param": "Geometric Mean",
              "dispersion": "Geometric Coefficient of Variation",
              "value": 8.16,
              "spread": 14.5
            },
            {
              "subTitle": "t1/2,ss",
              "unit": "hours",
              "param": "Geometric Mean",
              "dispersion": "Geometric Coefficient of Variation",
              "value": 12.7,
              "spread": 32.7
            }
          ]
        },
        {
          "type": "Secondary",
          "title": "AUC0-∞ of Empagliflozin",
          "timeFrame": "0:05 before drug administration and 0:15 0:30 0:45 1:00 1:30 2:00 2:30 3:00 4:00 6:00 8:00 10:00 12:00 16:00 24:00 h after drug administration on day 1",
          "participants": 16,
          "measurements": [
            {
              "subTitle": "AUC0-∞",
              "unit": "nmol*h/L",
              "param": "Geometric Mean",
              "dispersion": "Geometric Coefficient of Variation",
              "value": 4340.0,
              "spread": 23.1
            },
            {
              "subTitle": "AUCτ,ss",
              "unit": "nmol*h/L",
              "param": "Geometric Mean",
              "dispersion": "Geometric Coefficient of Variation",
              "value": 4740.0,
              "spread": 21.2
            }
          ]
        },
        {
          "type": "Secondary",
          "title": "CL/F of Empaglifozin",
          "timeFrame": "0:05 before drug administration and 0:15 0:30 0:45 1:00 1:30 2:00 2:30 3:00 4:00 6:00 8:00 10:00 12:00 16:00 24:00 h after drug administration on day 1 and 28",
          "participants": 16,
          "measurements": [
            {
              "subTitle": "CL/F",
              "unit": "mL/min",
              "param": "Geometric Mean",
              "dispersion": "Geometric Coefficient of Variation",
              "value": 223.0,
              "spread": 21.2
            },
            {
              "subTitle": "CL/F,ss",
              "unit": "mL/min",
              "param": "Geometric Mean",
              "dispersion": "Geometric Coefficient of Variation",
              "value": 203.0,
              "spread": 21.4
            }
          ]
        },
        {
          "type": "Secondary",
          "title": "fe0-24 of Empagliflozin",
          "timeFrame": "0:05 before drug administration and 0:15 0:30 0:45 1:00 1:30 2:00 2:30 3:00 4:00 6:00 8:00 10:00 12:00 16:00 24:00 h after drug administration on day 1 and 28",
          "participants": 16,
          "measurements": [
            {
              "subTitle": "fe0-24 (N=14,16,30)",
              "unit": "percentage of Empagliflozin",
              "param": "Geometric Mean",
              "dispersion": "Geometric Coefficient of Variation",
              "value": 13.3,
              "spread": 24.5
            },
            {
              "subTitle": "fe0-24,ss",
              "unit": "percentage of Empagliflozin",
              "param": "Geometric Mean",
              "dispersion": "Geometric Coefficient of Variation",
              "value": 17.8,
              "spread": 17.8
            }
          ]
        },
        {
          "type": "Secondary",
          "title": "LI (Linearity Index).",
          "timeFrame": "0:05 before drug administration and 0:15 0:30 0:45 1:00 1:30 2:00 2:30 3:00 4:00 6:00 8:00 10:00 12:00 16:00 after drug administration on day 1 and 28",
          "participants": 16,
          "measurements": [
            {
              "unit": "ratio",
              "param": "Geometric Mean",
              "dispersion": "Geometric Coefficient of Variation",
              "value": 1.1,
              "spread": 12.5
            }
          ]
        },
        {
          "type": "Secondary",
          "title": "Ae0-24 of Glucose",
          "timeFrame": "Day -2 and 27: -2 to 0, 0 to 5, 5 to 12 and 12 to 24h; Day -1 and 1: 0 to 5, 5 to 12 and 12 to 24; Day 28: 0 to 5, 5 to 12, 12 to 24, 24 to 36, 36 to 48 and 48 to 72h",
          "participants": 16,
          "measurements": [
            {
              "subTitle": "Ae0-24 on day -2 (N=15,16,15,26)",
              "unit": "mg",
              "param": "Geometric Mean",
              "dispersion": "Geometric Coefficient of Variation",
              "value": 4270.0,
              "spread": 185.0
            },
            {
              "subTitle": "Ae0-24 on day -1 (N=13,15,16,25)",
              "unit": "mg",
              "param": "Geometric Mean",
              "dispersion": "Geometric Coefficient of Variation",
              "value": 6490.0,
              "spread": 136.0
            },
            {
              "subTitle": "Ae0-24 on day 1 (N=15,15,16,29)",
              "unit": "mg",
              "param": "Geometric Mean",
              "dispersion": "Geometric Coefficient of Variation",
              "value": 3970.0,
              "spread": 197.0
            },
            {
              "subTitle": "Ae0-24 on day 27 (N=14,13,14,27)",
              "unit": "mg",
              "param": "Geometric Mean",
              "dispersion": "Geometric Coefficient of Variation",
              "value": 3790.0,
              "spread": 296.0
            },
            {
              "subTitle": "Ae0-24 on day 28 (N=13,13,11,23)",
              "unit": "mg",
              "param": "Geometric Mean",
              "dispersion": "Geometric Coefficient of Variation",
              "value": 6310.0,
              "spread": 230.0
            }
          ]
        },
        {
          "type": "Secondary",
          "title": "Fasting Plasma Glucose (FPG)",
          "timeFrame": "in the morning of days -1 and 28",
          "participants": 16,
          "measurements": [
            {
              "subTitle": "baseline (day -1)",
              "unit": "mg/dL",
              "param": "Mean",
              "dispersion": "Standard Deviation",
              "value": 153.87,
              "spread": 40.53
            },
            {
              "subTitle": "change from baseline to day 28 (N=15, 15, 16, 28)",
              "unit": "mg/dL",
              "param": "Mean",
              "dispersion": "Standard Deviation",
              "value": -4.08,
              "spread": 27.08
            }
          ]
        },
        {
          "type": "Secondary",
          "title": "Mean Daily Glucose (MDG) Measured in Blood",
          "timeFrame": "0:00, 2:30, 5:00, 7:00, 10:00, 12:00, 13:30, 24:00 h after drug administration on day -2. 0:05 h before drug administration and 2:30, 5:00, 7:00, 10:00, 12:00, 13:30, 24:00 h after drug administration on day 1, 7, 14, 21 and 27",
          "participants": 16,
          "measurements": [
            {
              "subTitle": "baseline (day -2)",
              "unit": "mg/dL",
              "param": "Mean",
              "dispersion": "Standard Deviation",
              "value": 152.06,
              "spread": 41.49
            },
            {
              "subTitle": "change from baseline to day 1",
              "unit": "mg/dL",
              "param": "Mean",
              "dispersion": "Standard Deviation",
              "value": 2.13,
              "spread": 18.37
            },
            {
              "subTitle": "change from baseline to day 7",
              "unit": "mg/dL",
              "param": "Mean",
              "dispersion": "Standard Deviation",
              "value": -2.4,
              "spread": 15.78
            },
            {
              "subTitle": "change from baseline to day 14",
              "unit": "mg/dL",
              "param": "Mean",
              "dispersion": "Standard Deviation",
              "value": 2.68,
              "spread": 28.05
            },
            {
              "subTitle": "change from baseline to day 21",
              "unit": "mg/dL",
              "param": "Mean",
              "dispersion": "Standard Deviation",
              "value": -3.41,
              "spread": 30.46
            },
            {
              "subTitle": "change from baseline to day 27",
              "unit": "mg/dL",
              "param": "Mean",
              "dispersion": "Standard Deviation",
              "value": -4.69,
              "spread": 32.01
            }
          ]
        },
        {
          "type": "Secondary",
          "title": "Insulin AUEC0-5",
          "timeFrame": "0:00, 2:30, 5:00, 7:00, 10:00, 12:00 after drug administration on day -1. 0:05 before drug administration and 2:30, 5:00, 7:00, 10:00, 12:00 after drug administration on day 28.",
          "participants": 16,
          "measurements": [
            {
              "subTitle": "baseline (day -1)",
              "unit": "µU*h/mL",
              "param": "Mean",
              "dispersion": "Standard Deviation",
              "value": 108.16,
              "spread": 70.85
            },
            {
              "subTitle": "change from baseline to day 28 (N=16, 16, 16, 29)",
              "unit": "µU*h/mL",
              "param": "Mean",
              "dispersion": "Standard Deviation",
              "value": 24.37,
              "spread": 99.44
            }
          ]
        },
        {
          "type": "Secondary",
          "title": "Insulin Emax (Maximum Measured Effect)",
          "timeFrame": "0:00, 2:30, 5:00, 7:00, 10:00, 12:00 after drug administration on day -1. 0:05 before drug administration and 2:30, 5:00, 7:00, 10:00, 12:00 after drug administration on day 28.",
          "participants": 16,
          "measurements": [
            {
              "subTitle": "baseline (day -1)",
              "unit": "µU/mL",
              "param": "Mean",
              "dispersion": "Standard Deviation",
              "value": 50.78,
              "spread": 28.35
            },
            {
              "subTitle": "change from baseline to day 28 (N=16, 16, 16, 29)",
              "unit": "µU/mL",
              "param": "Mean",
              "dispersion": "Standard Deviation",
              "value": 7.77,
              "spread": 30.73
            }
          ]
        },
        {
          "type": "Secondary",
          "title": "Fasting Insulin",
          "timeFrame": "in the morning of days -1( baseline), 1, 7, 14, 21 and 28",
          "participants": 16,
          "measurements": [
            {
              "subTitle": "baseline (day -1) (N=12,12,14,23)",
              "unit": "µU/mL",
              "param": "Mean",
              "dispersion": "Standard Deviation",
              "value": 10.0,
              "spread": 4.37
            },
            {
              "subTitle": "change from baseline to day 1 (N=11,12,14,22)",
              "unit": "µU/mL",
              "param": "Mean",
              "dispersion": "Standard Deviation",
              "value": -1.08,
              "spread": 2.9
            },
            {
              "subTitle": "change from baseline to day 7 (N=9,10,9,18)",
              "unit": "µU/mL",
              "param": "Mean",
              "dispersion": "Standard Deviation",
              "value": 0.48,
              "spread": 2.56
            },
            {
              "subTitle": "change from baseline to day 14 (N=12,11,14,22)",
              "unit": "µU/mL",
              "param": "Mean",
              "dispersion": "Standard Deviation",
              "value": 2.32,
              "spread": 4.68
            },
            {
              "subTitle": "change from baseline to day 21 (N=10,11,14,21)",
              "unit": "µU/mL",
              "param": "Mean",
              "dispersion": "Standard Deviation",
              "value": 1.84,
              "spread": 4.76
            },
            {
              "subTitle": "change from baseline to day 28 (N=11,11,12,20)",
              "unit": "µU/mL",
              "param": "Mean",
              "dispersion": "Standard Deviation",
              "value": -1.2,
              "spread": 1.74
            }
          ]
        },
        {
          "type": "Secondary",
          "title": "Glucagon Emax (Maximum Measured Effect)",
          "timeFrame": "0:00, 2:30, 5:00, 7:00, 10:00, 12:00, 24:00 h after drug administration on day -1. 0:05 before drug administration and 2:30, 5:00, 7:00, 10:00, 12:00 after drug administration on day 28.",
          "participants": 16,
          "measurements": [
            {
              "subTitle": "baseline (day -1)",
              "unit": "ng/L",
              "param": "Mean",
              "dispersion": "Standard Deviation",
              "value": 80.35,
              "spread": 18.01
            },
            {
              "subTitle": "change from baseline to day 28 (N=14, 14, 16, 28)",
              "unit": "ng/L",
              "param": "Mean",
              "dispersion": "Standard Deviation",
              "value": 12.44,
              "spread": 28.69
            }
          ]
        },
        {
          "type": "Secondary",
          "title": "Glucagon AUEC0-5",
          "timeFrame": "0:00, 2:30, 5:00, 7:00, 10:00, 12:00 after drug administration on day -1. 0:05 before drug administration and 2:30, 5:00, 7:00, 10:00, 12:00 after drug administration on day 28.",
          "participants": 16,
          "measurements": [
            {
              "subTitle": "baseline (day -1)",
              "unit": "ng*h/L",
              "param": "Mean",
              "dispersion": "Standard Deviation",
              "value": 290.66,
              "spread": 74.99
            },
            {
              "subTitle": "change from baseline to day 28 (N=14, 14, 16, 28)",
              "unit": "ng*h/L",
              "param": "Mean",
              "dispersion": "Standard Deviation",
              "value": 9.01,
              "spread": 81.1
            }
          ]
        },
        {
          "type": "Secondary",
          "title": "Fructosamine",
          "timeFrame": "day -1 (baseline), 14 and 28",
          "participants": 16,
          "measurements": [
            {
              "subTitle": "baseline (day -1)",
              "unit": "µmol/L",
              "param": "Mean",
              "dispersion": "Standard Deviation",
              "value": 237.27,
              "spread": 33.97
            },
            {
              "subTitle": "change from baseline to day 14 (N=14, 16, 15, 29)",
              "unit": "µmol/L",
              "param": "Mean",
              "dispersion": "Standard Deviation",
              "value": 19.57,
              "spread": 24.67
            },
            {
              "subTitle": "change from baseline to day 28 (N=14, 15, 16, 28)",
              "unit": "µmol/L",
              "param": "Mean",
              "dispersion": "Standard Deviation",
              "value": -23.57,
              "spread": 28.67
            }
          ]
        },
        {
          "type": "Secondary",
          "title": "HbA1c",
          "timeFrame": "in the morning of days -1 and 28",
          "participants": 16,
          "measurements": [
            {
              "subTitle": "baseline (day -1)",
              "unit": "percentage of hemoglobin",
              "param": "Mean",
              "dispersion": "Standard Deviation",
              "value": 6.89,
              "spread": 0.91
            },
            {
              "subTitle": "change from baseline to day 28 (N=13, 13, 15, 28)",
              "unit": "percentage of hemoglobin",
              "param": "Mean",
              "dispersion": "Standard Deviation",
              "value": -0.18,
              "spread": 0.62
            }
          ]
        }
      ]
    },
    {
      "arm": "2",
      "label": "BI 10773 low dose",
      "type": "Experimental",
      "controlArm": false,
      "baselines": [
        {
          "title": "Number of Participants",
          "unit": "participants",
          "param": "Number",
          "value": 16.0
        },
        {
          "title": "Age",
          "unit": "years",
          "param": "Mean",
          "dispersion": "Standard Deviation",
          "value": 56.8,
          "spread": 8.7
        },
        {
          "title": "Gender",
          "subTitle": "Female",
          "unit": "participants",
          "param": "Number",
          "value": 3.0
        },
        {
          "title": "Gender",
          "subTitle": "Male",
          "unit": "participants",
          "param": "Number",
          "value": 13.0
        }
      ],
      "drugs": [
        {
          "name": "BI 10773 low dose"
        }
      ],
      "participants": [
        {
          "period": "Overall Study",
          "started": 16,
          "completed": 16,
          "notCompleted": 0,
          "incompleteDetails": []
        }
      ],
      "endpoints": [
        {
          "type": "Primary",
          "title": "Number of Subjects With Drug Related Adverse Events",
          "timeFrame": "from drug administration up to 6 weeks",
          "participants": 16,
          "measurements": [
            {
              "unit": "participants",
              "param": "Number",
              "value": 3.0
            }
          ]
        },
        {
          "type": "Primary",
          "title": "Clinical Relevant Abnormalities for Vital Signs, Blood Chemistry, Haematology, Urinanalysis and ECG",
          "timeFrame": "from drug administration up to 6 weeks",
          "participants": 16,
          "measurements": [
            {
              "subTitle": "Lipase increased",
              "unit": "participants",
              "param": "Number",
              "value": 0.0
            },
            {
              "subTitle": "Blood triglycerides increased",
              "unit": "participants",
              "param": "Number",
              "value": 1.0
            },
            {
              "subTitle": "Blood creatine phosphokinase increased",
              "unit": "participants",
              "param": "Number",
              "value": 0.0
            },
            {
              "subTitle": "Ventricular extrasystoles",
              "unit": "participants",
              "param": "Number",
              "value": 1.0
            }
          ]
        },
        {
          "type": "Secondary",
          "title": "Cmax of Empagliflozin",
          "timeFrame": "0:05 before drug administration and 0:15 0:30 0:45 1:00 1:30 2:00 2:30 3:00 4:00 6:00 8:00 10:00 12:00 16:00 24:00 hours(h) after drug administration on day 1 and 28",
          "participants": 16,
          "measurements": [
            {
              "subTitle": "Cmax",
              "unit": "nmol/L",
              "param": "Geometric Mean",
              "dispersion": "Geometric Coefficient of Variation",
              "value": 309.0,
              "spread": 45.2
            },
            {
              "subTitle": "Cmax,ss",
              "unit": "nmol/L",
              "param": "Geometric Mean",
              "dispersion": "Geometric Coefficient of Variation",
              "value": 259.0,
              "spread": 24.8
            }
          ]
        },
        {
          "type": "Secondary",
          "title": "Tmax of Empagliflozin",
          "timeFrame": "0:05 before drug administration and 0:15 0:30 0:45 1:00 1:30 2:00 2:30 3:00 4:00 6:00 8:00 10:00 12:00 16:00 24:00 h after drug administration on day 1 and 28",
          "participants": 16,
          "measurements": [
            {
              "subTitle": "tmax",
              "unit": "hours",
              "param": "Median",
              "dispersion": "Full Range",
              "value": 1.5,
              "spread": 29.8,
              "lowerLimit": 1.0,
              "upperLimit": 2.5
            },
            {
              "subTitle": "tmax,ss",
              "unit": "hours",
              "param": "Median",
              "dispersion": "Full Range",
              "value": 1.5,
              "spread": 13.0,
              "lowerLimit": 0.98,
              "upperLimit": 4.0
            }
          ]
        },
        {
          "type": "Secondary",
          "title": "t1/2 of Empagliflozin",
          "timeFrame": "0:05 before drug administration and 0:15 0:30 0:45 1:00 1:30 2:00 2:30 3:00 4:00 6:00 8:00 10:00 12:00 16:00 24:00 h after drug administration on day 1 and 28",
          "participants": 16,
          "measurements": [
            {
              "subTitle": "t1/2",
              "unit": "hours",
              "param": "Geometric Mean",
              "dispersion": "Geometric Coefficient of Variation",
              "value": 8.69,
              "spread": 12.9
            },
            {
              "subTitle": "t1/2,ss",
              "unit": "hours",
              "param": "Geometric Mean",
              "dispersion": "Geometric Coefficient of Variation",
              "value": 12.2,
              "spread": 41.4
            }
          ]
        },
        {
          "type": "Secondary",
          "title": "AUC0-∞ of Empagliflozin",
          "timeFrame": "0:05 before drug administration and 0:15 0:30 0:45 1:00 1:30 2:00 2:30 3:00 4:00 6:00 8:00 10:00 12:00 16:00 24:00 h after drug administration on day 1",
          "participants": 16,
          "measurements": [
            {
              "subTitle": "AUC0-∞",
              "unit": "nmol*h/L",
              "param": "Geometric Mean",
              "dispersion": "Geometric Coefficient of Variation",
              "value": 1740.0,
              "spread": 16.4
            },
            {
              "subTitle": "AUCτ,ss",
              "unit": "nmol*h/L",
              "param": "Geometric Mean",
              "dispersion": "Geometric Coefficient of Variation",
              "value": 1870.0,
              "spread": 15.9
            }
          ]
        },
        {
          "type": "Secondary",
          "title": "CL/F of Empaglifozin",
          "timeFrame": "0:05 before drug administration and 0:15 0:30 0:45 1:00 1:30 2:00 2:30 3:00 4:00 6:00 8:00 10:00 12:00 16:00 24:00 h after drug administration on day 1 and 28",
          "participants": 16,
          "measurements": [
            {
              "subTitle": "CL/F",
              "unit": "mL/min",
              "param": "Geometric Mean",
              "dispersion": "Geometric Coefficient of Variation",
              "value": 218.0,
              "spread": 15.3
            },
            {
              "subTitle": "CL/F,ss",
              "unit": "mL/min",
              "param": "Geometric Mean",
              "dispersion": "Geometric Coefficient of Variation",
              "value": 202.0,
              "spread": 15.9
            }
          ]
        },
        {
          "type": "Secondary",
          "title": "fe0-24 of Empagliflozin",
          "timeFrame": "0:05 before drug administration and 0:15 0:30 0:45 1:00 1:30 2:00 2:30 3:00 4:00 6:00 8:00 10:00 12:00 16:00 24:00 h after drug administration on day 1 and 28",
          "participants": 15,
          "measurements": [
            {
              "subTitle": "fe0-24 (N=14,16,30)",
              "unit": "percentage of Empagliflozin",
              "param": "Geometric Mean",
              "dispersion": "Geometric Coefficient of Variation",
              "value": 12.5,
              "spread": 24.0
            },
            {
              "subTitle": "fe0-24,ss",
              "unit": "percentage of Empagliflozin",
              "param": "Geometric Mean",
              "dispersion": "Geometric Coefficient of Variation",
              "value": 18.3,
              "spread": 25.0
            }
          ]
        },
        {
          "type": "Secondary",
          "title": "LI (Linearity Index).",
          "timeFrame": "0:05 before drug administration and 0:15 0:30 0:45 1:00 1:30 2:00 2:30 3:00 4:00 6:00 8:00 10:00 12:00 16:00 after drug administration on day 1 and 28",
          "participants": 16,
          "measurements": [
            {
              "unit": "ratio",
              "param": "Geometric Mean",
              "dispersion": "Geometric Coefficient of Variation",
              "value": 1.09,
              "spread": 11.1
            }
          ]
        },
        {
          "type": "Secondary",
          "title": "Ae0-24 of Glucose",
          "timeFrame": "Day -2 and 27: -2 to 0, 0 to 5, 5 to 12 and 12 to 24h; Day -1 and 1: 0 to 5, 5 to 12 and 12 to 24; Day 28: 0 to 5, 5 to 12, 12 to 24, 24 to 36, 36 to 48 and 48 to 72h",
          "participants": 16,
          "measurements": [
            {
              "subTitle": "Ae0-24 on day -2 (N=15,16,15,26)",
              "unit": "mg",
              "param": "Geometric Mean",
              "dispersion": "Geometric Coefficient of Variation",
              "value": 7760.0,
              "spread": 161.0
            },
            {
              "subTitle": "Ae0-24 on day -1 (N=13,15,16,25)",
              "unit": "mg",
              "param": "Geometric Mean",
              "dispersion": "Geometric Coefficient of Variation",
              "value": 8450.0,
              "spread": 114.0
            },
            {
              "subTitle": "Ae0-24 on day 1 (N=15,15,16,29)",
              "unit": "mg",
              "param": "Geometric Mean",
              "dispersion": "Geometric Coefficient of Variation",
              "value": 81500.0,
              "spread": 35.7
            },
            {
              "subTitle": "Ae0-24 on day 27 (N=14,13,14,27)",
              "unit": "mg",
              "param": "Geometric Mean",
              "dispersion": "Geometric Coefficient of Variation",
              "value": 78000.0,
              "spread": 44.1
            },
            {
              "subTitle": "Ae0-24 on day 28 (N=13,13,11,23)",
              "unit": "mg",
              "param": "Geometric Mean",
              "dispersion": "Geometric Coefficient of Variation",
              "value": 75400.0,
              "spread": 44.6
            }
          ]
        },
        {
          "type": "Secondary",
          "title": "Fasting Plasma Glucose (FPG)",
          "timeFrame": "in the morning of days -1 and 28",
          "participants": 16,
          "measurements": [
            {
              "subTitle": "baseline (day -1)",
              "unit": "mg/dL",
              "param": "Mean",
              "dispersion": "Standard Deviation",
              "value": 186.18,
              "spread": 92.96
            },
            {
              "subTitle": "change from baseline to day 28 (N=15, 15, 16, 28)",
              "unit": "mg/dL",
              "param": "Mean",
              "dispersion": "Standard Deviation",
              "value": -43.7,
              "spread": 81.81
            }
          ]
        },
        {
          "type": "Secondary",
          "title": "Mean Daily Glucose (MDG) Measured in Blood",
          "timeFrame": "0:00, 2:30, 5:00, 7:00, 10:00, 12:00, 13:30, 24:00 h after drug administration on day -2. 0:05 h before drug administration and 2:30, 5:00, 7:00, 10:00, 12:00, 13:30, 24:00 h after drug administration on day 1, 7, 14, 21 and 27",
          "participants": 16,
          "measurements": [
            {
              "subTitle": "baseline (day -2)",
              "unit": "mg/dL",
              "param": "Mean",
              "dispersion": "Standard Deviation",
              "value": 164.83,
              "spread": 43.18
            },
            {
              "subTitle": "change from baseline to day 1",
              "unit": "mg/dL",
              "param": "Mean",
              "dispersion": "Standard Deviation",
              "value": -14.69,
              "spread": 15.81
            },
            {
              "subTitle": "change from baseline to day 7",
              "unit": "mg/dL",
              "param": "Mean",
              "dispersion": "Standard Deviation",
              "value": -25.45,
              "spread": 23.2
            },
            {
              "subTitle": "change from baseline to day 14",
              "unit": "mg/dL",
              "param": "Mean",
              "dispersion": "Standard Deviation",
              "value": -26.97,
              "spread": 27.9
            },
            {
              "subTitle": "change from baseline to day 21",
              "unit": "mg/dL",
              "param": "Mean",
              "dispersion": "Standard Deviation",
              "value": -26.47,
              "spread": 31.71
            },
            {
              "subTitle": "change from baseline to day 27",
              "unit": "mg/dL",
              "param": "Mean",
              "dispersion": "Standard Deviation",
              "value": -19.57,
              "spread": 28.0
            }
          ]
        },
        {
          "type": "Secondary",
          "title": "Insulin AUEC0-5",
          "timeFrame": "0:00, 2:30, 5:00, 7:00, 10:00, 12:00 after drug administration on day -1. 0:05 before drug administration and 2:30, 5:00, 7:00, 10:00, 12:00 after drug administration on day 28.",
          "participants": 16,
          "measurements": [
            {
              "subTitle": "baseline (day -1)",
              "unit": "µU*h/mL",
              "param": "Mean",
              "dispersion": "Standard Deviation",
              "value": 117.34,
              "spread": 54.36
            },
            {
              "subTitle": "change from baseline to day 28 (N=16, 16, 16, 29)",
              "unit": "µU*h/mL",
              "param": "Mean",
              "dispersion": "Standard Deviation",
              "value": 3.24,
              "spread": 91.07
            }
          ]
        },
        {
          "type": "Secondary",
          "title": "Insulin Emax (Maximum Measured Effect)",
          "timeFrame": "0:00, 2:30, 5:00, 7:00, 10:00, 12:00 after drug administration on day -1. 0:05 before drug administration and 2:30, 5:00, 7:00, 10:00, 12:00 after drug administration on day 28.",
          "participants": 16,
          "measurements": [
            {
              "subTitle": "baseline (day -1)",
              "unit": "µU/mL",
              "param": "Mean",
              "dispersion": "Standard Deviation",
              "value": 48.09,
              "spread": 23.38
            },
            {
              "subTitle": "change from baseline to day 28 (N=16, 16, 16, 29)",
              "unit": "µU/mL",
              "param": "Mean",
              "dispersion": "Standard Deviation",
              "value": 0.55,
              "spread": 36.94
            }
          ]
        },
        {
          "type": "Secondary",
          "title": "Fasting Insulin",
          "timeFrame": "in the morning of days -1( baseline), 1, 7, 14, 21 and 28",
          "participants": 16,
          "measurements": [
            {
              "subTitle": "baseline (day -1) (N=12,12,14,23)",
              "unit": "µU/mL",
              "param": "Mean",
              "dispersion": "Standard Deviation",
              "value": 11.43,
              "spread": 6.23
            },
            {
              "subTitle": "change from baseline to day 1 (N=11,12,14,22)",
              "unit": "µU/mL",
              "param": "Mean",
              "dispersion": "Standard Deviation",
              "value": -1.56,
              "spread": 3.97
            },
            {
              "subTitle": "change from baseline to day 7 (N=9,10,9,18)",
              "unit": "µU/mL",
              "param": "Mean",
              "dispersion": "Standard Deviation",
              "value": -2.49,
              "spread": 6.01
            },
            {
              "subTitle": "change from baseline to day 14 (N=12,11,14,22)",
              "unit": "µU/mL",
              "param": "Mean",
              "dispersion": "Standard Deviation",
              "value": -1.16,
              "spread": 4.58
            },
            {
              "subTitle": "change from baseline to day 21 (N=10,11,14,21)",
              "unit": "µU/mL",
              "param": "Mean",
              "dispersion": "Standard Deviation",
              "value": -0.17,
              "spread": 6.35
            },
            {
              "subTitle": "change from baseline to day 28 (N=11,11,12,20)",
              "unit": "µU/mL",
              "param": "Mean",
              "dispersion": "Standard Deviation",
              "value": -2.89,
              "spread": 4.68
            }
          ]
        },
        {
          "type": "Secondary",
          "title": "Glucagon Emax (Maximum Measured Effect)",
          "timeFrame": "0:00, 2:30, 5:00, 7:00, 10:00, 12:00, 24:00 h after drug administration on day -1. 0:05 before drug administration and 2:30, 5:00, 7:00, 10:00, 12:00 after drug administration on day 28.",
          "participants": 16,
          "measurements": [
            {
              "subTitle": "baseline (day -1)",
              "unit": "ng/L",
              "param": "Mean",
              "dispersion": "Standard Deviation",
              "value": 90.58,
              "spread": 19.63
            },
            {
              "subTitle": "change from baseline to day 28 (N=14, 14, 16, 28)",
              "unit": "ng/L",
              "param": "Mean",
              "dispersion": "Standard Deviation",
              "value": 13.69,
              "spread": 23.96
            }
          ]
        },
        {
          "type": "Secondary",
          "title": "Glucagon AUEC0-5",
          "timeFrame": "0:00, 2:30, 5:00, 7:00, 10:00, 12:00 after drug administration on day -1. 0:05 before drug administration and 2:30, 5:00, 7:00, 10:00, 12:00 after drug administration on day 28.",
          "participants": 16,
          "measurements": [
            {
              "subTitle": "baseline (day -1)",
              "unit": "ng*h/L",
              "param": "Mean",
              "dispersion": "Standard Deviation",
              "value": 310.76,
              "spread": 72.1
            },
            {
              "subTitle": "change from baseline to day 28 (N=14, 14, 16, 28)",
              "unit": "ng*h/L",
              "param": "Mean",
              "dispersion": "Standard Deviation",
              "value": 59.69,
              "spread": 89.52
            }
          ]
        },
        {
          "type": "Secondary",
          "title": "Fructosamine",
          "timeFrame": "day -1 (baseline), 14 and 28",
          "participants": 16,
          "measurements": [
            {
              "subTitle": "baseline (day -1)",
              "unit": "µmol/L",
              "param": "Mean",
              "dispersion": "Standard Deviation",
              "value": 251.88,
              "spread": 39.19
            },
            {
              "subTitle": "change from baseline to day 14 (N=14, 16, 15, 29)",
              "unit": "µmol/L",
              "param": "Mean",
              "dispersion": "Standard Deviation",
              "value": 24.75,
              "spread": 21.55
            },
            {
              "subTitle": "change from baseline to day 28 (N=14, 15, 16, 28)",
              "unit": "µmol/L",
              "param": "Mean",
              "dispersion": "Standard Deviation",
              "value": -24.33,
              "spread": 29.98
            }
          ]
        },
        {
          "type": "Secondary",
          "title": "HbA1c",
          "timeFrame": "in the morning of days -1 and 28",
          "participants": 15,
          "measurements": [
            {
              "subTitle": "baseline (day -1)",
              "unit": "percentage of hemoglobin",
              "param": "Mean",
              "dispersion": "Standard Deviation",
              "value": 7.15,
              "spread": 0.67
            },
            {
              "subTitle": "change from baseline to day 28 (N=13, 13, 15, 28)",
              "unit": "percentage of hemoglobin",
              "param": "Mean",
              "dispersion": "Standard Deviation",
              "value": -0.27,
              "spread": 0.36
            }
          ]
        }
      ]
    },
    {
      "arm": "3",
      "label": "BI 10773 medium dose",
      "type": "Experimental",
      "controlArm": false,
      "baselines": [
        {
          "title": "Number of Participants",
          "unit": "participants",
          "param": "Number",
          "value": 16.0
        },
        {
          "title": "Age",
          "unit": "years",
          "param": "Mean",
          "dispersion": "Standard Deviation",
          "value": 56.1,
          "spread": 8.5
        },
        {
          "title": "Gender",
          "subTitle": "Female",
          "unit": "participants",
          "param": "Number",
          "value": 4.0
        },
        {
          "title": "Gender",
          "subTitle": "Male",
          "unit": "participants",
          "param": "Number",
          "value": 12.0
        }
      ],
      "drugs": [
        {
          "name": "BI 10773 medium dose"
        }
      ],
      "participants": [
        {
          "period": "Overall Study",
          "started": 16,
          "completed": 16,
          "notCompleted": 0,
          "incompleteDetails": []
        }
      ],
      "endpoints": [
        {
          "type": "Primary",
          "title": "Number of Subjects With Drug Related Adverse Events",
          "timeFrame": "from drug administration up to 6 weeks",
          "participants": 16,
          "measurements": [
            {
              "unit": "participants",
              "param": "Number",
              "value": 4.0
            }
          ]
        },
        {
          "type": "Primary",
          "title": "Clinical Relevant Abnormalities for Vital Signs, Blood Chemistry, Haematology, Urinanalysis and ECG",
          "timeFrame": "from drug administration up to 6 weeks",
          "participants": 16,
          "measurements": [
            {
              "subTitle": "Lipase increased",
              "unit": "participants",
              "param": "Number",
              "value": 1.0
            },
            {
              "subTitle": "Blood triglycerides increased",
              "unit": "participants",
              "param": "Number",
              "value": 0.0
            },
            {
              "subTitle": "Blood creatine phosphokinase increased",
              "unit": "participants",
              "param": "Number",
              "value": 0.0
            },
            {
              "subTitle": "Ventricular extrasystoles",
              "unit": "participants",
              "param": "Number",
              "value": 0.0
            }
          ]
        },
        {
          "type": "Secondary",
          "title": "Cmax of Empagliflozin",
          "timeFrame": "0:05 before drug administration and 0:15 0:30 0:45 1:00 1:30 2:00 2:30 3:00 4:00 6:00 8:00 10:00 12:00 16:00 24:00 hours(h) after drug administration on day 1 and 28",
          "participants": 30,
          "measurements": [
            {
              "subTitle": "Cmax",
              "unit": "nmol/L",
              "param": "Geometric Mean",
              "dispersion": "Geometric Coefficient of Variation",
              "value": 2630.0,
              "spread": 25.8
            },
            {
              "subTitle": "Cmax,ss",
              "unit": "nmol/L",
              "param": "Geometric Mean",
              "dispersion": "Geometric Coefficient of Variation",
              "value": 2390.0,
              "spread": 28.1
            }
          ]
        },
        {
          "type": "Secondary",
          "title": "Tmax of Empagliflozin",
          "timeFrame": "0:05 before drug administration and 0:15 0:30 0:45 1:00 1:30 2:00 2:30 3:00 4:00 6:00 8:00 10:00 12:00 16:00 24:00 h after drug administration on day 1 and 28",
          "participants": 30,
          "measurements": [
            {
              "subTitle": "tmax",
              "unit": "hours",
              "param": "Median",
              "dispersion": "Full Range",
              "value": 1.5,
              "spread": 30.9,
              "lowerLimit": 0.75,
              "upperLimit": 3.0
            },
            {
              "subTitle": "tmax,ss",
              "unit": "hours",
              "param": "Median",
              "dispersion": "Full Range",
              "value": 1.5,
              "spread": 18.7,
              "lowerLimit": 0.75,
              "upperLimit": 6.0
            }
          ]
        },
        {
          "type": "Secondary",
          "title": "t1/2 of Empagliflozin",
          "timeFrame": "0:05 before drug administration and 0:15 0:30 0:45 1:00 1:30 2:00 2:30 3:00 4:00 6:00 8:00 10:00 12:00 16:00 24:00 h after drug administration on day 1 and 28",
          "participants": 30,
          "measurements": [
            {
              "subTitle": "t1/2",
              "unit": "hours",
              "param": "Geometric Mean",
              "dispersion": "Geometric Coefficient of Variation",
              "value": 8.53,
              "spread": 18.5
            },
            {
              "subTitle": "t1/2,ss",
              "unit": "hours",
              "param": "Geometric Mean",
              "dispersion": "Geometric Coefficient of Variation",
              "value": 15.0,
              "spread": 44.3
            }
          ]
        },
        {
          "type": "Secondary",
          "title": "AUC0-∞ of Empagliflozin",
          "timeFrame": "0:05 before drug administration and 0:15 0:30 0:45 1:00 1:30 2:00 2:30 3:00 4:00 6:00 8:00 10:00 12:00 16:00 24:00 h after drug administration on day 1",
          "participants": 30,
          "measurements": [
            {
              "subTitle": "AUC0-∞",
              "unit": "nmol*h/L",
              "param": "Geometric Mean",
              "dispersion": "Geometric Coefficient of Variation",
              "value": 18000.0,
              "spread": 24.3
            },
            {
              "subTitle": "AUCτ,ss",
              "unit": "nmol*h/L",
              "param": "Geometric Mean",
              "dispersion": "Geometric Coefficient of Variation",
              "value": 18700.0,
              "spread": 25.2
            }
          ]
        },
        {
          "type": "Secondary",
          "title": "CL/F of Empaglifozin",
          "timeFrame": "0:05 before drug administration and 0:15 0:30 0:45 1:00 1:30 2:00 2:30 3:00 4:00 6:00 8:00 10:00 12:00 16:00 24:00 h after drug administration on day 1 and 28",
          "participants": 30,
          "measurements": [
            {
              "subTitle": "CL/F",
              "unit": "mL/min",
              "param": "Geometric Mean",
              "dispersion": "Geometric Coefficient of Variation",
              "value": 215.0,
              "spread": 20.8
            },
            {
              "subTitle": "CL/F,ss",
              "unit": "mL/min",
              "param": "Geometric Mean",
              "dispersion": "Geometric Coefficient of Variation",
              "value": 208.0,
              "spread": 22.0
            }
          ]
        },
        {
          "type": "Secondary",
          "title": "fe0-24 of Empagliflozin",
          "timeFrame": "0:05 before drug administration and 0:15 0:30 0:45 1:00 1:30 2:00 2:30 3:00 4:00 6:00 8:00 10:00 12:00 16:00 24:00 h after drug administration on day 1 and 28",
          "participants": 30,
          "measurements": [
            {
              "subTitle": "fe0-24 (N=14,16,30)",
              "unit": "percentage of Empagliflozin",
              "param": "Geometric Mean",
              "dispersion": "Geometric Coefficient of Variation",
              "value": 13.7,
              "spread": 34.1
            },
            {
              "subTitle": "fe0-24,ss",
              "unit": "percentage of Empagliflozin",
              "param": "Geometric Mean",
              "dispersion": "Geometric Coefficient of Variation",
              "value": 17.5,
              "spread": 28.3
            }
          ]
        },
        {
          "type": "Secondary",
          "title": "LI (Linearity Index).",
          "timeFrame": "0:05 before drug administration and 0:15 0:30 0:45 1:00 1:30 2:00 2:30 3:00 4:00 6:00 8:00 10:00 12:00 16:00 after drug administration on day 1 and 28",
          "participants": 30,
          "measurements": [
            {
              "unit": "ratio",
              "param": "Geometric Mean",
              "dispersion": "Geometric Coefficient of Variation",
              "value": 1.04,
              "spread": 9.21
            }
          ]
        },
        {
          "type": "Secondary",
          "title": "Ae0-24 of Glucose",
          "timeFrame": "Day -2 and 27: -2 to 0, 0 to 5, 5 to 12 and 12 to 24h; Day -1 and 1: 0 to 5, 5 to 12 and 12 to 24; Day 28: 0 to 5, 5 to 12, 12 to 24, 24 to 36, 36 to 48 and 48 to 72h",
          "participants": 16,
          "measurements": [
            {
              "subTitle": "Ae0-24 on day -2 (N=15,16,15,26)",
              "unit": "mg",
              "param": "Geometric Mean",
              "dispersion": "Geometric Coefficient of Variation",
              "value": 5340.0,
              "spread": 123.0
            },
            {
              "subTitle": "Ae0-24 on day -1 (N=13,15,16,25)",
              "unit": "mg",
              "param": "Geometric Mean",
              "dispersion": "Geometric Coefficient of Variation",
              "value": 8150.0,
              "spread": 91.0
            },
            {
              "subTitle": "Ae0-24 on day 1 (N=15,15,16,29)",
              "unit": "mg",
              "param": "Geometric Mean",
              "dispersion": "Geometric Coefficient of Variation",
              "value": 95700.0,
              "spread": 30.4
            },
            {
              "subTitle": "Ae0-24 on day 27 (N=14,13,14,27)",
              "unit": "mg",
              "param": "Geometric Mean",
              "dispersion": "Geometric Coefficient of Variation",
              "value": 82900.0,
              "spread": 32.9
            },
            {
              "subTitle": "Ae0-24 on day 28 (N=13,13,11,23)",
              "unit": "mg",
              "param": "Geometric Mean",
              "dispersion": "Geometric Coefficient of Variation",
              "value": 83400.0,
              "spread": 26.4
            }
          ]
        },
        {
          "type": "Secondary",
          "title": "Fasting Plasma Glucose (FPG)",
          "timeFrame": "in the morning of days -1 and 28",
          "participants": 16,
          "measurements": [
            {
              "subTitle": "baseline (day -1)",
              "unit": "mg/dL",
              "param": "Mean",
              "dispersion": "Standard Deviation",
              "value": 167.49,
              "spread": 39.61
            },
            {
              "subTitle": "change from baseline to day 28 (N=15, 15, 16, 28)",
              "unit": "mg/dL",
              "param": "Mean",
              "dispersion": "Standard Deviation",
              "value": -34.22,
              "spread": 26.44
            }
          ]
        },
        {
          "type": "Secondary",
          "title": "Mean Daily Glucose (MDG) Measured in Blood",
          "timeFrame": "0:00, 2:30, 5:00, 7:00, 10:00, 12:00, 13:30, 24:00 h after drug administration on day -2. 0:05 h before drug administration and 2:30, 5:00, 7:00, 10:00, 12:00, 13:30, 24:00 h after drug administration on day 1, 7, 14, 21 and 27",
          "participants": 16,
          "measurements": [
            {
              "subTitle": "baseline (day -2)",
              "unit": "mg/dL",
              "param": "Mean",
              "dispersion": "Standard Deviation",
              "value": 166.26,
              "spread": 35.86
            },
            {
              "subTitle": "change from baseline to day 1",
              "unit": "mg/dL",
              "param": "Mean",
              "dispersion": "Standard Deviation",
              "value": -23.51,
              "spread": 17.26
            },
            {
              "subTitle": "change from baseline to day 7",
              "unit": "mg/dL",
              "param": "Mean",
              "dispersion": "Standard Deviation",
              "value": -28.58,
              "spread": 17.6
            },
            {
              "subTitle": "change from baseline to day 14",
              "unit": "mg/dL",
              "param": "Mean",
              "dispersion": "Standard Deviation",
              "value": -20.43,
              "spread": 24.69
            },
            {
              "subTitle": "change from baseline to day 21",
              "unit": "mg/dL",
              "param": "Mean",
              "dispersion": "Standard Deviation",
              "value": -19.68,
              "spread": 24.94
            },
            {
              "subTitle": "change from baseline to day 27",
              "unit": "mg/dL",
              "param": "Mean",
              "dispersion": "Standard Deviation",
              "value": -26.37,
              "spread": 18.74
            }
          ]
        },
        {
          "type": "Secondary",
          "title": "Insulin AUEC0-5",
          "timeFrame": "0:00, 2:30, 5:00, 7:00, 10:00, 12:00 after drug administration on day -1. 0:05 before drug administration and 2:30, 5:00, 7:00, 10:00, 12:00 after drug administration on day 28.",
          "participants": 16,
          "measurements": [
            {
              "subTitle": "baseline (day -1)",
              "unit": "µU*h/mL",
              "param": "Mean",
              "dispersion": "Standard Deviation",
              "value": 102.44,
              "spread": 65.8
            },
            {
              "subTitle": "change from baseline to day 28 (N=16, 16, 16, 29)",
              "unit": "µU*h/mL",
              "param": "Mean",
              "dispersion": "Standard Deviation",
              "value": 3.8,
              "spread": 73.66
            }
          ]
        },
        {
          "type": "Secondary",
          "title": "Insulin Emax (Maximum Measured Effect)",
          "timeFrame": "0:00, 2:30, 5:00, 7:00, 10:00, 12:00 after drug administration on day -1. 0:05 before drug administration and 2:30, 5:00, 7:00, 10:00, 12:00 after drug administration on day 28.",
          "participants": 16,
          "measurements": [
            {
              "subTitle": "baseline (day -1)",
              "unit": "µU/mL",
              "param": "Mean",
              "dispersion": "Standard Deviation",
              "value": 46.13,
              "spread": 24.7
            },
            {
              "subTitle": "change from baseline to day 28 (N=16, 16, 16, 29)",
              "unit": "µU/mL",
              "param": "Mean",
              "dispersion": "Standard Deviation",
              "value": -0.46,
              "spread": 28.46
            }
          ]
        },
        {
          "type": "Secondary",
          "title": "Fasting Insulin",
          "timeFrame": "in the morning of days -1( baseline), 1, 7, 14, 21 and 28",
          "participants": 16,
          "measurements": [
            {
              "subTitle": "baseline (day -1) (N=12,12,14,23)",
              "unit": "µU/mL",
              "param": "Mean",
              "dispersion": "Standard Deviation",
              "value": 8.74,
              "spread": 4.13
            },
            {
              "subTitle": "change from baseline to day 1 (N=11,12,14,22)",
              "unit": "µU/mL",
              "param": "Mean",
              "dispersion": "Standard Deviation",
              "value": -1.1,
              "spread": 2.29
            },
            {
              "subTitle": "change from baseline to day 7 (N=9,10,9,18)",
              "unit": "µU/mL",
              "param": "Mean",
              "dispersion": "Standard Deviation",
              "value": -1.0,
              "spread": 3.36
            },
            {
              "subTitle": "change from baseline to day 14 (N=12,11,14,22)",
              "unit": "µU/mL",
              "param": "Mean",
              "dispersion": "Standard Deviation",
              "value": 0.18,
              "spread": 2.74
            },
            {
              "subTitle": "change from baseline to day 21 (N=10,11,14,21)",
              "unit": "µU/mL",
              "param": "Mean",
              "dispersion": "Standard Deviation",
              "value": -1.21,
              "spread": 2.85
            },
            {
              "subTitle": "change from baseline to day 28 (N=11,11,12,20)",
              "unit": "µU/mL",
              "param": "Mean",
              "dispersion": "Standard Deviation",
              "value": -1.73,
              "spread": 3.64
            }
          ]
        },
        {
          "type": "Secondary",
          "title": "Glucagon Emax (Maximum Measured Effect)",
          "timeFrame": "0:00, 2:30, 5:00, 7:00, 10:00, 12:00, 24:00 h after drug administration on day -1. 0:05 before drug administration and 2:30, 5:00, 7:00, 10:00, 12:00 after drug administration on day 28.",
          "participants": 16,
          "measurements": [
            {
              "subTitle": "baseline (day -1)",
              "unit": "ng/L",
              "param": "Mean",
              "dispersion": "Standard Deviation",
              "value": 82.75,
              "spread": 17.79
            },
            {
              "subTitle": "change from baseline to day 28 (N=14, 14, 16, 28)",
              "unit": "ng/L",
              "param": "Mean",
              "dispersion": "Standard Deviation",
              "value": 7.84,
              "spread": 16.66
            }
          ]
        },
        {
          "type": "Secondary",
          "title": "Glucagon AUEC0-5",
          "timeFrame": "0:00, 2:30, 5:00, 7:00, 10:00, 12:00 after drug administration on day -1. 0:05 before drug administration and 2:30, 5:00, 7:00, 10:00, 12:00 after drug administration on day 28.",
          "participants": 16,
          "measurements": [
            {
              "subTitle": "baseline (day -1)",
              "unit": "ng*h/L",
              "param": "Mean",
              "dispersion": "Standard Deviation",
              "value": 291.09,
              "spread": 104.11
            },
            {
              "subTitle": "change from baseline to day 28 (N=14, 14, 16, 28)",
              "unit": "ng*h/L",
              "param": "Mean",
              "dispersion": "Standard Deviation",
              "value": 33.6,
              "spread": 73.09
            }
          ]
        },
        {
          "type": "Secondary",
          "title": "Fructosamine",
          "timeFrame": "day -1 (baseline), 14 and 28",
          "participants": 16,
          "measurements": [
            {
              "subTitle": "baseline (day -1)",
              "unit": "µmol/L",
              "param": "Mean",
              "dispersion": "Standard Deviation",
              "value": 257.88,
              "spread": 53.64
            },
            {
              "subTitle": "change from baseline to day 14 (N=14, 16, 15, 29)",
              "unit": "µmol/L",
              "param": "Mean",
              "dispersion": "Standard Deviation",
              "value": 13.07,
              "spread": 20.83
            },
            {
              "subTitle": "change from baseline to day 28 (N=14, 15, 16, 28)",
              "unit": "µmol/L",
              "param": "Mean",
              "dispersion": "Standard Deviation",
              "value": -22.06,
              "spread": 32.89
            }
          ]
        },
        {
          "type": "Secondary",
          "title": "HbA1c",
          "timeFrame": "in the morning of days -1 and 28",
          "participants": 16,
          "measurements": [
            {
              "subTitle": "baseline (day -1)",
              "unit": "percentage of hemoglobin",
              "param": "Mean",
              "dispersion": "Standard Deviation",
              "value": 7.45,
              "spread": 0.8
            },
            {
              "subTitle": "change from baseline to day 28 (N=13, 13, 15, 28)",
              "unit": "percentage of hemoglobin",
              "param": "Mean",
              "dispersion": "Standard Deviation",
              "value": -0.22,
              "spread": 0.32
            }
          ]
        }
      ]
    },
    {
      "arm": "4",
      "label": "BI 10773 high dose",
      "type": "Experimental",
      "controlArm": true,
      "baselines": [
        {
          "title": "Number of Participants",
          "unit": "participants",
          "param": "Number",
          "value": 30.0
        },
        {
          "title": "Age",
          "unit": "years",
          "param": "Mean",
          "dispersion": "Standard Deviation",
          "value": 56.5,
          "spread": 8.2
        },
        {
          "title": "Gender",
          "subTitle": "Female",
          "unit": "participants",
          "param": "Number",
          "value": 3.0
        },
        {
          "title": "Gender",
          "subTitle": "Male",
          "unit": "participants",
          "param": "Number",
          "value": 27.0
        }
      ],
      "drugs": [
        {
          "name": "BI 10773 high dose"
        }
      ],
      "participants": [
        {
          "period": "Overall Study",
          "started": 30,
          "completed": 30,
          "notCompleted": 0,
          "incompleteDetails": []
        }
      ],
      "endpoints": [
        {
          "type": "Primary",
          "title": "Number of Subjects With Drug Related Adverse Events",
          "timeFrame": "from drug administration up to 6 weeks",
          "participants": 30,
          "measurements": [
            {
              "unit": "participants",
              "param": "Number",
              "value": 14.0
            }
          ]
        },
        {
          "type": "Primary",
          "title": "Clinical Relevant Abnormalities for Vital Signs, Blood Chemistry, Haematology, Urinanalysis and ECG",
          "timeFrame": "from drug administration up to 6 weeks",
          "participants": 30,
          "measurements": [
            {
              "subTitle": "Lipase increased",
              "unit": "participants",
              "param": "Number",
              "value": 2.0
            },
            {
              "subTitle": "Blood triglycerides increased",
              "unit": "participants",
              "param": "Number",
              "value": 0.0
            },
            {
              "subTitle": "Blood creatine phosphokinase increased",
              "unit": "participants",
              "param": "Number",
              "value": 1.0
            },
            {
              "subTitle": "Ventricular extrasystoles",
              "unit": "participants",
              "param": "Number",
              "value": 0.0
            }
          ]
        },
        {
          "type": "Secondary",
          "title": "Cmax of Empagliflozin",
          "timeFrame": "0:05 before drug administration and 0:15 0:30 0:45 1:00 1:30 2:00 2:30 3:00 4:00 6:00 8:00 10:00 12:00 16:00 24:00 hours(h) after drug administration on day 1 and 28",
          "measurements": []
        },
        {
          "type": "Secondary",
          "title": "Tmax of Empagliflozin",
          "timeFrame": "0:05 before drug administration and 0:15 0:30 0:45 1:00 1:30 2:00 2:30 3:00 4:00 6:00 8:00 10:00 12:00 16:00 24:00 h after drug administration on day 1 and 28",
          "measurements": []
        },
        {
          "type": "Secondary",
          "title": "t1/2 of Empagliflozin",
          "timeFrame": "0:05 before drug administration and 0:15 0:30 0:45 1:00 1:30 2:00 2:30 3:00 4:00 6:00 8:00 10:00 12:00 16:00 24:00 h after drug administration on day 1 and 28",
          "measurements": []
        },
        {
          "type": "Secondary",
          "title": "AUC0-∞ of Empagliflozin",
          "timeFrame": "0:05 before drug administration and 0:15 0:30 0:45 1:00 1:30 2:00 2:30 3:00 4:00 6:00 8:00 10:00 12:00 16:00 24:00 h after drug administration on day 1",
          "measurements": []
        },
        {
          "type": "Secondary",
          "title": "CL/F of Empaglifozin",
          "timeFrame": "0:05 before drug administration and 0:15 0:30 0:45 1:00 1:30 2:00 2:30 3:00 4:00 6:00 8:00 10:00 12:00 16:00 24:00 h after drug administration on day 1 and 28",
          "measurements": []
        },
        {
          "type": "Secondary",
          "title": "fe0-24 of Empagliflozin",
          "timeFrame": "0:05 before drug administration and 0:15 0:30 0:45 1:00 1:30 2:00 2:30 3:00 4:00 6:00 8:00 10:00 12:00 16:00 24:00 h after drug administration on day 1 and 28",
          "measurements": []
        },
        {
          "type": "Secondary",
          "title": "LI (Linearity Index).",
          "timeFrame": "0:05 before drug administration and 0:15 0:30 0:45 1:00 1:30 2:00 2:30 3:00 4:00 6:00 8:00 10:00 12:00 16:00 after drug administration on day 1 and 28",
          "measurements": []
        },
        {
          "type": "Secondary",
          "title": "Ae0-24 of Glucose",
          "timeFrame": "Day -2 and 27: -2 to 0, 0 to 5, 5 to 12 and 12 to 24h; Day -1 and 1: 0 to 5, 5 to 12 and 12 to 24; Day 28: 0 to 5, 5 to 12, 12 to 24, 24 to 36, 36 to 48 and 48 to 72h",
          "participants": 30,
          "measurements": [
            {
              "subTitle": "Ae0-24 on day -2 (N=15,16,15,26)",
              "unit": "mg",
              "param": "Geometric Mean",
              "dispersion": "Geometric Coefficient of Variation",
              "value": 6050.0,
              "spread": 190.0
            },
            {
              "subTitle": "Ae0-24 on day -1 (N=13,15,16,25)",
              "unit": "mg",
              "param": "Geometric Mean",
              "dispersion": "Geometric Coefficient of Variation",
              "value": 6190.0,
              "spread": 134.0
            },
            {
              "subTitle": "Ae0-24 on day 1 (N=15,15,16,29)",
              "unit": "mg",
              "param": "Geometric Mean",
              "dispersion": "Geometric Coefficient of Variation",
              "value": 87000.0,
              "spread": 36.9
            },
            {
              "subTitle": "Ae0-24 on day 27 (N=14,13,14,27)",
              "unit": "mg",
              "param": "Geometric Mean",
              "dispersion": "Geometric Coefficient of Variation",
              "value": 81300.0,
              "spread": 50.1
            },
            {
              "subTitle": "Ae0-24 on day 28 (N=13,13,11,23)",
              "unit": "mg",
              "param": "Geometric Mean",
              "dispersion": "Geometric Coefficient of Variation",
              "value": 73900.0,
              "spread": 61.6
            }
          ]
        },
        {
          "type": "Secondary",
          "title": "Fasting Plasma Glucose (FPG)",
          "timeFrame": "in the morning of days -1 and 28",
          "participants": 29,
          "measurements": [
            {
              "subTitle": "baseline (day -1)",
              "unit": "mg/dL",
              "param": "Mean",
              "dispersion": "Standard Deviation",
              "value": 149.92,
              "spread": 31.65
            },
            {
              "subTitle": "change from baseline to day 28 (N=15, 15, 16, 28)",
              "unit": "mg/dL",
              "param": "Mean",
              "dispersion": "Standard Deviation",
              "value": -28.69,
              "spread": 18.25
            }
          ]
        },
        {
          "type": "Secondary",
          "title": "Mean Daily Glucose (MDG) Measured in Blood",
          "timeFrame": "0:00, 2:30, 5:00, 7:00, 10:00, 12:00, 13:30, 24:00 h after drug administration on day -2. 0:05 h before drug administration and 2:30, 5:00, 7:00, 10:00, 12:00, 13:30, 24:00 h after drug administration on day 1, 7, 14, 21 and 27",
          "participants": 30,
          "measurements": [
            {
              "subTitle": "baseline (day -2)",
              "unit": "mg/dL",
              "param": "Mean",
              "dispersion": "Standard Deviation",
              "value": 149.43,
              "spread": 34.94
            },
            {
              "subTitle": "change from baseline to day 1",
              "unit": "mg/dL",
              "param": "Mean",
              "dispersion": "Standard Deviation",
              "value": -23.02,
              "spread": 16.72
            },
            {
              "subTitle": "change from baseline to day 7",
              "unit": "mg/dL",
              "param": "Mean",
              "dispersion": "Standard Deviation",
              "value": -21.17,
              "spread": 21.95
            },
            {
              "subTitle": "change from baseline to day 14",
              "unit": "mg/dL",
              "param": "Mean",
              "dispersion": "Standard Deviation",
              "value": -12.03,
              "spread": 28.51
            },
            {
              "subTitle": "change from baseline to day 21",
              "unit": "mg/dL",
              "param": "Mean",
              "dispersion": "Standard Deviation",
              "value": -13.93,
              "spread": 24.46
            },
            {
              "subTitle": "change from baseline to day 27",
              "unit": "mg/dL",
              "param": "Mean",
              "dispersion": "Standard Deviation",
              "value": -23.87,
              "spread": 18.44
            }
          ]
        },
        {
          "type": "Secondary",
          "title": "Insulin AUEC0-5",
          "timeFrame": "0:00, 2:30, 5:00, 7:00, 10:00, 12:00 after drug administration on day -1. 0:05 before drug administration and 2:30, 5:00, 7:00, 10:00, 12:00 after drug administration on day 28.",
          "participants": 30,
          "measurements": [
            {
              "subTitle": "baseline (day -1)",
              "unit": "µU*h/mL",
              "param": "Mean",
              "dispersion": "Standard Deviation",
              "value": 121.53,
              "spread": 101.07
            },
            {
              "subTitle": "change from baseline to day 28 (N=16, 16, 16, 29)",
              "unit": "µU*h/mL",
              "param": "Mean",
              "dispersion": "Standard Deviation",
              "value": 8.83,
              "spread": 67.79
            }
          ]
        },
        {
          "type": "Secondary",
          "title": "Insulin Emax (Maximum Measured Effect)",
          "timeFrame": "0:00, 2:30, 5:00, 7:00, 10:00, 12:00 after drug administration on day -1. 0:05 before drug administration and 2:30, 5:00, 7:00, 10:00, 12:00 after drug administration on day 28.",
          "participants": 30,
          "measurements": [
            {
              "subTitle": "baseline (day -1)",
              "unit": "µU/mL",
              "param": "Mean",
              "dispersion": "Standard Deviation",
              "value": 53.06,
              "spread": 43.3
            },
            {
              "subTitle": "change from baseline to day 28 (N=16, 16, 16, 29)",
              "unit": "µU/mL",
              "param": "Mean",
              "dispersion": "Standard Deviation",
              "value": 2.92,
              "spread": 32.52
            }
          ]
        },
        {
          "type": "Secondary",
          "title": "Fasting Insulin",
          "timeFrame": "in the morning of days -1( baseline), 1, 7, 14, 21 and 28",
          "participants": 30,
          "measurements": [
            {
              "subTitle": "baseline (day -1) (N=12,12,14,23)",
              "unit": "µU/mL",
              "param": "Mean",
              "dispersion": "Standard Deviation",
              "value": 9.3,
              "spread": 5.14
            },
            {
              "subTitle": "change from baseline to day 1 (N=11,12,14,22)",
              "unit": "µU/mL",
              "param": "Mean",
              "dispersion": "Standard Deviation",
              "value": 0.15,
              "spread": 4.51
            },
            {
              "subTitle": "change from baseline to day 7 (N=9,10,9,18)",
              "unit": "µU/mL",
              "param": "Mean",
              "dispersion": "Standard Deviation",
              "value": -0.2,
              "spread": 6.58
            },
            {
              "subTitle": "change from baseline to day 14 (N=12,11,14,22)",
              "unit": "µU/mL",
              "param": "Mean",
              "dispersion": "Standard Deviation",
              "value": 1.37,
              "spread": 4.75
            },
            {
              "subTitle": "change from baseline to day 21 (N=10,11,14,21)",
              "unit": "µU/mL",
              "param": "Mean",
              "dispersion": "Standard Deviation",
              "value": 1.53,
              "spread": 5.87
            },
            {
              "subTitle": "change from baseline to day 28 (N=11,11,12,20)",
              "unit": "µU/mL",
              "param": "Mean",
              "dispersion": "Standard Deviation",
              "value": -2.1,
              "spread": 4.46
            }
          ]
        },
        {
          "type": "Secondary",
          "title": "Glucagon Emax (Maximum Measured Effect)",
          "timeFrame": "0:00, 2:30, 5:00, 7:00, 10:00, 12:00, 24:00 h after drug administration on day -1. 0:05 before drug administration and 2:30, 5:00, 7:00, 10:00, 12:00 after drug administration on day 28.",
          "participants": 30,
          "measurements": [
            {
              "subTitle": "baseline (day -1)",
              "unit": "ng/L",
              "param": "Mean",
              "dispersion": "Standard Deviation",
              "value": 86.98,
              "spread": 22.51
            },
            {
              "subTitle": "change from baseline to day 28 (N=14, 14, 16, 28)",
              "unit": "ng/L",
              "param": "Mean",
              "dispersion": "Standard Deviation",
              "value": 6.84,
              "spread": 21.45
            }
          ]
        },
        {
          "type": "Secondary",
          "title": "Glucagon AUEC0-5",
          "timeFrame": "0:00, 2:30, 5:00, 7:00, 10:00, 12:00 after drug administration on day -1. 0:05 before drug administration and 2:30, 5:00, 7:00, 10:00, 12:00 after drug administration on day 28.",
          "participants": 30,
          "measurements": [
            {
              "subTitle": "baseline (day -1)",
              "unit": "ng*h/L",
              "param": "Mean",
              "dispersion": "Standard Deviation",
              "value": 303.06,
              "spread": 75.4
            },
            {
              "subTitle": "change from baseline to day 28 (N=14, 14, 16, 28)",
              "unit": "ng*h/L",
              "param": "Mean",
              "dispersion": "Standard Deviation",
              "value": 40.65,
              "spread": 75.72
            }
          ]
        },
        {
          "type": "Secondary",
          "title": "Fructosamine",
          "timeFrame": "day -1 (baseline), 14 and 28",
          "participants": 30,
          "measurements": [
            {
              "subTitle": "baseline (day -1)",
              "unit": "µmol/L",
              "param": "Mean",
              "dispersion": "Standard Deviation",
              "value": 237.07,
              "spread": 41.48
            },
            {
              "subTitle": "change from baseline to day 14 (N=14, 16, 15, 29)",
              "unit": "µmol/L",
              "param": "Mean",
              "dispersion": "Standard Deviation",
              "value": 18.31,
              "spread": 22.0
            },
            {
              "subTitle": "change from baseline to day 28 (N=14, 15, 16, 28)",
              "unit": "µmol/L",
              "param": "Mean",
              "dispersion": "Standard Deviation",
              "value": -26.29,
              "spread": 31.04
            }
          ]
        },
        {
          "type": "Secondary",
          "title": "HbA1c",
          "timeFrame": "in the morning of days -1 and 28",
          "participants": 30,
          "measurements": [
            {
              "subTitle": "baseline (day -1)",
              "unit": "percentage of hemoglobin",
              "param": "Mean",
              "dispersion": "Standard Deviation",
              "value": 7.1,
              "spread": 0.88
            },
            {
              "subTitle": "change from baseline to day 28 (N=13, 13, 15, 28)",
              "unit": "percentage of hemoglobin",
              "param": "Mean",
              "dispersion": "Standard Deviation",
              "value": -0.36,
              "spread": 0.31
            }
          ]
        }
      ]
    }
  ],
  "analysis": []
}