{
  "source": {
    "sourceNumber": "NCT01572740",
    "authors": [
      "Novo Nordisk A/S"
    ],
    "publicationYear": "2014",
    "title": "A 36-week, Randomised, Multi-centre, Double-blind, Parallel Group Trial to Investigate the Efficacy and Safety of Liraglutide in Combination With Insulin Therapy Compared to Insulin Monotherapy in Japanese Subjects With Type 2 Diabetes Mellitus",
    "journal": "clintrials.gov",
    "publicationType": "clintrials",
    "firstAuthor": "Novo Nordisk A/S",
    "references": [
      "A 36-week, Randomised, Multi-centre, Double-blind, Parallel Group Trial to Investigate the Efficacy and Safety of Liraglutide in Combination With Insulin Therapy Compared to Insulin Monotherapy in Japanese Subjects With Type 2 Diabetes Mellitus. clintrials.gov"
    ]
  },
  "trial": {
    "trial": "NN2211-3925",
    "authorTrial": "Novo Nordisk A/S 2014 (NN2211-3925)",
    "registryName": "NCT01572740",
    "location": [
      "Japan"
    ],
    "sponsor": "Novo Nordisk A/S",
    "trialYear": "2012",
    "trialDesign": "Randomized,Parallel Assignment",
    "trialBlinding": "Double Blind (Subject, Investigator)",
    "primaryDrug": "liraglutide",
    "trialDuration": "36 Weeks"
  },
  "arms": [
    {
      "arm": "1",
      "label": "Lira+Insulin",
      "type": "Experimental",
      "controlArm": false,
      "baselines": [
        {
          "title": "Number of Participants",
          "unit": "participants",
          "param": "Number",
          "value": 127.0
        },
        {
          "title": "Age",
          "unit": "years",
          "param": "Mean",
          "dispersion": "Standard Deviation",
          "value": 61.3,
          "spread": 11.0
        },
        {
          "title": "Gender",
          "subTitle": "Female",
          "unit": "participants",
          "param": "Number",
          "value": 58.0
        },
        {
          "title": "Gender",
          "subTitle": "Male",
          "unit": "participants",
          "param": "Number",
          "value": 69.0
        },
        {
          "title": "Body Weight",
          "unit": "kg",
          "param": "Mean",
          "dispersion": "Standard Deviation",
          "value": 67.7,
          "spread": 15.2
        },
        {
          "title": "Fasting Plasma Glucose (FPG)",
          "unit": "mmol/L",
          "param": "Mean",
          "dispersion": "Standard Deviation",
          "value": 8.51,
          "spread": 2.42
        },
        {
          "title": "Glycosylated Haemoglobin (HbA1c)",
          "unit": "percentage of glycosylated haemoglobin",
          "param": "Mean",
          "dispersion": "Standard Deviation",
          "value": 8.8,
          "spread": 0.9
        }
      ],
      "drugs": [
        {
          "name": "liraglutide"
        },
        {
          "name": "insulin"
        }
      ],
      "participants": [
        {
          "period": "Overall Study",
          "started": 127,
          "completed": 121,
          "notCompleted": 6,
          "incompleteDetails": [
            {
              "reason": "Adverse Event",
              "count": 1
            },
            {
              "reason": "Withdrawal by Subject",
              "count": 1
            },
            {
              "reason": "unclassified",
              "count": 4
            }
          ]
        }
      ],
      "endpoints": [
        {
          "type": "Primary",
          "title": "Change in Glycosylated Haemoglobin (HbA1c) From Baseline to Week 16",
          "timeFrame": "Week 0, Week 16",
          "participants": 127,
          "measurements": [
            {
              "unit": "percentage of glycosylated haemoglobin",
              "param": "Mean",
              "dispersion": "Standard Error",
              "value": -1.73,
              "spread": 0.06
            }
          ]
        },
        {
          "type": "Secondary",
          "title": "Change in Glycosylated Haemoglobin (HbA1c) From Baseline to Week 36",
          "timeFrame": "Week 0, Week 36",
          "participants": 127,
          "measurements": [
            {
              "unit": "percentage of glycosylated haemoglobin",
              "param": "Mean",
              "dispersion": "Standard Error",
              "value": -1.68,
              "spread": 0.06
            }
          ]
        },
        {
          "type": "Secondary",
          "title": "Change in Fasting Plasma Glucose (FPG) From Baseline to Week 16",
          "timeFrame": "Week 0, Week 16",
          "participants": 127,
          "measurements": [
            {
              "unit": "mmol/L",
              "param": "Mean",
              "dispersion": "Standard Error",
              "value": -1.31,
              "spread": 0.17
            }
          ]
        },
        {
          "type": "Secondary",
          "title": "Change in Fasting Plasma Glucose (FPG) From Baseline to Week 36",
          "timeFrame": "Week 0, Week 36",
          "participants": 127,
          "measurements": [
            {
              "unit": "mmol/L",
              "param": "Mean",
              "dispersion": "Standard Error",
              "value": -1.55,
              "spread": 0.16
            }
          ]
        },
        {
          "type": "Secondary",
          "title": "Change in Mean Plasma Glucose (PG) of 7-Point Profile From Baseline to Week 16",
          "timeFrame": "Week 0, Week 16",
          "participants": 124,
          "measurements": [
            {
              "unit": "mmol/L",
              "param": "Mean",
              "dispersion": "Standard Error",
              "value": -2.41,
              "spread": 0.18
            }
          ]
        },
        {
          "type": "Secondary",
          "title": "Change in Mean Plasma Glucose (PG) of 7-Point Profile From Baseline to Week 36",
          "timeFrame": "Week 0, Week 36",
          "participants": 124,
          "measurements": [
            {
              "unit": "mmol/L",
              "param": "Mean",
              "dispersion": "Standard Error",
              "value": -2.65,
              "spread": 0.16
            }
          ]
        },
        {
          "type": "Secondary",
          "title": "Change in Mean Prandial PG Increment of 7-Point Profile From Baseline to Week 16",
          "timeFrame": "Week 0, Week 16",
          "participants": 124,
          "measurements": [
            {
              "unit": "mmol/L",
              "param": "Mean",
              "dispersion": "Standard Error",
              "value": -1.34,
              "spread": 0.17
            }
          ]
        },
        {
          "type": "Secondary",
          "title": "Change in Mean Prandial PG Increment of 7-Point Profile From Baseline to Week 36",
          "timeFrame": "Week 0, Week 36",
          "participants": 122,
          "measurements": [
            {
              "unit": "mmol/L",
              "param": "Mean",
              "dispersion": "Standard Error",
              "value": -1.34,
              "spread": 0.21
            }
          ]
        },
        {
          "type": "Secondary",
          "title": "Change in Body Weight From Baseline to Week 16",
          "timeFrame": "Week 0, Week 16",
          "participants": 127,
          "measurements": [
            {
              "unit": "kg",
              "param": "Mean",
              "dispersion": "Standard Error",
              "value": -0.42,
              "spread": 0.14
            }
          ]
        },
        {
          "type": "Secondary",
          "title": "Change in Body Weight From Baseline to Week 36",
          "timeFrame": "Week 0, Week 36",
          "participants": 127,
          "measurements": [
            {
              "unit": "kg",
              "param": "Mean",
              "dispersion": "Standard Error",
              "value": 0.17,
              "spread": 0.2
            }
          ]
        },
        {
          "type": "Secondary",
          "title": "Number of Adverse Events (AEs)",
          "timeFrame": "Week 0 to Week 36 (inclusive)",
          "participants": 127,
          "measurements": [
            {
              "subTitle": "Adverse Events",
              "unit": "Events/100 years of patient exposure",
              "param": "Number",
              "value": 449.0
            },
            {
              "subTitle": "Serious Adverse Events",
              "unit": "Events/100 years of patient exposure",
              "param": "Number",
              "value": 8.0
            },
            {
              "subTitle": "Severe Adverse Events",
              "unit": "Events/100 years of patient exposure",
              "param": "Number",
              "value": 5.0
            },
            {
              "subTitle": "Moderate Adverse Events",
              "unit": "Events/100 years of patient exposure",
              "param": "Number",
              "value": 8.0
            },
            {
              "subTitle": "Mild Adverse Events",
              "unit": "Events/100 years of patient exposure",
              "param": "Number",
              "value": 436.0
            }
          ]
        },
        {
          "type": "Secondary",
          "title": "Number of Confirmed Hypoglycaemic Episodes",
          "timeFrame": "Week 0 to week 36 (inclusive)",
          "participants": 127,
          "measurements": [
            {
              "unit": "Episodes/100 years of patient exposure",
              "param": "Number",
              "value": 146.0
            }
          ]
        }
      ]
    },
    {
      "arm": "2",
      "label": "Placebo+Insulin",
      "type": "Placebo Comparator",
      "controlArm": true,
      "baselines": [
        {
          "title": "Number of Participants",
          "unit": "participants",
          "param": "Number",
          "value": 130.0
        },
        {
          "title": "Age",
          "unit": "years",
          "param": "Mean",
          "dispersion": "Standard Deviation",
          "value": 59.8,
          "spread": 11.3
        },
        {
          "title": "Gender",
          "subTitle": "Female",
          "unit": "participants",
          "param": "Number",
          "value": 55.0
        },
        {
          "title": "Gender",
          "subTitle": "Male",
          "unit": "participants",
          "param": "Number",
          "value": 75.0
        },
        {
          "title": "Body Weight",
          "unit": "kg",
          "param": "Mean",
          "dispersion": "Standard Deviation",
          "value": 65.9,
          "spread": 13.0
        },
        {
          "title": "Fasting Plasma Glucose (FPG)",
          "unit": "mmol/L",
          "param": "Mean",
          "dispersion": "Standard Deviation",
          "value": 8.79,
          "spread": 2.51
        },
        {
          "title": "Glycosylated Haemoglobin (HbA1c)",
          "unit": "percentage of glycosylated haemoglobin",
          "param": "Mean",
          "dispersion": "Standard Deviation",
          "value": 8.8,
          "spread": 0.9
        }
      ],
      "drugs": [
        {
          "name": "placebo"
        },
        {
          "name": "insulin"
        }
      ],
      "participants": [
        {
          "period": "Overall Study",
          "started": 130,
          "completed": 125,
          "notCompleted": 5,
          "incompleteDetails": [
            {
              "reason": "Adverse Event",
              "count": 1
            },
            {
              "reason": "Withdrawal by Subject",
              "count": 1
            },
            {
              "reason": "unclassified",
              "count": 3
            }
          ]
        }
      ],
      "endpoints": [
        {
          "type": "Primary",
          "title": "Change in Glycosylated Haemoglobin (HbA1c) From Baseline to Week 16",
          "timeFrame": "Week 0, Week 16",
          "participants": 129,
          "measurements": [
            {
              "unit": "percentage of glycosylated haemoglobin",
              "param": "Mean",
              "dispersion": "Standard Error",
              "value": -0.43,
              "spread": 0.06
            }
          ]
        },
        {
          "type": "Secondary",
          "title": "Change in Glycosylated Haemoglobin (HbA1c) From Baseline to Week 36",
          "timeFrame": "Week 0, Week 36",
          "participants": 129,
          "measurements": [
            {
              "unit": "percentage of glycosylated haemoglobin",
              "param": "Mean",
              "dispersion": "Standard Error",
              "value": -0.88,
              "spread": 0.06
            }
          ]
        },
        {
          "type": "Secondary",
          "title": "Change in Fasting Plasma Glucose (FPG) From Baseline to Week 16",
          "timeFrame": "Week 0, Week 16",
          "participants": 129,
          "measurements": [
            {
              "unit": "mmol/L",
              "param": "Mean",
              "dispersion": "Standard Error",
              "value": -0.48,
              "spread": 0.17
            }
          ]
        },
        {
          "type": "Secondary",
          "title": "Change in Fasting Plasma Glucose (FPG) From Baseline to Week 36",
          "timeFrame": "Week 0, Week 36",
          "participants": 129,
          "measurements": [
            {
              "unit": "mmol/L",
              "param": "Mean",
              "dispersion": "Standard Error",
              "value": -1.29,
              "spread": 0.16
            }
          ]
        },
        {
          "type": "Secondary",
          "title": "Change in Mean Plasma Glucose (PG) of 7-Point Profile From Baseline to Week 16",
          "timeFrame": "Week 0, Week 16",
          "participants": 124,
          "measurements": [
            {
              "unit": "mmol/L",
              "param": "Mean",
              "dispersion": "Standard Error",
              "value": -0.53,
              "spread": 0.18
            }
          ]
        },
        {
          "type": "Secondary",
          "title": "Change in Mean Plasma Glucose (PG) of 7-Point Profile From Baseline to Week 36",
          "timeFrame": "Week 0, Week 36",
          "participants": 125,
          "measurements": [
            {
              "unit": "mmol/L",
              "param": "Mean",
              "dispersion": "Standard Error",
              "value": -1.37,
              "spread": 0.16
            }
          ]
        },
        {
          "type": "Secondary",
          "title": "Change in Mean Prandial PG Increment of 7-Point Profile From Baseline to Week 16",
          "timeFrame": "Week 0, Week 16",
          "participants": 124,
          "measurements": [
            {
              "unit": "mmol/L",
              "param": "Mean",
              "dispersion": "Standard Error",
              "value": -0.61,
              "spread": 0.17
            }
          ]
        },
        {
          "type": "Secondary",
          "title": "Change in Mean Prandial PG Increment of 7-Point Profile From Baseline to Week 36",
          "timeFrame": "Week 0, Week 36",
          "participants": 122,
          "measurements": [
            {
              "unit": "mmol/L",
              "param": "Mean",
              "dispersion": "Standard Error",
              "value": -0.94,
              "spread": 0.21
            }
          ]
        },
        {
          "type": "Secondary",
          "title": "Change in Body Weight From Baseline to Week 16",
          "timeFrame": "Week 0, Week 16",
          "participants": 129,
          "measurements": [
            {
              "unit": "kg",
              "param": "Mean",
              "dispersion": "Standard Error",
              "value": -0.28,
              "spread": 0.14
            }
          ]
        },
        {
          "type": "Secondary",
          "title": "Change in Body Weight From Baseline to Week 36",
          "timeFrame": "Week 0, Week 36",
          "participants": 129,
          "measurements": [
            {
              "unit": "kg",
              "param": "Mean",
              "dispersion": "Standard Error",
              "value": 0.52,
              "spread": 0.2
            }
          ]
        },
        {
          "type": "Secondary",
          "title": "Number of Adverse Events (AEs)",
          "timeFrame": "Week 0 to Week 36 (inclusive)",
          "participants": 130,
          "measurements": [
            {
              "subTitle": "Adverse Events",
              "unit": "Events/100 years of patient exposure",
              "param": "Number",
              "value": 350.0
            },
            {
              "subTitle": "Serious Adverse Events",
              "unit": "Events/100 years of patient exposure",
              "param": "Number",
              "value": 5.0
            },
            {
              "subTitle": "Severe Adverse Events",
              "unit": "Events/100 years of patient exposure",
              "param": "Number",
              "value": 1.0
            },
            {
              "subTitle": "Moderate Adverse Events",
              "unit": "Events/100 years of patient exposure",
              "param": "Number",
              "value": 14.0
            },
            {
              "subTitle": "Mild Adverse Events",
              "unit": "Events/100 years of patient exposure",
              "param": "Number",
              "value": 335.0
            }
          ]
        },
        {
          "type": "Secondary",
          "title": "Number of Confirmed Hypoglycaemic Episodes",
          "timeFrame": "Week 0 to week 36 (inclusive)",
          "participants": 130,
          "measurements": [
            {
              "unit": "Episodes/100 years of patient exposure",
              "param": "Number",
              "value": 187.0
            }
          ]
        }
      ]
    }
  ],
  "analysis": [
    {
      "title": "Change in Glycosylated Haemoglobin (HbA1c) From Baseline to Week 16",
      "groups": "Lira + Insulin vs. Placebo + Insulin",
      "values": {
        "p_value": "<0.0001",
        "method": "ANCOVA",
        "param_type": "Estimated treatment difference, Mean",
        "param_value": "-1.30",
        "ci_percent": "95",
        "ci_lower_limit": "-1.47",
        "ci_upper_limit": "-1.13"
      }
    },
    {
      "title": "Change in Glycosylated Haemoglobin (HbA1c) From Baseline to Week 36",
      "groups": "Lira + Insulin vs. Placebo + Insulin",
      "values": {
        "p_value": "<0.0001",
        "method": "ANCOVA",
        "param_type": "Estimated treatment difference, Mean",
        "param_value": "-0.81",
        "ci_percent": "95",
        "ci_lower_limit": "-0.99",
        "ci_upper_limit": "-0.63"
      }
    },
    {
      "title": "Change in Fasting Plasma Glucose (FPG) From Baseline to Week 16",
      "groups": "Lira + Insulin vs. Placebo + Insulin",
      "values": {
        "p_value": "<0.0006",
        "method": "ANCOVA",
        "param_type": "Estimated treatment difference, Mean",
        "param_value": "-0.83",
        "ci_percent": "95",
        "ci_lower_limit": "-1.30",
        "ci_upper_limit": "-0.36"
      }
    },
    {
      "title": "Change in Fasting Plasma Glucose (FPG) From Baseline to Week 36",
      "groups": "Lira + Insulin vs. Placebo + Insulin",
      "values": {
        "p_value": "0.2511",
        "method": "ANCOVA",
        "param_type": "Estimated treatment difference, Mean",
        "param_value": "-0.26",
        "ci_percent": "95",
        "ci_lower_limit": "-0.70",
        "ci_upper_limit": "0.18"
      }
    },
    {
      "title": "Change in Mean Plasma Glucose (PG) of 7-Point Profile From Baseline to Week 16",
      "groups": "Lira + Insulin vs. Placebo + Insulin",
      "values": {
        "p_value": "<0.0001",
        "method": "ANCOVA",
        "param_type": "Estimated treatment difference, Mean",
        "param_value": "-1.87",
        "ci_percent": "95",
        "ci_lower_limit": "-2.37",
        "ci_upper_limit": "-1.38"
      }
    },
    {
      "title": "Change in Mean Plasma Glucose (PG) of 7-Point Profile From Baseline to Week 36",
      "groups": "Lira + Insulin vs. Placebo + Insulin",
      "values": {
        "p_value": "<0.0001",
        "method": "ANCOVA",
        "param_type": "Estimated treatment difference, Mean",
        "param_value": "-1.28",
        "ci_percent": "95",
        "ci_lower_limit": "-1.73",
        "ci_upper_limit": "-0.83"
      }
    },
    {
      "title": "Change in Mean Prandial PG Increment of 7-Point Profile From Baseline to Week 16",
      "groups": "Lira + Insulin vs. Placebo + Insulin",
      "values": {
        "p_value": "0.0023",
        "method": "ANCOVA",
        "param_type": "Estimated treatment difference, Mean",
        "param_value": "-0.73",
        "ci_percent": "95",
        "ci_lower_limit": "-1.20",
        "ci_upper_limit": "-0.26"
      }
    },
    {
      "title": "Change in Mean Prandial PG Increment of 7-Point Profile From Baseline to Week 36",
      "groups": "Lira + Insulin vs. Placebo + Insulin",
      "values": {
        "p_value": "0.1787",
        "method": "ANCOVA",
        "param_type": "Estimated treatment difference, Mean",
        "param_value": "-0.39",
        "ci_percent": "95",
        "ci_lower_limit": "-0.97",
        "ci_upper_limit": "0.18"
      }
    },
    {
      "title": "Change in Body Weight From Baseline to Week 16",
      "groups": "Lira + Insulin vs. Placebo + Insulin",
      "values": {
        "p_value": "0.4806",
        "method": "ANCOVA",
        "param_type": "Estimated treatment difference, Mean",
        "param_value": "-0.14",
        "ci_percent": "95",
        "ci_lower_limit": "-0.54",
        "ci_upper_limit": "0.25"
      }
    },
    {
      "title": "Change in Body Weight From Baseline to Week 36",
      "groups": "Lira + Insulin vs. Placebo + Insulin",
      "values": {
        "p_value": "0.2074",
        "method": "ANCOVA",
        "param_type": "Estimated treatment difference, Mean",
        "param_value": "-0.35",
        "ci_percent": "95",
        "ci_lower_limit": "-0.91",
        "ci_upper_limit": "0.20"
      }
    }
  ]
}