{
  "source": {
    "sourceNumber": "NCT01137812",
    "authors": [
      "Janssen Research & Development, LLC"
    ],
    "publicationYear": "2015",
    "title": "A Randomized, Double-Blind, Active-Controlled, Multicenter Study to Evaluate the Efficacy, Safety, and Tolerability of Canagliflozin Versus Sitagliptin in the Treatment of Subjects With Type 2 Diabetes Mellitus With Inadequate Glycemic Control on Metformin and Sulphonylurea Therapy",
    "journal": "clintrials.gov",
    "publicationType": "clintrials",
    "firstAuthor": "Janssen Research & Development, LLC",
    "references": [
      "A Randomized, Double-Blind, Active-Controlled, Multicenter Study to Evaluate the Efficacy, Safety, and Tolerability of Canagliflozin Versus Sitagliptin in the Treatment of Subjects With Type 2 Diabetes Mellitus With Inadequate Glycemic Control on Metformin and Sulphonylurea Therapy. clintrials.gov"
    ]
  },
  "trial": {
    "trial": "CR017185",
    "authorTrial": "Janssen Research & Development, LLC 2015 (CR017185)",
    "registryName": "NCT01137812",
    "location": [
      "Austria",
      "Belgium",
      "Brazil",
      "Canada",
      "Denmark",
      "France",
      "Germany",
      "India",
      "Israel",
      "Korea, Republic of",
      "Malaysia",
      "Netherlands",
      "New Zealand",
      "Poland",
      "Singapore",
      "Ukraine",
      "United States"
    ],
    "sponsor": "Janssen Research & Development, LLC",
    "trialYear": "2010",
    "trialDesign": "Randomized,Parallel Assignment",
    "trialBlinding": "Double Blind (Subject, Caregiver, Investigator)",
    "primaryDrug": "Canagliflozin 300 mg",
    "trialDuration": "52 Weeks"
  },
  "arms": [
    {
      "arm": "1",
      "label": "Canagliflozin 300 mg",
      "type": "Experimental",
      "controlArm": false,
      "baselines": [
        {
          "title": "Number of Participants",
          "unit": "participants",
          "param": "Number",
          "value": 377.0
        },
        {
          "title": "Age",
          "subTitle": "<=18 years",
          "unit": "participants",
          "param": "Number",
          "value": 0.0
        },
        {
          "title": "Age",
          "subTitle": "Between 18 and 65 years",
          "unit": "participants",
          "param": "Number",
          "value": 304.0
        },
        {
          "title": "Age",
          "subTitle": ">=65 years",
          "unit": "participants",
          "param": "Number",
          "value": 73.0
        },
        {
          "title": "Age",
          "unit": "years",
          "param": "Mean",
          "dispersion": "Standard Deviation",
          "value": 56.5,
          "spread": 9.62
        },
        {
          "title": "Gender",
          "subTitle": "Female",
          "unit": "participants",
          "param": "Number",
          "value": 170.0
        },
        {
          "title": "Gender",
          "subTitle": "Male",
          "unit": "participants",
          "param": "Number",
          "value": 207.0
        },
        {
          "title": "Region Treated",
          "subTitle": "AUSTRIA",
          "unit": "participants",
          "param": "Number",
          "value": 4.0
        },
        {
          "title": "Region Treated",
          "subTitle": "BELGIUM",
          "unit": "participants",
          "param": "Number",
          "value": 3.0
        },
        {
          "title": "Region Treated",
          "subTitle": "BRAZIL",
          "unit": "participants",
          "param": "Number",
          "value": 76.0
        },
        {
          "title": "Region Treated",
          "subTitle": "CANADA",
          "unit": "participants",
          "param": "Number",
          "value": 41.0
        },
        {
          "title": "Region Treated",
          "subTitle": "DENMARK",
          "unit": "participants",
          "param": "Number",
          "value": 2.0
        },
        {
          "title": "Region Treated",
          "subTitle": "FRANCE",
          "unit": "participants",
          "param": "Number",
          "value": 5.0
        },
        {
          "title": "Region Treated",
          "subTitle": "GERMANY",
          "unit": "participants",
          "param": "Number",
          "value": 5.0
        },
        {
          "title": "Region Treated",
          "subTitle": "INDIA",
          "unit": "participants",
          "param": "Number",
          "value": 33.0
        },
        {
          "title": "Region Treated",
          "subTitle": "ISRAEL",
          "unit": "participants",
          "param": "Number",
          "value": 7.0
        },
        {
          "title": "Region Treated",
          "subTitle": "MALAYSIA",
          "unit": "participants",
          "param": "Number",
          "value": 10.0
        },
        {
          "title": "Region Treated",
          "subTitle": "NETHERLANDS",
          "unit": "participants",
          "param": "Number",
          "value": 2.0
        },
        {
          "title": "Region Treated",
          "subTitle": "NEW ZEALAND",
          "unit": "participants",
          "param": "Number",
          "value": 11.0
        },
        {
          "title": "Region Treated",
          "subTitle": "POLAND",
          "unit": "participants",
          "param": "Number",
          "value": 20.0
        },
        {
          "title": "Region Treated",
          "subTitle": "SINGAPORE",
          "unit": "participants",
          "param": "Number",
          "value": 2.0
        },
        {
          "title": "Region Treated",
          "subTitle": "SOUTH KOREA",
          "unit": "participants",
          "param": "Number",
          "value": 7.0
        },
        {
          "title": "Region Treated",
          "subTitle": "UKRAINE",
          "unit": "participants",
          "param": "Number",
          "value": 27.0
        },
        {
          "title": "Region Treated",
          "subTitle": "UNITED STATES",
          "unit": "participants",
          "param": "Number",
          "value": 122.0
        }
      ],
      "drugs": [
        {
          "name": "Canagliflozin 300 mg"
        },
        {
          "name": "Metformin"
        },
        {
          "name": "Sulphonylurea"
        }
      ],
      "participants": [
        {
          "period": "Overall Study",
          "started": 377,
          "completed": 254,
          "notCompleted": 123,
          "incompleteDetails": [
            {
              "reason": "Adverse Event",
              "count": 21
            },
            {
              "reason": "Lost to Follow-up",
              "count": 6
            },
            {
              "reason": "Physician Decision",
              "count": 25
            },
            {
              "reason": "Protocol Violation",
              "count": 5
            },
            {
              "reason": "Withdrawal by Subject",
              "count": 5
            },
            {
              "reason": "Death",
              "count": 2
            },
            {
              "reason": "Patient met glycemic withdrawal criteria",
              "count": 40
            },
            {
              "reason": "Not specified",
              "count": 19
            }
          ]
        }
      ],
      "endpoints": [
        {
          "type": "Primary",
          "title": "Change in HbA1c From Baseline to Week 52",
          "timeFrame": "Day 1 (Baseline) and Week 52",
          "participants": 374,
          "measurements": [
            {
              "unit": "Percent",
              "param": "Least Squares Mean",
              "dispersion": "Standard Error",
              "value": -1.03,
              "spread": 0.048
            }
          ]
        },
        {
          "type": "Secondary",
          "title": "Percentage of Patients With HbA1c <7% at Week 52",
          "timeFrame": "Week 52",
          "participants": 374,
          "measurements": [
            {
              "unit": "Percentage of patients",
              "param": "Number",
              "value": 47.6
            }
          ]
        },
        {
          "type": "Secondary",
          "title": "Change in Fasting Plasma Glucose (FPG) From Baseline to Week 52",
          "timeFrame": "Day 1 (Baseline) and Week 52",
          "participants": 373,
          "measurements": [
            {
              "unit": "mg/dL",
              "param": "Least Squares Mean",
              "dispersion": "Standard Error",
              "value": -29.9,
              "spread": 2.201
            }
          ]
        },
        {
          "type": "Secondary",
          "title": "Percent Change in Body Weight From Baseline to Week 52",
          "timeFrame": "Day 1 (Baseline) and Week 52",
          "participants": 375,
          "measurements": [
            {
              "unit": "Percent change",
              "param": "Least Squares Mean",
              "dispersion": "Standard Error",
              "value": -2.5,
              "spread": 0.2
            }
          ]
        },
        {
          "type": "Secondary",
          "title": "Change in Systolic Blood Pressure (SBP) From Baseline to Week 52",
          "timeFrame": "Day 1 (Baseline) and Week 52",
          "participants": 375,
          "measurements": [
            {
              "unit": "mmHg",
              "param": "Least Squares Mean",
              "dispersion": "Standard Error",
              "value": -5.06,
              "spread": 0.656
            }
          ]
        },
        {
          "type": "Secondary",
          "title": "Percent Change in Triglycerides From Baseline to Week 52",
          "timeFrame": "Day 1 (Baseline) and Week 52",
          "participants": 365,
          "measurements": [
            {
              "unit": "Percent change",
              "param": "Least Squares Mean",
              "dispersion": "Standard Error",
              "value": 9.6,
              "spread": 2.8
            }
          ]
        },
        {
          "type": "Secondary",
          "title": "Percent Change in High-density Lipoprotein Cholesterol (HDL-C) From Baseline to Week 52",
          "timeFrame": "Day 1 (Baseline) and Week 52",
          "participants": 364,
          "measurements": [
            {
              "unit": "Percent change",
              "param": "Least Squares Mean",
              "dispersion": "Standard Error",
              "value": 7.6,
              "spread": 0.9
            }
          ]
        }
      ]
    },
    {
      "arm": "2",
      "label": "Sitagliptin 100 mg",
      "type": "Active Comparator",
      "controlArm": true,
      "baselines": [
        {
          "title": "Number of Participants",
          "unit": "participants",
          "param": "Number",
          "value": 378.0
        },
        {
          "title": "Age",
          "subTitle": "<=18 years",
          "unit": "participants",
          "param": "Number",
          "value": 0.0
        },
        {
          "title": "Age",
          "subTitle": "Between 18 and 65 years",
          "unit": "participants",
          "param": "Number",
          "value": 307.0
        },
        {
          "title": "Age",
          "subTitle": ">=65 years",
          "unit": "participants",
          "param": "Number",
          "value": 71.0
        },
        {
          "title": "Age",
          "unit": "years",
          "param": "Mean",
          "dispersion": "Standard Deviation",
          "value": 56.6,
          "spread": 9.33
        },
        {
          "title": "Gender",
          "subTitle": "Female",
          "unit": "participants",
          "param": "Number",
          "value": 163.0
        },
        {
          "title": "Gender",
          "subTitle": "Male",
          "unit": "participants",
          "param": "Number",
          "value": 215.0
        },
        {
          "title": "Region Treated",
          "subTitle": "AUSTRIA",
          "unit": "participants",
          "param": "Number",
          "value": 2.0
        },
        {
          "title": "Region Treated",
          "subTitle": "BELGIUM",
          "unit": "participants",
          "param": "Number",
          "value": 2.0
        },
        {
          "title": "Region Treated",
          "subTitle": "BRAZIL",
          "unit": "participants",
          "param": "Number",
          "value": 80.0
        },
        {
          "title": "Region Treated",
          "subTitle": "CANADA",
          "unit": "participants",
          "param": "Number",
          "value": 45.0
        },
        {
          "title": "Region Treated",
          "subTitle": "DENMARK",
          "unit": "participants",
          "param": "Number",
          "value": 5.0
        },
        {
          "title": "Region Treated",
          "subTitle": "FRANCE",
          "unit": "participants",
          "param": "Number",
          "value": 6.0
        },
        {
          "title": "Region Treated",
          "subTitle": "GERMANY",
          "unit": "participants",
          "param": "Number",
          "value": 5.0
        },
        {
          "title": "Region Treated",
          "subTitle": "INDIA",
          "unit": "participants",
          "param": "Number",
          "value": 23.0
        },
        {
          "title": "Region Treated",
          "subTitle": "ISRAEL",
          "unit": "participants",
          "param": "Number",
          "value": 3.0
        },
        {
          "title": "Region Treated",
          "subTitle": "MALAYSIA",
          "unit": "participants",
          "param": "Number",
          "value": 14.0
        },
        {
          "title": "Region Treated",
          "subTitle": "NETHERLANDS",
          "unit": "participants",
          "param": "Number",
          "value": 1.0
        },
        {
          "title": "Region Treated",
          "subTitle": "NEW ZEALAND",
          "unit": "participants",
          "param": "Number",
          "value": 13.0
        },
        {
          "title": "Region Treated",
          "subTitle": "POLAND",
          "unit": "participants",
          "param": "Number",
          "value": 25.0
        },
        {
          "title": "Region Treated",
          "subTitle": "SINGAPORE",
          "unit": "participants",
          "param": "Number",
          "value": 2.0
        },
        {
          "title": "Region Treated",
          "subTitle": "SOUTH KOREA",
          "unit": "participants",
          "param": "Number",
          "value": 12.0
        },
        {
          "title": "Region Treated",
          "subTitle": "UKRAINE",
          "unit": "participants",
          "param": "Number",
          "value": 19.0
        },
        {
          "title": "Region Treated",
          "subTitle": "UNITED STATES",
          "unit": "participants",
          "param": "Number",
          "value": 121.0
        }
      ],
      "drugs": [
        {
          "name": "Sitagliptin 100 mg"
        },
        {
          "name": "Metformin"
        },
        {
          "name": "Sulphonylurea"
        }
      ],
      "participants": [
        {
          "period": "Overall Study",
          "started": 378,
          "completed": 210,
          "notCompleted": 168,
          "incompleteDetails": [
            {
              "reason": "Adverse Event",
              "count": 14
            },
            {
              "reason": "Lost to Follow-up",
              "count": 8
            },
            {
              "reason": "Physician Decision",
              "count": 17
            },
            {
              "reason": "Protocol Violation",
              "count": 4
            },
            {
              "reason": "Withdrawal by Subject",
              "count": 13
            },
            {
              "reason": "Death",
              "count": 0
            },
            {
              "reason": "Patient met glycemic withdrawal criteria",
              "count": 85
            },
            {
              "reason": "Not specified",
              "count": 27
            }
          ]
        }
      ],
      "endpoints": [
        {
          "type": "Primary",
          "title": "Change in HbA1c From Baseline to Week 52",
          "timeFrame": "Day 1 (Baseline) and Week 52",
          "participants": 365,
          "measurements": [
            {
              "unit": "Percent",
              "param": "Least Squares Mean",
              "dispersion": "Standard Error",
              "value": -0.66,
              "spread": 0.049
            }
          ]
        },
        {
          "type": "Secondary",
          "title": "Percentage of Patients With HbA1c <7% at Week 52",
          "timeFrame": "Week 52",
          "participants": 365,
          "measurements": [
            {
              "unit": "Percentage of patients",
              "param": "Number",
              "value": 35.3
            }
          ]
        },
        {
          "type": "Secondary",
          "title": "Change in Fasting Plasma Glucose (FPG) From Baseline to Week 52",
          "timeFrame": "Day 1 (Baseline) and Week 52",
          "participants": 365,
          "measurements": [
            {
              "unit": "mg/dL",
              "param": "Least Squares Mean",
              "dispersion": "Standard Error",
              "value": -5.85,
              "spread": 2.232
            }
          ]
        },
        {
          "type": "Secondary",
          "title": "Percent Change in Body Weight From Baseline to Week 52",
          "timeFrame": "Day 1 (Baseline) and Week 52",
          "participants": 367,
          "measurements": [
            {
              "unit": "Percent change",
              "param": "Least Squares Mean",
              "dispersion": "Standard Error",
              "value": 0.3,
              "spread": 0.2
            }
          ]
        },
        {
          "type": "Secondary",
          "title": "Change in Systolic Blood Pressure (SBP) From Baseline to Week 52",
          "timeFrame": "Day 1 (Baseline) and Week 52",
          "participants": 367,
          "measurements": [
            {
              "unit": "mmHg",
              "param": "Least Squares Mean",
              "dispersion": "Standard Error",
              "value": 0.85,
              "spread": 0.666
            }
          ]
        },
        {
          "type": "Secondary",
          "title": "Percent Change in Triglycerides From Baseline to Week 52",
          "timeFrame": "Day 1 (Baseline) and Week 52",
          "participants": 353,
          "measurements": [
            {
              "unit": "Percent change",
              "param": "Least Squares Mean",
              "dispersion": "Standard Error",
              "value": 11.9,
              "spread": 2.9
            }
          ]
        },
        {
          "type": "Secondary",
          "title": "Percent Change in High-density Lipoprotein Cholesterol (HDL-C) From Baseline to Week 52",
          "timeFrame": "Day 1 (Baseline) and Week 52",
          "participants": 353,
          "measurements": [
            {
              "unit": "Percent change",
              "param": "Least Squares Mean",
              "dispersion": "Standard Error",
              "value": 0.6,
              "spread": 0.9
            }
          ]
        }
      ]
    }
  ],
  "analysis": [
    {
      "title": "Change in HbA1c From Baseline to Week 52",
      "groups": "Canagliflozin 300 mg vs. Sitagliptin 100 mg",
      "values": {
        "groups_desc": "If the hypothesis of non-inferiority of canagliflozin to sitagliptin at Week 52 was demonstrated (ie, upper bound of the 95% Confidence Interval of the treatment difference [canagliflozin minus sitagliptin] was less than 0.3) and the upper bound was less than 0.0, the superiority of the canagliflozin dose relative to sitagliptin would be concluded.",
        "non_inferiority_desc": "Power calculation: assuming a difference between canagliflozin and sitagliptin of 0.0% and a common standard deviation of 1.0%, and using a 2-sample, 1-sided t-test with a Type I error rate of 0.025, it was estimated that 234 patients per group would provide approximately 90% power to demonstrate non-inferiority with the non-inferiority margin of 0.3, comparing canagliflozin with sitagliptin.",
        "p_value": "<0.05",
        "method": "ANCOVA",
        "param_type": "Least-Squares Mean Difference",
        "param_value": "-0.37",
        "dispersion_type": "Standard Error of the Mean",
        "dispersion_value": "0.064",
        "ci_percent": "95",
        "ci_n_sides": "2-Sided",
        "ci_lower_limit": "-0.500",
        "ci_upper_limit": "-0.250"
      }
    },
    {
      "title": "Percentage of Patients With HbA1c <7% at Week 52",
      "groups": "Canagliflozin 300 mg vs. Sitagliptin 100 mg",
      "values": {
        "param_type": "Odds Ratio (OR)",
        "param_value": "1.80",
        "ci_percent": "95",
        "ci_n_sides": "2-Sided",
        "ci_lower_limit": "1.30",
        "ci_upper_limit": "2.48"
      }
    },
    {
      "title": "Change in Fasting Plasma Glucose (FPG) From Baseline to Week 52",
      "groups": "Canagliflozin 300 mg vs. Sitagliptin 100 mg",
      "values": {
        "p_value": "<0.001",
        "method": "ANCOVA",
        "param_type": "Least-Squares Mean Difference",
        "param_value": "-24.1",
        "ci_percent": "95",
        "ci_n_sides": "2-Sided",
        "ci_lower_limit": "-29.89",
        "ci_upper_limit": "-18.24"
      }
    },
    {
      "title": "Percent Change in Body Weight From Baseline to Week 52",
      "groups": "Canagliflozin 300 mg vs. Sitagliptin 100 mg",
      "values": {
        "p_value": "<0.001",
        "method": "ANCOVA",
        "param_type": "Least-Squares Mean Difference",
        "param_value": "-2.8",
        "dispersion_type": "Standard Error of the Mean",
        "dispersion_value": "0.3",
        "ci_percent": "95",
        "ci_n_sides": "2-Sided",
        "ci_lower_limit": "-3.3",
        "ci_upper_limit": "-2.2"
      }
    },
    {
      "title": "Change in Systolic Blood Pressure (SBP) From Baseline to Week 52",
      "groups": "Canagliflozin 300 mg vs. Sitagliptin 100 mg",
      "values": {
        "p_value": "<0.001",
        "method": "ANCOVA",
        "param_type": "Least-Squares Mean Difference",
        "param_value": "-5.91",
        "dispersion_type": "Standard Error of the Mean",
        "dispersion_value": "0.883",
        "ci_percent": "95",
        "ci_n_sides": "2-Sided",
        "ci_lower_limit": "-7.642",
        "ci_upper_limit": "-4.175"
      }
    },
    {
      "title": "Percent Change in Triglycerides From Baseline to Week 52",
      "groups": "Canagliflozin 300 mg vs. Sitagliptin 100 mg",
      "values": {
        "p_value": "0.554",
        "method": "ANCOVA",
        "param_type": "Least-Squares Mean Difference",
        "param_value": "-2.3",
        "dispersion_type": "Standard Error of the Mean",
        "dispersion_value": "3.9",
        "ci_percent": "95",
        "ci_n_sides": "2-Sided",
        "ci_lower_limit": "-9.8",
        "ci_upper_limit": "5.3"
      }
    },
    {
      "title": "Percent Change in High-density Lipoprotein Cholesterol (HDL-C) From Baseline to Week 52",
      "groups": "Canagliflozin 300 mg vs. Sitagliptin 100 mg",
      "values": {
        "p_value": "<0.001",
        "method": "ANCOVA",
        "param_type": "Least-Squares Mean Difference",
        "param_value": "7.0",
        "dispersion_type": "Standard Error of the Mean",
        "dispersion_value": "1.2",
        "ci_percent": "95",
        "ci_n_sides": "2-Sided",
        "ci_lower_limit": "4.6",
        "ci_upper_limit": "9.3"
      }
    }
  ]
}