{
  "source": {
    "sourceNumber": "NCT01318070",
    "authors": [
      "Takeda"
    ],
    "publicationYear": "2012",
    "title": "A Phase 2/3, Double-Blind, Randomized, Placebo-Controlled, Parallel-Group, Multicenter Study to Determine the Efficacy and Safety of SYR-322 When Used in Combination With Thiazolidine in Subjects With Type 2 Diabetes in Japan",
    "journal": "clintrials.gov",
    "publicationType": "clintrials",
    "firstAuthor": "Takeda",
    "references": [
      "A Phase 2/3, Double-Blind, Randomized, Placebo-Controlled, Parallel-Group, Multicenter Study to Determine the Efficacy and Safety of SYR-322 When Used in Combination With Thiazolidine in Subjects With Type 2 Diabetes in Japan. clintrials.gov"
    ]
  },
  "trial": {
    "trial": "SYR-322/CCT-004",
    "authorTrial": "Takeda 2012 (SYR-322/CCT-004)",
    "registryName": "NCT01318070",
    "location": [],
    "sponsor": "Takeda",
    "trialYear": "2007",
    "trialDesign": "Randomized,Parallel Assignment",
    "trialBlinding": "Double Blind (Subject, Caregiver, Investigator, Outcomes Assessor)",
    "primaryDrug": "Alogliptin and pioglitazone",
    "trialDuration": "12 Weeks"
  },
  "arms": [
    {
      "arm": "1",
      "label": "Alogliptin 12.5 mg QD and Pioglitazone 15 or 30mg QD",
      "type": "Experimental",
      "controlArm": false,
      "baselines": [
        {
          "title": "Number of Participants",
          "unit": "participants",
          "param": "Number",
          "value": 111.0
        },
        {
          "title": "Age, Customized",
          "subTitle": "≤ 64 years",
          "unit": "participants",
          "param": "Number",
          "value": 77.0
        },
        {
          "title": "Age, Customized",
          "subTitle": "≥ 65 years",
          "unit": "participants",
          "param": "Number",
          "value": 34.0
        },
        {
          "title": "Gender",
          "subTitle": "Female",
          "unit": "participants",
          "param": "Number",
          "value": 44.0
        },
        {
          "title": "Gender",
          "subTitle": "Male",
          "unit": "participants",
          "param": "Number",
          "value": 67.0
        }
      ],
      "drugs": [
        {
          "name": "Alogliptin and pioglitazone"
        }
      ],
      "participants": [
        {
          "period": "Overall Study",
          "started": 111,
          "completed": 109,
          "notCompleted": 2,
          "incompleteDetails": [
            {
              "reason": "Adverse Event",
              "count": 1
            },
            {
              "reason": "Withdrawal by Subject",
              "count": 0
            },
            {
              "reason": "Lack of Efficacy",
              "count": 0
            },
            {
              "reason": "Principal Investigator Discretion",
              "count": 1
            }
          ]
        }
      ],
      "endpoints": [
        {
          "type": "Secondary",
          "title": "Change From Baseline in Glycosylated Hemoglobin (Week 2).",
          "timeFrame": "Baseline and Week 2.",
          "participants": 110,
          "measurements": [
            {
              "unit": "percentage of Glycosylated Hemoglobin",
              "param": "Mean",
              "dispersion": "Standard Deviation",
              "value": -0.22,
              "spread": 0.15
            }
          ]
        },
        {
          "type": "Secondary",
          "title": "Change From Baseline in Glycosylated Hemoglobin (Week 4).",
          "timeFrame": "Baseline and Week 4.",
          "participants": 111,
          "measurements": [
            {
              "unit": "percentage of Glycosylated Hemoglobin",
              "param": "Mean",
              "dispersion": "Standard Deviation",
              "value": -0.47,
              "spread": 0.236
            }
          ]
        },
        {
          "type": "Secondary",
          "title": "Change From Baseline in Glycosylated Hemoglobin (Week 8).",
          "timeFrame": "Baseline and Week 8.",
          "participants": 111,
          "measurements": [
            {
              "unit": "percentage of Glycosylated Hemoglobin",
              "param": "Mean",
              "dispersion": "Standard Deviation",
              "value": -0.76,
              "spread": 0.353
            }
          ]
        },
        {
          "type": "Secondary",
          "title": "Change From Baseline in Fasting Plasma Glucose (Week 2).",
          "timeFrame": "Baseline and Week 2.",
          "participants": 110,
          "measurements": [
            {
              "unit": "mg/dL",
              "param": "Mean",
              "dispersion": "Standard Deviation",
              "value": -12.8,
              "spread": 14.68
            }
          ]
        },
        {
          "type": "Secondary",
          "title": "Change From Baseline in Fasting Plasma Glucose (Week 4).",
          "timeFrame": "Baseline and Week 4.",
          "participants": 111,
          "measurements": [
            {
              "unit": "mg/dL",
              "param": "Mean",
              "dispersion": "Standard Deviation",
              "value": -14.4,
              "spread": 18.45
            }
          ]
        },
        {
          "type": "Secondary",
          "title": "Change From Baseline in Fasting Plasma Glucose (Week 8).",
          "timeFrame": "Baseline and Week 8.",
          "participants": 111,
          "measurements": [
            {
              "unit": "mg/dL",
              "param": "Mean",
              "dispersion": "Standard Deviation",
              "value": -17.1,
              "spread": 16.96
            }
          ]
        },
        {
          "type": "Secondary",
          "title": "Change From Baseline in Fasting Plasma Glucose (Week 12).",
          "timeFrame": "Baseline and Week 12.",
          "participants": 111,
          "measurements": [
            {
              "unit": "mg/dL",
              "param": "Mean",
              "dispersion": "Standard Deviation",
              "value": -14.9,
              "spread": 18.42
            }
          ]
        },
        {
          "type": "Secondary",
          "title": "Change From Baseline in Blood Glucose Measured by the Meal Tolerance Test (Week 12).",
          "timeFrame": "Baseline and Week 12.",
          "participants": 110,
          "measurements": [
            {
              "unit": "mg/dL",
              "param": "Mean",
              "dispersion": "Standard Deviation",
              "value": 58.3,
              "spread": 28.75
            }
          ]
        },
        {
          "type": "Primary",
          "title": "Change From Baseline in Glycosylated Hemoglobin (Week 12).",
          "timeFrame": "Baseline and Week 12.",
          "participants": 111,
          "measurements": [
            {
              "unit": "percentage of Glycosylated Hemoglobin",
              "param": "Mean",
              "dispersion": "Standard Deviation",
              "value": -0.91,
              "spread": 0.441
            }
          ]
        }
      ]
    },
    {
      "arm": "2",
      "label": "Alogliptin 25 mg QD and Pioglitazone 15 or 30 mg QD",
      "type": "Experimental",
      "controlArm": false,
      "baselines": [
        {
          "title": "Number of Participants",
          "unit": "participants",
          "param": "Number",
          "value": 113.0
        },
        {
          "title": "Age, Customized",
          "subTitle": "≤ 64 years",
          "unit": "participants",
          "param": "Number",
          "value": 70.0
        },
        {
          "title": "Age, Customized",
          "subTitle": "≥ 65 years",
          "unit": "participants",
          "param": "Number",
          "value": 43.0
        },
        {
          "title": "Gender",
          "subTitle": "Female",
          "unit": "participants",
          "param": "Number",
          "value": 43.0
        },
        {
          "title": "Gender",
          "subTitle": "Male",
          "unit": "participants",
          "param": "Number",
          "value": 70.0
        }
      ],
      "drugs": [
        {
          "name": "Alogliptin and pioglitazone"
        }
      ],
      "participants": [
        {
          "period": "Overall Study",
          "started": 113,
          "completed": 111,
          "notCompleted": 2,
          "incompleteDetails": [
            {
              "reason": "Adverse Event",
              "count": 1
            },
            {
              "reason": "Withdrawal by Subject",
              "count": 1
            },
            {
              "reason": "Lack of Efficacy",
              "count": 0
            },
            {
              "reason": "Principal Investigator Discretion",
              "count": 0
            }
          ]
        }
      ],
      "endpoints": [
        {
          "type": "Secondary",
          "title": "Change From Baseline in Glycosylated Hemoglobin (Week 2).",
          "timeFrame": "Baseline and Week 2.",
          "participants": 111,
          "measurements": [
            {
              "unit": "percentage of Glycosylated Hemoglobin",
              "param": "Mean",
              "dispersion": "Standard Deviation",
              "value": -0.22,
              "spread": 0.154
            }
          ]
        },
        {
          "type": "Secondary",
          "title": "Change From Baseline in Glycosylated Hemoglobin (Week 4).",
          "timeFrame": "Baseline and Week 4.",
          "participants": 113,
          "measurements": [
            {
              "unit": "percentage of Glycosylated Hemoglobin",
              "param": "Mean",
              "dispersion": "Standard Deviation",
              "value": -0.46,
              "spread": 0.254
            }
          ]
        },
        {
          "type": "Secondary",
          "title": "Change From Baseline in Glycosylated Hemoglobin (Week 8).",
          "timeFrame": "Baseline and Week 8.",
          "participants": 113,
          "measurements": [
            {
              "unit": "percentage of Glycosylated Hemoglobin",
              "param": "Mean",
              "dispersion": "Standard Deviation",
              "value": -0.81,
              "spread": 0.398
            }
          ]
        },
        {
          "type": "Secondary",
          "title": "Change From Baseline in Fasting Plasma Glucose (Week 2).",
          "timeFrame": "Baseline and Week 2.",
          "participants": 113,
          "measurements": [
            {
              "unit": "mg/dL",
              "param": "Mean",
              "dispersion": "Standard Deviation",
              "value": -17.0,
              "spread": 18.36
            }
          ]
        },
        {
          "type": "Secondary",
          "title": "Change From Baseline in Fasting Plasma Glucose (Week 4).",
          "timeFrame": "Baseline and Week 4.",
          "participants": 113,
          "measurements": [
            {
              "unit": "mg/dL",
              "param": "Mean",
              "dispersion": "Standard Deviation",
              "value": -17.9,
              "spread": 20.16
            }
          ]
        },
        {
          "type": "Secondary",
          "title": "Change From Baseline in Fasting Plasma Glucose (Week 8).",
          "timeFrame": "Baseline and Week 8.",
          "participants": 113,
          "measurements": [
            {
              "unit": "mg/dL",
              "param": "Mean",
              "dispersion": "Standard Deviation",
              "value": -21.3,
              "spread": 20.2
            }
          ]
        },
        {
          "type": "Secondary",
          "title": "Change From Baseline in Fasting Plasma Glucose (Week 12).",
          "timeFrame": "Baseline and Week 12.",
          "participants": 113,
          "measurements": [
            {
              "unit": "mg/dL",
              "param": "Mean",
              "dispersion": "Standard Deviation",
              "value": -18.9,
              "spread": 20.96
            }
          ]
        },
        {
          "type": "Secondary",
          "title": "Change From Baseline in Blood Glucose Measured by the Meal Tolerance Test (Week 12).",
          "timeFrame": "Baseline and Week 12.",
          "participants": 111,
          "measurements": [
            {
              "unit": "mg/dL",
              "param": "Mean",
              "dispersion": "Standard Deviation",
              "value": 49.4,
              "spread": 29.27
            }
          ]
        },
        {
          "type": "Primary",
          "title": "Change From Baseline in Glycosylated Hemoglobin (Week 12).",
          "timeFrame": "Baseline and Week 12.",
          "participants": 113,
          "measurements": [
            {
              "unit": "percentage of Glycosylated Hemoglobin",
              "param": "Mean",
              "dispersion": "Standard Deviation",
              "value": -0.97,
              "spread": 0.517
            }
          ]
        }
      ]
    },
    {
      "arm": "3",
      "label": "Pioglitazone (15mg or 30mg ) QD",
      "type": "Active Comparator",
      "controlArm": true,
      "baselines": [
        {
          "title": "Number of Participants",
          "unit": "participants",
          "param": "Number",
          "value": 115.0
        },
        {
          "title": "Age, Customized",
          "subTitle": "≤ 64 years",
          "unit": "participants",
          "param": "Number",
          "value": 77.0
        },
        {
          "title": "Age, Customized",
          "subTitle": "≥ 65 years",
          "unit": "participants",
          "param": "Number",
          "value": 38.0
        },
        {
          "title": "Gender",
          "subTitle": "Female",
          "unit": "participants",
          "param": "Number",
          "value": 39.0
        },
        {
          "title": "Gender",
          "subTitle": "Male",
          "unit": "participants",
          "param": "Number",
          "value": 76.0
        }
      ],
      "drugs": [
        {
          "name": "Pioglitazone"
        }
      ],
      "participants": [
        {
          "period": "Overall Study",
          "started": 115,
          "completed": 108,
          "notCompleted": 7,
          "incompleteDetails": [
            {
              "reason": "Adverse Event",
              "count": 5
            },
            {
              "reason": "Withdrawal by Subject",
              "count": 1
            },
            {
              "reason": "Lack of Efficacy",
              "count": 1
            },
            {
              "reason": "Principal Investigator Discretion",
              "count": 0
            }
          ]
        }
      ],
      "endpoints": [
        {
          "type": "Secondary",
          "title": "Change From Baseline in Glycosylated Hemoglobin (Week 2).",
          "timeFrame": "Baseline and Week 2.",
          "participants": 115,
          "measurements": [
            {
              "unit": "percentage of Glycosylated Hemoglobin",
              "param": "Mean",
              "dispersion": "Standard Deviation",
              "value": -0.04,
              "spread": 0.186
            }
          ]
        },
        {
          "type": "Secondary",
          "title": "Change From Baseline in Glycosylated Hemoglobin (Week 4).",
          "timeFrame": "Baseline and Week 4.",
          "participants": 115,
          "measurements": [
            {
              "unit": "percentage of Glycosylated Hemoglobin",
              "param": "Mean",
              "dispersion": "Standard Deviation",
              "value": -0.1,
              "spread": 0.301
            }
          ]
        },
        {
          "type": "Secondary",
          "title": "Change From Baseline in Glycosylated Hemoglobin (Week 8).",
          "timeFrame": "Baseline and Week 8.",
          "participants": 115,
          "measurements": [
            {
              "unit": "percentage of Glycosylated Hemoglobin",
              "param": "Mean",
              "dispersion": "Standard Deviation",
              "value": -0.17,
              "spread": 0.433
            }
          ]
        },
        {
          "type": "Secondary",
          "title": "Change From Baseline in Fasting Plasma Glucose (Week 2).",
          "timeFrame": "Baseline and Week 2.",
          "participants": 115,
          "measurements": [
            {
              "unit": "mg/dL",
              "param": "Mean",
              "dispersion": "Standard Deviation",
              "value": -3.9,
              "spread": 18.25
            }
          ]
        },
        {
          "type": "Secondary",
          "title": "Change From Baseline in Fasting Plasma Glucose (Week 4).",
          "timeFrame": "Baseline and Week 4.",
          "participants": 115,
          "measurements": [
            {
              "unit": "mg/dL",
              "param": "Mean",
              "dispersion": "Standard Deviation",
              "value": -3.1,
              "spread": 19.54
            }
          ]
        },
        {
          "type": "Secondary",
          "title": "Change From Baseline in Fasting Plasma Glucose (Week 8).",
          "timeFrame": "Baseline and Week 8.",
          "participants": 115,
          "measurements": [
            {
              "unit": "mg/dL",
              "param": "Mean",
              "dispersion": "Standard Deviation",
              "value": -4.2,
              "spread": 22.29
            }
          ]
        },
        {
          "type": "Secondary",
          "title": "Change From Baseline in Fasting Plasma Glucose (Week 12).",
          "timeFrame": "Baseline and Week 12.",
          "participants": 115,
          "measurements": [
            {
              "unit": "mg/dL",
              "param": "Mean",
              "dispersion": "Standard Deviation",
              "value": -2.4,
              "spread": 26.84
            }
          ]
        },
        {
          "type": "Secondary",
          "title": "Change From Baseline in Blood Glucose Measured by the Meal Tolerance Test (Week 12).",
          "timeFrame": "Baseline and Week 12.",
          "participants": 109,
          "measurements": [
            {
              "unit": "mg/dL",
              "param": "Mean",
              "dispersion": "Standard Deviation",
              "value": 70.6,
              "spread": 39.58
            }
          ]
        },
        {
          "type": "Primary",
          "title": "Change From Baseline in Glycosylated Hemoglobin (Week 12).",
          "timeFrame": "Baseline and Week 12.",
          "participants": 115,
          "measurements": [
            {
              "unit": "percentage of Glycosylated Hemoglobin",
              "param": "Mean",
              "dispersion": "Standard Deviation",
              "value": -0.19,
              "spread": 0.552
            }
          ]
        }
      ]
    }
  ],
  "analysis": [
    {
      "title": "Change From Baseline in Glycosylated Hemoglobin (Week 2).",
      "groups": "Alogliptin 12.5 mg QD and Pioglitazone 15 or 30mg QD vs. Pioglitazone 15 mg or 30 mg QD",
      "values": {
        "param_type": "Mean Difference (Final Values)",
        "param_value": "-0.179",
        "ci_percent": "95",
        "ci_n_sides": "2-Sided",
        "ci_lower_limit": "-0.224",
        "ci_upper_limit": "-0.135"
      }
    },
    {
      "title": "Change From Baseline in Glycosylated Hemoglobin (Week 2).",
      "groups": "Alogliptin 25 mg QD and Pioglitazone 15 or 30 mg QD vs. Pioglitazone 15 mg or 30 mg QD",
      "values": {
        "param_type": "Mean Difference (Final Values)",
        "param_value": "-0.180",
        "ci_percent": "95",
        "ci_n_sides": "2-Sided",
        "ci_lower_limit": "-0.225",
        "ci_upper_limit": "-0.135"
      }
    },
    {
      "title": "Change From Baseline in Glycosylated Hemoglobin (Week 4).",
      "groups": "Alogliptin 12.5 mg QD and Pioglitazone 15 or 30mg QD vs. Pioglitazone 15 mg or 30 mg QD",
      "values": {
        "param_type": "Mean Difference (Final Values)",
        "param_value": "-0.363",
        "ci_percent": "95",
        "ci_n_sides": "2-Sided",
        "ci_lower_limit": "-0.434",
        "ci_upper_limit": "-0.292"
      }
    },
    {
      "title": "Change From Baseline in Glycosylated Hemoglobin (Week 4).",
      "groups": "Alogliptin 25 mg QD and Pioglitazone 15 or 30 mg QD vs. Pioglitazone 15 mg or 30 mg QD",
      "values": {
        "param_type": "Mean Difference (Final Values)",
        "param_value": "-0.359",
        "ci_percent": "95",
        "ci_n_sides": "2-Sided",
        "ci_lower_limit": "-0.432",
        "ci_upper_limit": "-0.287"
      }
    },
    {
      "title": "Change From Baseline in Glycosylated Hemoglobin (Week 8).",
      "groups": "Alogliptin 12.5 mg QD and Pioglitazone 15 or 30mg QD vs. Pioglitazone 15 mg or 30 mg QD",
      "values": {
        "param_type": "Mean Difference (Final Values)",
        "param_value": "-0.588",
        "ci_percent": "95",
        "ci_n_sides": "2-Sided",
        "ci_lower_limit": "-0.692",
        "ci_upper_limit": "-0.484"
      }
    },
    {
      "title": "Change From Baseline in Glycosylated Hemoglobin (Week 8).",
      "groups": "Alogliptin 25 mg QD and Pioglitazone 15 or 30 mg QD vs. Pioglitazone 15 mg or 30 mg QD",
      "values": {
        "param_type": "Mean Difference (Final Values)",
        "param_value": "-0.635",
        "ci_percent": "95",
        "ci_n_sides": "2-Sided",
        "ci_lower_limit": "-0.743",
        "ci_upper_limit": "-0.526"
      }
    },
    {
      "title": "Change From Baseline in Fasting Plasma Glucose (Week 2).",
      "groups": "Alogliptin 12.5 mg QD and Pioglitazone 15 or 30mg QD vs. Pioglitazone 15 mg or 30 mg QD",
      "values": {
        "param_type": "Mean Difference (Final Values)",
        "param_value": "-8.83",
        "ci_percent": "95",
        "ci_n_sides": "2-Sided",
        "ci_lower_limit": "-13.20",
        "ci_upper_limit": "-4.47"
      }
    },
    {
      "title": "Change From Baseline in Fasting Plasma Glucose (Week 2).",
      "groups": "Alogliptin 25 mg QD and Pioglitazone 15 or 30 mg QD vs. Pioglitazone 15 mg or 30 mg QD",
      "values": {
        "param_type": "Mean Difference (Final Values)",
        "param_value": "-13.06",
        "ci_percent": "95",
        "ci_n_sides": "2-Sided",
        "ci_lower_limit": "-17.86",
        "ci_upper_limit": "-8.26"
      }
    },
    {
      "title": "Change From Baseline in Fasting Plasma Glucose (Week 4).",
      "groups": "Alogliptin 12.5 mg QD and Pioglitazone 15 or 30mg QD vs. Pioglitazone 15 mg or 30 mg QD",
      "values": {
        "param_type": "Mean Difference (Final Values)",
        "param_value": "-11.24",
        "ci_percent": "95",
        "ci_n_sides": "2-Sided",
        "ci_lower_limit": "-16.22",
        "ci_upper_limit": "-6.25"
      }
    },
    {
      "title": "Change From Baseline in Fasting Plasma Glucose (Week 4).",
      "groups": "Alogliptin 25 mg QD and Pioglitazone 15 or 30 mg QD vs. Pioglitazone 15 mg or 30 mg QD",
      "values": {
        "param_type": "Mean Difference (Final Values)",
        "param_value": "-14.82",
        "ci_percent": "95",
        "ci_n_sides": "2-Sided",
        "ci_lower_limit": "-20.00",
        "ci_upper_limit": "-9.63"
      }
    },
    {
      "title": "Change From Baseline in Fasting Plasma Glucose (Week 8).",
      "groups": "Alogliptin 12.5 mg QD and Pioglitazone 15 or 30mg QD vs. Pioglitazone 15 mg or 30 mg QD",
      "values": {
        "param_type": "Mean Difference (Final Values)",
        "param_value": "-12.88",
        "ci_percent": "95",
        "ci_n_sides": "2-Sided",
        "ci_lower_limit": "-18.09",
        "ci_upper_limit": "-7.68"
      }
    },
    {
      "title": "Change From Baseline in Fasting Plasma Glucose (Week 8).",
      "groups": "Alogliptin 25 mg QD and Pioglitazone 15 or 30 mg QD vs. Pioglitazone 15 mg or 30 mg QD",
      "values": {
        "param_type": "Mean Difference (Final Values)",
        "param_value": "-17.08",
        "ci_percent": "95",
        "ci_n_sides": "2-Sided",
        "ci_lower_limit": "-22.64",
        "ci_upper_limit": "-11.53"
      }
    },
    {
      "title": "Change From Baseline in Fasting Plasma Glucose (Week 12).",
      "groups": "Alogliptin 12.5 mg QD and Pioglitazone 15 or 30mg QD vs. Pioglitazone 15 mg or 30 mg QD",
      "values": {
        "param_type": "Mean Difference (Final Values)",
        "param_value": "-12.46",
        "ci_percent": "95",
        "ci_n_sides": "2-Sided",
        "ci_lower_limit": "-18.51",
        "ci_upper_limit": "-6.40"
      }
    },
    {
      "title": "Change From Baseline in Fasting Plasma Glucose (Week 12).",
      "groups": "Alogliptin 25 mg QD and Pioglitazone 15 or 30 mg QD vs. Pioglitazone 15 mg or 30 mg QD",
      "values": {
        "param_type": "Mean Difference (Final Values)",
        "param_value": "-16.49",
        "ci_percent": "95",
        "ci_n_sides": "2-Sided",
        "ci_lower_limit": "-22.78",
        "ci_upper_limit": "-10.19"
      }
    },
    {
      "title": "Change From Baseline in Blood Glucose Measured by the Meal Tolerance Test (Week 12).",
      "groups": "Alogliptin 12.5 mg QD and Pioglitazone 15 or 30mg QD vs. Pioglitazone 15 mg or 30 mg QD",
      "values": {
        "param_type": "Mean Difference (Final Values)",
        "param_value": "-12.31",
        "ci_percent": "95",
        "ci_n_sides": "2-Sided",
        "ci_lower_limit": "-21.51",
        "ci_upper_limit": "-3.10"
      }
    },
    {
      "title": "Change From Baseline in Blood Glucose Measured by the Meal Tolerance Test (Week 12).",
      "groups": "Alogliptin 25 mg QD and Pioglitazone 15 or 30 mg QD vs. Pioglitazone 15 mg or 30 mg QD",
      "values": {
        "param_type": "Mean Difference (Final Values)",
        "param_value": "-21.19",
        "ci_percent": "95",
        "ci_n_sides": "2-Sided",
        "ci_lower_limit": "-30.43",
        "ci_upper_limit": "-11.95"
      }
    },
    {
      "title": "Change From Baseline in Glycosylated Hemoglobin (Week 12).",
      "groups": "Alogliptin 12.5 mg QD and Pioglitazone 15 or 30mg QD vs. Pioglitazone 15 mg or 30 mg QD",
      "values": {
        "param_type": "Median Difference (Final Values)",
        "param_value": "-0.717",
        "ci_percent": "95",
        "ci_n_sides": "2-Sided",
        "ci_lower_limit": "-0.848",
        "ci_upper_limit": "-0.586"
      }
    },
    {
      "title": "Change From Baseline in Glycosylated Hemoglobin (Week 12).",
      "groups": "Alogliptin 25 mg QD and Pioglitazone 15 or 30 mg QD vs. Pioglitazone 15 mg or 30 mg QD",
      "values": {
        "param_type": "Mean Difference (Final Values)",
        "param_value": "-0.773",
        "ci_percent": "95",
        "ci_n_sides": "2-Sided",
        "ci_lower_limit": "-0.913",
        "ci_upper_limit": "-0.634"
      }
    }
  ]
}