{
  "source": {
    "sourceNumber": "NCT00575588",
    "authors": [
      "AstraZeneca"
    ],
    "publicationYear": "2012",
    "title": "A 52-Week International, Multi-centre, Randomized, Parallel-group, Double-blind, Active-controlled, Phase III Study With a 52-Week Extension Period to Evaluate the Safety and Efficacy of Saxagliptin in Combination With Metformin Compared With Sulphonylurea in Combination With Metformin in Adult Patients With Type 2 Diabetes Who Have Inadequate Glycaemic Control on Metformin Therapy Alone.",
    "journal": "clintrials.gov",
    "publicationType": "clintrials",
    "firstAuthor": "AstraZeneca",
    "references": [
      "A 52-Week International, Multi-centre, Randomized, Parallel-group, Double-blind, Active-controlled, Phase III Study With a 52-Week Extension Period to Evaluate the Safety and Efficacy of Saxagliptin in Combination With Metformin Compared With Sulphonylurea in Combination With Metformin in Adult Patients With Type 2 Diabetes Who Have Inadequate Glycaemic Control on Metformin Therapy Alone.. clintrials.gov"
    ]
  },
  "trial": {
    "trial": "D1680C00001",
    "authorTrial": "AstraZeneca 2012 (D1680C00001)",
    "registryName": "NCT00575588",
    "location": [
      "Finland",
      "Germany",
      "Hungary",
      "India",
      "Korea, Republic of",
      "Netherlands",
      "Norway",
      "Russian Federation",
      "Slovakia",
      "United Kingdom",
      "Vietnam"
    ],
    "sponsor": "AstraZeneca",
    "trialYear": "2007",
    "trialDesign": "Randomized,Parallel Assignment",
    "trialBlinding": "Double Blind (Subject, Caregiver, Investigator, Outcomes Assessor)",
    "primaryDrug": "Metformin, Saxagliptin, Sulphonylurea",
    "trialDuration": "52 Weeks"
  },
  "arms": [
    {
      "arm": "1",
      "label": "Saxagliptin",
      "type": "Experimental",
      "controlArm": false,
      "baselines": [
        {
          "title": "Number of Participants",
          "unit": "participants",
          "param": "Number",
          "value": 428.0
        },
        {
          "title": "Age",
          "unit": "years",
          "param": "Mean",
          "dispersion": "Standard Deviation",
          "value": 57.5,
          "spread": 10.26
        },
        {
          "title": "Gender",
          "subTitle": "Female",
          "unit": "Participants",
          "param": "Number",
          "value": 216.0
        },
        {
          "title": "Gender",
          "subTitle": "Male",
          "unit": "Participants",
          "param": "Number",
          "value": 212.0
        }
      ],
      "drugs": [
        {
          "name": "Metformin"
        },
        {
          "name": "Saxagliptin"
        }
      ],
      "participants": [
        {
          "period": "Overall Study",
          "started": 428,
          "completed": 165,
          "notCompleted": 263,
          "incompleteDetails": [
            {
              "reason": "Adverse Event",
              "count": 11
            },
            {
              "reason": "Withdrawal by Subject",
              "count": 27
            },
            {
              "reason": "Lost to Follow-up",
              "count": 1
            },
            {
              "reason": "Death",
              "count": 4
            },
            {
              "reason": "Incorrect enrollment",
              "count": 8
            },
            {
              "reason": "Study specific discontinuation criteria",
              "count": 203
            },
            {
              "reason": "Severe non-compliance to protocol",
              "count": 5
            },
            {
              "reason": "Safety reasons",
              "count": 2
            },
            {
              "reason": "Elevated triglyceride",
              "count": 1
            },
            {
              "reason": "Patient moved",
              "count": 1
            },
            {
              "reason": "Impossible to determine HbA1c",
              "count": 0
            }
          ]
        }
      ],
      "endpoints": [
        {
          "type": "Primary",
          "title": "Hemoglobin A1c (HbA1c) Change From Baseline to Week 52",
          "timeFrame": "Baseline to 52 Weeks",
          "participants": 293,
          "measurements": [
            {
              "subTitle": "Baseline",
              "unit": "Percent",
              "param": "Mean",
              "dispersion": "Standard Error",
              "value": 7.46,
              "spread": 0.045
            },
            {
              "subTitle": "Week 52",
              "unit": "Percent",
              "param": "Mean",
              "dispersion": "Standard Error",
              "value": 6.74,
              "spread": 0.042
            },
            {
              "subTitle": "Adjusted Change from Baseline to Week 52",
              "unit": "Percent",
              "param": "Mean",
              "dispersion": "Standard Error",
              "value": -0.74,
              "spread": 0.038
            }
          ]
        },
        {
          "type": "Secondary",
          "title": "Proportion of Participants Reporting at Least One Episode of Any Hypoglycaemic Event Over 52 Weeks",
          "timeFrame": "From Baseline to Week 52",
          "participants": 428,
          "measurements": [
            {
              "unit": "Percentage of Participants",
              "param": "Number",
              "value": 3.0,
              "lowerLimit": -38.1,
              "upperLimit": -28.5
            }
          ]
        },
        {
          "type": "Secondary",
          "title": "Body Weight Change From Baseline to Week 52",
          "timeFrame": "Baseline, Week 52 (Last Observation Carried Forward)",
          "participants": 424,
          "measurements": [
            {
              "subTitle": "Baseline",
              "unit": "kilogram",
              "param": "Mean",
              "dispersion": "Standard Error",
              "value": 88.7,
              "spread": 0.91
            },
            {
              "subTitle": "Week 52",
              "unit": "kilogram",
              "param": "Mean",
              "dispersion": "Standard Error",
              "value": 87.6,
              "spread": 0.9
            },
            {
              "subTitle": "Adjusted Change from Baseline to Week 52",
              "unit": "kilogram",
              "param": "Mean",
              "dispersion": "Standard Error",
              "value": -1.1,
              "spread": 0.17
            }
          ]
        },
        {
          "type": "Secondary",
          "title": "Mean Slope of the Regressions of Change From Week 24 to Week 52 in HbA1c",
          "timeFrame": "Week 24 to Week 52",
          "participants": 289,
          "measurements": [
            {
              "unit": "Percent",
              "param": "Mean",
              "dispersion": "Standard Error",
              "value": 0.001,
              "spread": 0.001
            }
          ]
        },
        {
          "type": "Other Pre-specified",
          "title": "Hemoglobin A1c (HbA1c) Change From Baseline to Week 104",
          "timeFrame": "Baseline, Week 104",
          "participants": 423,
          "measurements": [
            {
              "subTitle": "Baseline",
              "unit": "Percent",
              "param": "Mean",
              "dispersion": "Standard Error",
              "value": 7.65,
              "spread": 0.044
            },
            {
              "subTitle": "Week 104",
              "unit": "Percent",
              "param": "Mean",
              "dispersion": "Standard Error",
              "value": 7.27,
              "spread": 0.05
            },
            {
              "subTitle": "Adjusted Change from Baseline to Week 104",
              "unit": "Percent",
              "param": "Mean",
              "dispersion": "Standard Error",
              "value": -0.41,
              "spread": 0.041
            }
          ]
        },
        {
          "type": "Other Pre-specified",
          "title": "Proportion of Participants Reporting at Least One Episode of Any Hypoglycaemic Event Over 104 Weeks",
          "timeFrame": "Baseline, Week 104",
          "participants": 428,
          "measurements": [
            {
              "unit": "Percentage of Participants",
              "param": "Number",
              "value": 3.5
            }
          ]
        },
        {
          "type": "Other Pre-specified",
          "title": "Body Weight Change From Baseline to Week 104",
          "timeFrame": "Baseline, Week 104",
          "participants": 424,
          "measurements": [
            {
              "subTitle": "Baseline",
              "unit": "kilograms",
              "param": "Mean",
              "dispersion": "Standard Error",
              "value": 88.69,
              "spread": 0.905
            },
            {
              "subTitle": "Week 104",
              "unit": "kilograms",
              "param": "Mean",
              "dispersion": "Standard Error",
              "value": 87.47,
              "spread": 0.898
            },
            {
              "subTitle": "Adjusted Change from Baseline to Week 104",
              "unit": "kilograms",
              "param": "Mean",
              "dispersion": "Standard Error",
              "value": -1.47,
              "spread": 0.2
            }
          ]
        },
        {
          "type": "Other Pre-specified",
          "title": "Mean Slope of the Regressions of Change From Week 24 to Week 104 in HbA1c",
          "timeFrame": "Week 24 to Week 104",
          "participants": 373,
          "measurements": [
            {
              "unit": "Percent",
              "param": "Mean",
              "dispersion": "Standard Error",
              "value": 0.0041,
              "spread": 5.0E-4
            }
          ]
        }
      ]
    },
    {
      "arm": "2",
      "label": "Glipizide",
      "type": "Experimental",
      "controlArm": false,
      "baselines": [
        {
          "title": "Number of Participants",
          "unit": "participants",
          "param": "Number",
          "value": 430.0
        },
        {
          "title": "Age",
          "unit": "years",
          "param": "Mean",
          "dispersion": "Standard Deviation",
          "value": 57.59,
          "spread": 10.37
        },
        {
          "title": "Gender",
          "subTitle": "Female",
          "unit": "Participants",
          "param": "Number",
          "value": 198.0
        },
        {
          "title": "Gender",
          "subTitle": "Male",
          "unit": "Participants",
          "param": "Number",
          "value": 232.0
        }
      ],
      "drugs": [
        {
          "name": "Metformin"
        },
        {
          "name": "Sulphonylurea"
        }
      ],
      "participants": [
        {
          "period": "Overall Study",
          "started": 430,
          "completed": 147,
          "notCompleted": 283,
          "incompleteDetails": [
            {
              "reason": "Adverse Event",
              "count": 13
            },
            {
              "reason": "Withdrawal by Subject",
              "count": 31
            },
            {
              "reason": "Lost to Follow-up",
              "count": 3
            },
            {
              "reason": "Death",
              "count": 2
            },
            {
              "reason": "Incorrect enrollment",
              "count": 4
            },
            {
              "reason": "Study specific discontinuation criteria",
              "count": 218
            },
            {
              "reason": "Severe non-compliance to protocol",
              "count": 7
            },
            {
              "reason": "Safety reasons",
              "count": 1
            },
            {
              "reason": "Elevated triglyceride",
              "count": 0
            },
            {
              "reason": "Patient moved",
              "count": 3
            },
            {
              "reason": "Impossible to determine HbA1c",
              "count": 1
            }
          ]
        }
      ],
      "endpoints": [
        {
          "type": "Primary",
          "title": "Hemoglobin A1c (HbA1c) Change From Baseline to Week 52",
          "timeFrame": "Baseline to 52 Weeks",
          "participants": 293,
          "measurements": [
            {
              "subTitle": "Baseline",
              "unit": "Percent",
              "param": "Mean",
              "dispersion": "Standard Error",
              "value": 7.53,
              "spread": 0.045
            },
            {
              "subTitle": "Week 52",
              "unit": "Percent",
              "param": "Mean",
              "dispersion": "Standard Error",
              "value": 6.71,
              "spread": 0.042
            },
            {
              "subTitle": "Adjusted Change from Baseline to Week 52",
              "unit": "Percent",
              "param": "Mean",
              "dispersion": "Standard Error",
              "value": -0.8,
              "spread": 0.038
            }
          ]
        },
        {
          "type": "Secondary",
          "title": "Proportion of Participants Reporting at Least One Episode of Any Hypoglycaemic Event Over 52 Weeks",
          "timeFrame": "From Baseline to Week 52",
          "participants": 430,
          "measurements": [
            {
              "unit": "Percentage of Participants",
              "param": "Number",
              "value": 36.3,
              "lowerLimit": 0.0,
              "upperLimit": 0.0
            }
          ]
        },
        {
          "type": "Secondary",
          "title": "Body Weight Change From Baseline to Week 52",
          "timeFrame": "Baseline, Week 52 (Last Observation Carried Forward)",
          "participants": 426,
          "measurements": [
            {
              "subTitle": "Baseline",
              "unit": "kilogram",
              "param": "Mean",
              "dispersion": "Standard Error",
              "value": 88.6,
              "spread": 0.95
            },
            {
              "subTitle": "Week 52",
              "unit": "kilogram",
              "param": "Mean",
              "dispersion": "Standard Error",
              "value": 89.7,
              "spread": 0.99
            },
            {
              "subTitle": "Adjusted Change from Baseline to Week 52",
              "unit": "kilogram",
              "param": "Mean",
              "dispersion": "Standard Error",
              "value": 1.1,
              "spread": 0.17
            }
          ]
        },
        {
          "type": "Secondary",
          "title": "Mean Slope of the Regressions of Change From Week 24 to Week 52 in HbA1c",
          "timeFrame": "Week 24 to Week 52",
          "participants": 293,
          "measurements": [
            {
              "unit": "Percent",
              "param": "Mean",
              "dispersion": "Standard Error",
              "value": 0.004,
              "spread": 0.001
            }
          ]
        },
        {
          "type": "Other Pre-specified",
          "title": "Hemoglobin A1c (HbA1c) Change From Baseline to Week 104",
          "timeFrame": "Baseline, Week 104",
          "participants": 423,
          "measurements": [
            {
              "subTitle": "Baseline",
              "unit": "Percent",
              "param": "Mean",
              "dispersion": "Standard Error",
              "value": 7.65,
              "spread": 0.041
            },
            {
              "subTitle": "Week 104",
              "unit": "Percent",
              "param": "Mean",
              "dispersion": "Standard Error",
              "value": 7.27,
              "spread": 0.046
            },
            {
              "subTitle": "Adjusted Change from Baseline to Week 104",
              "unit": "Percent",
              "param": "Mean",
              "dispersion": "Standard Error",
              "value": -0.35,
              "spread": 0.043
            }
          ]
        },
        {
          "type": "Other Pre-specified",
          "title": "Proportion of Participants Reporting at Least One Episode of Any Hypoglycaemic Event Over 104 Weeks",
          "timeFrame": "Baseline, Week 104",
          "participants": 430,
          "measurements": [
            {
              "unit": "Percentage of Participants",
              "param": "Number",
              "value": 38.4
            }
          ]
        },
        {
          "type": "Other Pre-specified",
          "title": "Body Weight Change From Baseline to Week 104",
          "timeFrame": "Baseline, Week 104",
          "participants": 426,
          "measurements": [
            {
              "subTitle": "Baseline",
              "unit": "kilograms",
              "param": "Mean",
              "dispersion": "Standard Error",
              "value": 88.57,
              "spread": 0.955
            },
            {
              "subTitle": "Week 104",
              "unit": "kilograms",
              "param": "Mean",
              "dispersion": "Standard Error",
              "value": 89.8,
              "spread": 0.987
            },
            {
              "subTitle": "Adjusted Change from Baseline to Week 104",
              "unit": "kilograms",
              "param": "Mean",
              "dispersion": "Standard Error",
              "value": 1.29,
              "spread": 0.205
            }
          ]
        },
        {
          "type": "Other Pre-specified",
          "title": "Mean Slope of the Regressions of Change From Week 24 to Week 104 in HbA1c",
          "timeFrame": "Week 24 to Week 104",
          "participants": 377,
          "measurements": [
            {
              "unit": "Percent",
              "param": "Mean",
              "dispersion": "Standard Error",
              "value": 0.0076,
              "spread": 5.0E-4
            }
          ]
        }
      ]
    }
  ],
  "analysis": [
    {
      "title": "Hemoglobin A1c (HbA1c) Change From Baseline to Week 52",
      "groups": "Saxagliptin + Metformin vs. Glipizide + Metformin",
      "values": {
        "param_type": "Mean Difference (Net)",
        "param_value": "0.06",
        "dispersion_type": "Standard Error of the Mean",
        "dispersion_value": "0.053",
        "ci_percent": "95",
        "ci_n_sides": "2-Sided",
        "ci_lower_limit": "-0.05",
        "ci_upper_limit": "0.16"
      }
    },
    {
      "title": "Proportion of Participants Reporting at Least One Episode of Any Hypoglycaemic Event Over 52 Weeks",
      "groups": "Saxagliptin + Metformin vs. Glipizide + Metformin",
      "values": {
        "p_value": "<0.0001",
        "p_value_desc": "Between group comparison significant after controlling overall alpha of the study",
        "method": "Fisher Exact",
        "param_type": "Mean Difference (Net)",
        "param_value": "-33.2",
        "ci_percent": "95",
        "ci_n_sides": "2-Sided",
        "ci_lower_limit": "-38.1",
        "ci_upper_limit": "-28.5"
      }
    },
    {
      "title": "Body Weight Change From Baseline to Week 52",
      "groups": "Saxagliptin + Metformin vs. Glipizide + Metformin",
      "values": {
        "p_value": "<0.0001",
        "p_value_desc": "Between group comparison significant after controlling overall alpha of the study",
        "method": "ANCOVA",
        "param_type": "Mean Difference (Net)",
        "param_value": "-2.2",
        "dispersion_type": "Standard Error of the Mean",
        "dispersion_value": "0.24",
        "ci_percent": "95",
        "ci_lower_limit": "-2.7",
        "ci_upper_limit": "-1.7"
      }
    },
    {
      "title": "Mean Slope of the Regressions of Change From Week 24 to Week 52 in HbA1c",
      "groups": "Saxagliptin + Metformin vs. Glipizide + Metformin",
      "values": {
        "p_value": "0.040",
        "p_value_desc": "Between group comparison significant after controlling overall alpha of the study",
        "method": "Mixed Models Analysis",
        "param_type": "Mean Difference (Net)",
        "param_value": "-0.002",
        "dispersion_type": "Standard Error of the Mean",
        "dispersion_value": "0.001",
        "ci_percent": "95",
        "ci_n_sides": "2-Sided",
        "ci_lower_limit": "-0.0046",
        "ci_upper_limit": "-0.0001"
      }
    },
    {
      "title": "Hemoglobin A1c (HbA1c) Change From Baseline to Week 104",
      "groups": "Saxagliptin + Metformin vs. Glipizide + Metformin",
      "values": {
        "param_type": "Mean Difference (Net)",
        "param_value": "-0.05",
        "dispersion_type": "Standard Error of the Mean",
        "dispersion_value": "0.059",
        "ci_percent": "95",
        "ci_n_sides": "2-Sided",
        "ci_lower_limit": "-0.17",
        "ci_upper_limit": "0.06"
      }
    },
    {
      "title": "Proportion of Participants Reporting at Least One Episode of Any Hypoglycaemic Event Over 104 Weeks",
      "groups": "Saxagliptin + Metformin vs. Glipizide + Metformin",
      "values": {
        "param_type": "Mean Difference (Net)",
        "param_value": "-34.9",
        "ci_percent": "95",
        "ci_n_sides": "2-Sided",
        "ci_lower_limit": "-39.8",
        "ci_upper_limit": "-30.0"
      }
    },
    {
      "title": "Body Weight Change From Baseline to Week 104",
      "groups": "Saxagliptin + Metformin vs. Glipizide + Metformin",
      "values": {
        "param_type": "Mean Difference (Net)",
        "param_value": "-2.76",
        "dispersion_type": "Standard Error of the Mean",
        "dispersion_value": "0.286",
        "ci_percent": "95",
        "ci_n_sides": "2-Sided",
        "ci_lower_limit": "-3.32",
        "ci_upper_limit": "-2.20"
      }
    },
    {
      "title": "Mean Slope of the Regressions of Change From Week 24 to Week 104 in HbA1c",
      "groups": "Saxagliptin + Metformin vs. Glipizide + Metformin",
      "values": {
        "param_type": "Mean Difference (Net)",
        "param_value": "-0.0035",
        "dispersion_type": "Standard Error of the Mean",
        "dispersion_value": "0.0007",
        "ci_percent": "95",
        "ci_n_sides": "2-Sided",
        "ci_lower_limit": "-0.0048",
        "ci_upper_limit": "-0.0022"
      }
    }
  ]
}