{
  "source": {
    "sourceNumber": "NCT01194830",
    "authors": [
      "Boehringer Ingelheim"
    ],
    "publicationYear": "2013",
    "title": "A Phase IIIb, 24-week, Randomised, Placebo-controlled, Double-blinded, Efficacy and Safety Study of Linagliptin (BI 1356) in Black/African American Patients With Type 2 Diabetes With a MTT Sub-study",
    "journal": "clintrials.gov",
    "publicationType": "clintrials",
    "firstAuthor": "Boehringer Ingelheim",
    "references": [
      "A Phase IIIb, 24-week, Randomised, Placebo-controlled, Double-blinded, Efficacy and Safety Study of Linagliptin (BI 1356) in Black/African American Patients With Type 2 Diabetes With a MTT Sub-study. clintrials.gov"
    ]
  },
  "trial": {
    "trial": "1218.75",
    "authorTrial": "Boehringer Ingelheim 2013 (1218.75)",
    "registryName": "NCT01194830",
    "location": [
      "United States"
    ],
    "sponsor": "Boehringer Ingelheim",
    "trialYear": "2010",
    "trialDesign": "Randomized,Parallel Assignment",
    "trialBlinding": "Double-Blind",
    "primaryDrug": "Linagliptin",
    "trialDuration": "24 Weeks"
  },
  "arms": [
    {
      "arm": "1",
      "label": "Linagliptin",
      "type": "Active Comparator",
      "controlArm": false,
      "baselines": [
        {
          "title": "Number of Participants",
          "unit": "participants",
          "param": "Number",
          "value": 106.0
        },
        {
          "title": "Age",
          "unit": "years",
          "param": "Mean",
          "dispersion": "Standard Deviation",
          "value": 53.7,
          "spread": 10.1
        },
        {
          "title": "Age, Customized",
          "subTitle": "< 65 years",
          "unit": "Number of participants",
          "param": "Number",
          "value": 89.0
        },
        {
          "title": "Age, Customized",
          "subTitle": "65 to 74 years",
          "unit": "Number of participants",
          "param": "Number",
          "value": 14.0
        },
        {
          "title": "Age, Customized",
          "subTitle": ">= 75 years",
          "unit": "Number of participants",
          "param": "Number",
          "value": 3.0
        },
        {
          "title": "Gender",
          "subTitle": "Female",
          "unit": "Number of participants",
          "param": "Number",
          "value": 46.0
        },
        {
          "title": "Gender",
          "subTitle": "Male",
          "unit": "Number of participants",
          "param": "Number",
          "value": 60.0
        },
        {
          "title": "Weight",
          "unit": "kilograms",
          "param": "Mean",
          "dispersion": "Standard Deviation",
          "value": 95.83,
          "spread": 20.96
        },
        {
          "title": "Weight categories",
          "subTitle": "<= 70 kilograms",
          "unit": "Number of participants",
          "param": "Number",
          "value": 8.0
        },
        {
          "title": "Weight categories",
          "subTitle": "> 70 to 80 kilograms",
          "unit": "Number of participants",
          "param": "Number",
          "value": 18.0
        },
        {
          "title": "Weight categories",
          "subTitle": "> 80 to 90 kilograms",
          "unit": "Number of participants",
          "param": "Number",
          "value": 26.0
        },
        {
          "title": "Weight categories",
          "subTitle": "> 90 kilograms",
          "unit": "Number of participants",
          "param": "Number",
          "value": 54.0
        },
        {
          "title": "Body Mass Index (BMI)",
          "unit": "kilograms per square meter",
          "param": "Mean",
          "dispersion": "Standard Deviation",
          "value": 32.04,
          "spread": 6.1
        },
        {
          "title": "Body Mass Index (BMI) categories",
          "subTitle": "< 30 kilograms/square meter",
          "unit": "Number of participants",
          "param": "Number",
          "value": 45.0
        },
        {
          "title": "Body Mass Index (BMI) categories",
          "subTitle": ">= 30 kilograms/square meter",
          "unit": "Number of participants",
          "param": "Number",
          "value": 61.0
        },
        {
          "title": "Height",
          "unit": "centimeters",
          "param": "Mean",
          "dispersion": "Standard Deviation",
          "value": 172.8,
          "spread": 10.3
        },
        {
          "title": "Waist circumference",
          "unit": "centimeters",
          "param": "Mean",
          "dispersion": "Standard Deviation",
          "value": 103.5,
          "spread": 20.2
        },
        {
          "title": "Smoking status",
          "subTitle": "Never smoked",
          "unit": "Number of participants",
          "param": "Number",
          "value": 56.0
        },
        {
          "title": "Smoking status",
          "subTitle": "Ex-smoker",
          "unit": "Number of participants",
          "param": "Number",
          "value": 21.0
        },
        {
          "title": "Smoking status",
          "subTitle": "Currently smokes",
          "unit": "Number of participants",
          "param": "Number",
          "value": 29.0
        },
        {
          "title": "Alcohol status",
          "subTitle": "Non drinker",
          "unit": "Number of participants",
          "param": "Number",
          "value": 61.0
        },
        {
          "title": "Alcohol status",
          "subTitle": "Drinks - no interference with study",
          "unit": "Number of participants",
          "param": "Number",
          "value": 45.0
        },
        {
          "title": "Alcohol status",
          "subTitle": "Drinks - possible interference with study",
          "unit": "Number of participants",
          "param": "Number",
          "value": 0.0
        }
      ],
      "drugs": [
        {
          "name": "Linagliptin"
        }
      ],
      "participants": [
        {
          "period": "Overall Study",
          "started": 110,
          "completed": 83,
          "notCompleted": 27,
          "incompleteDetails": [
            {
              "reason": "Adverse Event",
              "count": 2
            },
            {
              "reason": "Protocol Violation",
              "count": 4
            },
            {
              "reason": "Lost to Follow-up",
              "count": 7
            },
            {
              "reason": "Withdrawal by Subject",
              "count": 1
            },
            {
              "reason": "Lack of Efficacy",
              "count": 1
            },
            {
              "reason": "Non-compliance issues",
              "count": 4
            },
            {
              "reason": "Other Reason",
              "count": 8
            }
          ]
        }
      ],
      "endpoints": [
        {
          "type": "Primary",
          "title": "Change From Baseline in HbA1c (Glycosylated Hemoglobin) After 24 Weeks",
          "timeFrame": "baseline, 24 weeks",
          "participants": 93,
          "measurements": [
            {
              "unit": "Percentage",
              "param": "Least Squares Mean",
              "dispersion": "Standard Error",
              "value": -0.84,
              "spread": 0.15
            }
          ]
        },
        {
          "type": "Secondary",
          "title": "Change From Baseline in HbA1c (Glycosylated Hemoglobin) After 6 Weeks",
          "timeFrame": "baseline, 6 weeks",
          "participants": 93,
          "measurements": [
            {
              "unit": "Percentage",
              "param": "Least Squares Mean",
              "dispersion": "Standard Error",
              "value": -0.64,
              "spread": 0.09
            }
          ]
        },
        {
          "type": "Secondary",
          "title": "Change From Baseline in HbA1c (Glycosylated Hemoglobin) After 12 Weeks",
          "timeFrame": "baseline, 12 weeks",
          "participants": 93,
          "measurements": [
            {
              "unit": "Percentage",
              "param": "Least Squares Mean",
              "dispersion": "Standard Error",
              "value": -0.72,
              "spread": 0.13
            }
          ]
        },
        {
          "type": "Secondary",
          "title": "Change From Baseline in HbA1c (Glycosylated Hemoglobin) After 18 Weeks",
          "timeFrame": "baseline, 18 weeks",
          "participants": 93,
          "measurements": [
            {
              "unit": "Percentage",
              "param": "Least Squares Mean",
              "dispersion": "Standard Error",
              "value": -0.81,
              "spread": 0.14
            }
          ]
        },
        {
          "type": "Secondary",
          "title": "Occurrence of Absolute Efficacy Response (HbA1c < 7%) After 24 Weeks",
          "timeFrame": "24 weeks",
          "participants": 98,
          "measurements": [
            {
              "subTitle": "Responder (HbA1c < 7.0%)",
              "unit": "Participants",
              "param": "Number",
              "value": 26.0
            },
            {
              "subTitle": "Non-responder (HbA1c >= 7.0%)",
              "unit": "Participants",
              "param": "Number",
              "value": 72.0
            }
          ]
        },
        {
          "type": "Secondary",
          "title": "Occurrence of Absolute Efficacy Response (HbA1c < 6.5%) After 24 Weeks",
          "timeFrame": "24 weeks",
          "participants": 98,
          "measurements": [
            {
              "subTitle": "Responder (HbA1c < 6.5%)",
              "unit": "Participants",
              "param": "Number",
              "value": 9.0
            },
            {
              "subTitle": "Non-responder (HbA1c >= 6.5%)",
              "unit": "Participants",
              "param": "Number",
              "value": 89.0
            }
          ]
        },
        {
          "type": "Secondary",
          "title": "Occurrence of Relative Efficacy Response (Reduction in HbA1c >= 0.5%) After 24 Weeks",
          "timeFrame": "24 weeks",
          "participants": 98,
          "measurements": [
            {
              "subTitle": "Responder (reduction in HbA1c >= 0.5%)",
              "unit": "Participants",
              "param": "Number",
              "value": 53.0
            },
            {
              "subTitle": "Non-responder (reduction in HbA1c < 0.5%)",
              "unit": "Participants",
              "param": "Number",
              "value": 45.0
            }
          ]
        },
        {
          "type": "Secondary",
          "title": "Change From Baseline in Fasting Plasma Glucose (FPG) After 24 Weeks",
          "timeFrame": "baseline, 24 weeks",
          "participants": 95,
          "measurements": [
            {
              "unit": "mg/dL (milligrams per deciliter)",
              "param": "Least Squares Mean",
              "dispersion": "Standard Error",
              "value": -22.9,
              "spread": 6.4
            }
          ]
        },
        {
          "type": "Secondary",
          "title": "Change From Baseline in 2-hour Post-prandial Glucose (PPG) After 24 Weeks",
          "timeFrame": "baseline, 24 weeks",
          "participants": 10,
          "measurements": [
            {
              "unit": "mg/dL (milligrams per deciliter)",
              "param": "Least Squares Mean",
              "dispersion": "Standard Error",
              "value": -38.74,
              "spread": 22.77
            }
          ]
        }
      ]
    },
    {
      "arm": "2",
      "label": "Placebo",
      "type": "Placebo Comparator",
      "controlArm": true,
      "baselines": [
        {
          "title": "Number of Participants",
          "unit": "participants",
          "param": "Number",
          "value": 120.0
        },
        {
          "title": "Age",
          "unit": "years",
          "param": "Mean",
          "dispersion": "Standard Deviation",
          "value": 54.1,
          "spread": 9.9
        },
        {
          "title": "Age, Customized",
          "subTitle": "< 65 years",
          "unit": "Number of participants",
          "param": "Number",
          "value": 104.0
        },
        {
          "title": "Age, Customized",
          "subTitle": "65 to 74 years",
          "unit": "Number of participants",
          "param": "Number",
          "value": 12.0
        },
        {
          "title": "Age, Customized",
          "subTitle": ">= 75 years",
          "unit": "Number of participants",
          "param": "Number",
          "value": 4.0
        },
        {
          "title": "Gender",
          "subTitle": "Female",
          "unit": "Number of participants",
          "param": "Number",
          "value": 59.0
        },
        {
          "title": "Gender",
          "subTitle": "Male",
          "unit": "Number of participants",
          "param": "Number",
          "value": 61.0
        },
        {
          "title": "Weight",
          "unit": "kilograms",
          "param": "Mean",
          "dispersion": "Standard Deviation",
          "value": 99.02,
          "spread": 20.16
        },
        {
          "title": "Weight categories",
          "subTitle": "<= 70 kilograms",
          "unit": "Number of participants",
          "param": "Number",
          "value": 2.0
        },
        {
          "title": "Weight categories",
          "subTitle": "> 70 to 80 kilograms",
          "unit": "Number of participants",
          "param": "Number",
          "value": 21.0
        },
        {
          "title": "Weight categories",
          "subTitle": "> 80 to 90 kilograms",
          "unit": "Number of participants",
          "param": "Number",
          "value": 25.0
        },
        {
          "title": "Weight categories",
          "subTitle": "> 90 kilograms",
          "unit": "Number of participants",
          "param": "Number",
          "value": 72.0
        },
        {
          "title": "Body Mass Index (BMI)",
          "unit": "kilograms per square meter",
          "param": "Mean",
          "dispersion": "Standard Deviation",
          "value": 33.35,
          "spread": 5.36
        },
        {
          "title": "Body Mass Index (BMI) categories",
          "subTitle": "< 30 kilograms/square meter",
          "unit": "Number of participants",
          "param": "Number",
          "value": 33.0
        },
        {
          "title": "Body Mass Index (BMI) categories",
          "subTitle": ">= 30 kilograms/square meter",
          "unit": "Number of participants",
          "param": "Number",
          "value": 87.0
        },
        {
          "title": "Height",
          "unit": "centimeters",
          "param": "Mean",
          "dispersion": "Standard Deviation",
          "value": 172.1,
          "spread": 10.9
        },
        {
          "title": "Waist circumference",
          "unit": "centimeters",
          "param": "Mean",
          "dispersion": "Standard Deviation",
          "value": 111.5,
          "spread": 16.7
        },
        {
          "title": "Smoking status",
          "subTitle": "Never smoked",
          "unit": "Number of participants",
          "param": "Number",
          "value": 82.0
        },
        {
          "title": "Smoking status",
          "subTitle": "Ex-smoker",
          "unit": "Number of participants",
          "param": "Number",
          "value": 22.0
        },
        {
          "title": "Smoking status",
          "subTitle": "Currently smokes",
          "unit": "Number of participants",
          "param": "Number",
          "value": 16.0
        },
        {
          "title": "Alcohol status",
          "subTitle": "Non drinker",
          "unit": "Number of participants",
          "param": "Number",
          "value": 70.0
        },
        {
          "title": "Alcohol status",
          "subTitle": "Drinks - no interference with study",
          "unit": "Number of participants",
          "param": "Number",
          "value": 50.0
        },
        {
          "title": "Alcohol status",
          "subTitle": "Drinks - possible interference with study",
          "unit": "Number of participants",
          "param": "Number",
          "value": 0.0
        }
      ],
      "drugs": [
        {
          "name": "Placebo"
        }
      ],
      "participants": [
        {
          "period": "Overall Study",
          "started": 124,
          "completed": 88,
          "notCompleted": 36,
          "incompleteDetails": [
            {
              "reason": "Adverse Event",
              "count": 3
            },
            {
              "reason": "Protocol Violation",
              "count": 5
            },
            {
              "reason": "Lost to Follow-up",
              "count": 9
            },
            {
              "reason": "Withdrawal by Subject",
              "count": 2
            },
            {
              "reason": "Lack of Efficacy",
              "count": 1
            },
            {
              "reason": "Non-compliance issues",
              "count": 4
            },
            {
              "reason": "Other Reason",
              "count": 12
            }
          ]
        }
      ],
      "endpoints": [
        {
          "type": "Primary",
          "title": "Change From Baseline in HbA1c (Glycosylated Hemoglobin) After 24 Weeks",
          "timeFrame": "baseline, 24 weeks",
          "participants": 105,
          "measurements": [
            {
              "unit": "Percentage",
              "param": "Least Squares Mean",
              "dispersion": "Standard Error",
              "value": -0.25,
              "spread": 0.16
            }
          ]
        },
        {
          "type": "Secondary",
          "title": "Change From Baseline in HbA1c (Glycosylated Hemoglobin) After 6 Weeks",
          "timeFrame": "baseline, 6 weeks",
          "participants": 105,
          "measurements": [
            {
              "unit": "Percentage",
              "param": "Least Squares Mean",
              "dispersion": "Standard Error",
              "value": -0.22,
              "spread": 0.1
            }
          ]
        },
        {
          "type": "Secondary",
          "title": "Change From Baseline in HbA1c (Glycosylated Hemoglobin) After 12 Weeks",
          "timeFrame": "baseline, 12 weeks",
          "participants": 105,
          "measurements": [
            {
              "unit": "Percentage",
              "param": "Least Squares Mean",
              "dispersion": "Standard Error",
              "value": -0.17,
              "spread": 0.14
            }
          ]
        },
        {
          "type": "Secondary",
          "title": "Change From Baseline in HbA1c (Glycosylated Hemoglobin) After 18 Weeks",
          "timeFrame": "baseline, 18 weeks",
          "participants": 105,
          "measurements": [
            {
              "unit": "Percentage",
              "param": "Least Squares Mean",
              "dispersion": "Standard Error",
              "value": -0.26,
              "spread": 0.14
            }
          ]
        },
        {
          "type": "Secondary",
          "title": "Occurrence of Absolute Efficacy Response (HbA1c < 7%) After 24 Weeks",
          "timeFrame": "24 weeks",
          "participants": 110,
          "measurements": [
            {
              "subTitle": "Responder (HbA1c < 7.0%)",
              "unit": "Participants",
              "param": "Number",
              "value": 10.0
            },
            {
              "subTitle": "Non-responder (HbA1c >= 7.0%)",
              "unit": "Participants",
              "param": "Number",
              "value": 100.0
            }
          ]
        },
        {
          "type": "Secondary",
          "title": "Occurrence of Absolute Efficacy Response (HbA1c < 6.5%) After 24 Weeks",
          "timeFrame": "24 weeks",
          "participants": 110,
          "measurements": [
            {
              "subTitle": "Responder (HbA1c < 6.5%)",
              "unit": "Participants",
              "param": "Number",
              "value": 2.0
            },
            {
              "subTitle": "Non-responder (HbA1c >= 6.5%)",
              "unit": "Participants",
              "param": "Number",
              "value": 108.0
            }
          ]
        },
        {
          "type": "Secondary",
          "title": "Occurrence of Relative Efficacy Response (Reduction in HbA1c >= 0.5%) After 24 Weeks",
          "timeFrame": "24 weeks",
          "participants": 110,
          "measurements": [
            {
              "subTitle": "Responder (reduction in HbA1c >= 0.5%)",
              "unit": "Participants",
              "param": "Number",
              "value": 33.0
            },
            {
              "subTitle": "Non-responder (reduction in HbA1c < 0.5%)",
              "unit": "Participants",
              "param": "Number",
              "value": 77.0
            }
          ]
        },
        {
          "type": "Secondary",
          "title": "Change From Baseline in Fasting Plasma Glucose (FPG) After 24 Weeks",
          "timeFrame": "baseline, 24 weeks",
          "participants": 106,
          "measurements": [
            {
              "unit": "mg/dL (milligrams per deciliter)",
              "param": "Least Squares Mean",
              "dispersion": "Standard Error",
              "value": -11.0,
              "spread": 6.6
            }
          ]
        },
        {
          "type": "Secondary",
          "title": "Change From Baseline in 2-hour Post-prandial Glucose (PPG) After 24 Weeks",
          "timeFrame": "baseline, 24 weeks",
          "participants": 11,
          "measurements": [
            {
              "unit": "mg/dL (milligrams per deciliter)",
              "param": "Least Squares Mean",
              "dispersion": "Standard Error",
              "value": -36.77,
              "spread": 23.76
            }
          ]
        }
      ]
    }
  ],
  "analysis": [
    {
      "title": "Change From Baseline in HbA1c (Glycosylated Hemoglobin) After 24 Weeks",
      "groups": "Placebo Tablet vs. Linagliptin 5 mg Tablet",
      "values": {
        "p_value": "0.0005",
        "method": "ANCOVA",
        "method_desc": "ANCOVA model included terms for treatment, baseline HbA1c and number of other Oral Antidiabetic Drugs",
        "param_type": "Least Squares Mean Difference",
        "param_value": "-0.58",
        "dispersion_type": "Standard Error of the Mean",
        "dispersion_value": "0.16",
        "ci_percent": "95",
        "ci_lower_limit": "-0.91",
        "ci_upper_limit": "-0.26"
      }
    },
    {
      "title": "Change From Baseline in HbA1c (Glycosylated Hemoglobin) After 6 Weeks",
      "groups": "Placebo Tablet vs. Linagliptin 5 mg Tablet",
      "values": {
        "p_value": "<0.0001",
        "method": "ANCOVA",
        "method_desc": "ANCOVA model included terms for treatment, baseline HbA1c and number of other Oral Antidiabetic Drugs",
        "param_type": "Least Squares Mean Difference",
        "param_value": "-0.42",
        "dispersion_type": "Standard Error of the Mean",
        "dispersion_value": "0.10",
        "ci_percent": "95",
        "ci_lower_limit": "-0.62",
        "ci_upper_limit": "-0.22"
      }
    },
    {
      "title": "Change From Baseline in HbA1c (Glycosylated Hemoglobin) After 12 Weeks",
      "groups": "Placebo Tablet vs. Linagliptin 5 mg Tablet",
      "values": {
        "p_value": "0.0002",
        "method": "ANCOVA",
        "method_desc": "ANCOVA model included terms for treatment, baseline HbA1c and number of other Oral Antidiabetic Drugs",
        "param_type": "Least Squares Mean Difference",
        "param_value": "-0.55",
        "dispersion_type": "Standard Error of the Mean",
        "dispersion_value": "0.15",
        "ci_percent": "95",
        "ci_lower_limit": "-0.84",
        "ci_upper_limit": "-0.26"
      }
    },
    {
      "title": "Change From Baseline in HbA1c (Glycosylated Hemoglobin) After 18 Weeks",
      "groups": "Placebo Tablet vs. Linagliptin 5 mg Tablet",
      "values": {
        "p_value": "0.0003",
        "method": "ANCOVA",
        "method_desc": "ANCOVA model included terms for treatment, baseline HbA1c and number of other Oral Antidiabetic Drugs",
        "param_type": "Least Squares Mean Difference",
        "param_value": "-0.55",
        "dispersion_type": "Standard Error of the Mean",
        "dispersion_value": "0.15",
        "ci_percent": "95",
        "ci_lower_limit": "-0.85",
        "ci_upper_limit": "-0.26"
      }
    },
    {
      "title": "Occurrence of Absolute Efficacy Response (HbA1c < 7%) After 24 Weeks",
      "groups": "Placebo Tablet vs. Linagliptin 5 mg Tablet",
      "values": {
        "p_value": "0.0010",
        "method": "Regression, Logistic",
        "param_type": "Odds Ratio (OR)",
        "param_value": "4.063",
        "ci_percent": "95",
        "ci_n_sides": "2-Sided",
        "ci_lower_limit": "1.764",
        "ci_upper_limit": "9.358"
      }
    },
    {
      "title": "Occurrence of Absolute Efficacy Response (HbA1c < 6.5%) After 24 Weeks",
      "groups": "Placebo Tablet vs. Linagliptin 5 mg Tablet",
      "values": {
        "p_value": "0.0352",
        "method": "Regression, Logistic",
        "param_type": "Odds Ratio (OR)",
        "param_value": "5.433",
        "ci_percent": "95",
        "ci_n_sides": "2-Sided",
        "ci_lower_limit": "1.124",
        "ci_upper_limit": "26.260"
      }
    },
    {
      "title": "Occurrence of Relative Efficacy Response (Reduction in HbA1c >= 0.5%) After 24 Weeks",
      "groups": "Placebo Tablet vs. Linagliptin 5 mg Tablet",
      "values": {
        "p_value": "0.0003",
        "method": "Regression, Logistic",
        "param_type": "Odds Ratio (OR)",
        "param_value": "2.951",
        "ci_percent": "95",
        "ci_n_sides": "2-Sided",
        "ci_lower_limit": "1.651",
        "ci_upper_limit": "5.274"
      }
    },
    {
      "title": "Change From Baseline in Fasting Plasma Glucose (FPG) After 24 Weeks",
      "groups": "Placebo Tablet vs. Linagliptin 5 mg Tablet",
      "values": {
        "p_value": "0.0972",
        "method": "ANCOVA",
        "method_desc": "ANCOVA model included terms for treatment, baseline HbA1c, baseline FPG, and number of other Oral Antidiabetic Drugs",
        "param_type": "Least Squares Mean Difference",
        "param_value": "-12.0",
        "dispersion_type": "Standard Error of the Mean",
        "dispersion_value": "7.2",
        "ci_percent": "95",
        "ci_lower_limit": "-26.1",
        "ci_upper_limit": "2.2"
      }
    },
    {
      "title": "Change From Baseline in 2-hour Post-prandial Glucose (PPG) After 24 Weeks",
      "groups": "Placebo Tablet vs. Linagliptin 5 mg Tablet",
      "values": {
        "p_value": "0.9368",
        "method": "ANCOVA",
        "method_desc": "ANCOVA model included terms for treatment, baseline HbA1c, baseline 2-hour PPG, and number of other Oral Antidiabetic Drugs",
        "param_type": "Least Squares Mean Difference",
        "param_value": "-1.97",
        "dispersion_type": "Standard Error of the Mean",
        "dispersion_value": "24.45",
        "ci_percent": "95",
        "ci_lower_limit": "-53.80",
        "ci_upper_limit": "49.86"
      }
    }
  ]
}