{
  "source": {
    "sourceNumber": "NCT01106625",
    "authors": [
      "Janssen Research & Development, LLC"
    ],
    "publicationYear": "2013",
    "title": "A Randomized, Double-Blind, Placebo-Controlled, 3-Arm, Parallel-Group, Multicenter Study to Evaluate the Efficacy, Safety, and Tolerability of Canagliflozin in the Treatment of Subjects With Type 2 Diabetes Mellitus With Inadequate Glycemic Control on Metformin and Sulphonylurea Therapy",
    "journal": "clintrials.gov",
    "publicationType": "clintrials",
    "firstAuthor": "Janssen Research & Development, LLC",
    "references": [
      "A Randomized, Double-Blind, Placebo-Controlled, 3-Arm, Parallel-Group, Multicenter Study to Evaluate the Efficacy, Safety, and Tolerability of Canagliflozin in the Treatment of Subjects With Type 2 Diabetes Mellitus With Inadequate Glycemic Control on Metformin and Sulphonylurea Therapy. clintrials.gov"
    ]
  },
  "trial": {
    "trial": "CR017005",
    "authorTrial": "Janssen Research & Development, LLC 2013 (CR017005)",
    "registryName": "NCT01106625",
    "location": [
      "Australia",
      "Belgium",
      "France",
      "Guatemala",
      "Hungary",
      "Israel",
      "Mexico",
      "Puerto Rico",
      "Russian Federation",
      "Spain",
      "United Kingdom",
      "United States"
    ],
    "sponsor": "Janssen Research & Development, LLC",
    "trialYear": "2010",
    "trialDesign": "Randomized,Parallel Assignment",
    "trialBlinding": "Double Blind (Subject, Caregiver, Investigator)",
    "primaryDrug": "Canagliflozin",
    "trialDuration": "26 Weeks"
  },
  "arms": [
    {
      "arm": "1",
      "label": "Canagliflozin 100 mg",
      "type": "Experimental",
      "controlArm": false,
      "baselines": [
        {
          "title": "Number of Participants",
          "unit": "participants",
          "param": "Number",
          "value": 157.0
        },
        {
          "title": "Age",
          "subTitle": "<=18 years",
          "unit": "participants",
          "param": "Number",
          "value": 0.0
        },
        {
          "title": "Age",
          "subTitle": "Between 18 and 65 years",
          "unit": "participants",
          "param": "Number",
          "value": 121.0
        },
        {
          "title": "Age",
          "subTitle": ">=65 years",
          "unit": "participants",
          "param": "Number",
          "value": 36.0
        },
        {
          "title": "Age",
          "unit": "years",
          "param": "Mean",
          "dispersion": "Standard Deviation",
          "value": 57.3,
          "spread": 10.47
        },
        {
          "title": "Gender",
          "subTitle": "Female",
          "unit": "participants",
          "param": "Number",
          "value": 81.0
        },
        {
          "title": "Gender",
          "subTitle": "Male",
          "unit": "participants",
          "param": "Number",
          "value": 76.0
        },
        {
          "title": "Region of Enrollment",
          "subTitle": "AUSTRALIA",
          "unit": "participants",
          "param": "Number",
          "value": 6.0
        },
        {
          "title": "Region of Enrollment",
          "subTitle": "BELGIUM",
          "unit": "participants",
          "param": "Number",
          "value": 1.0
        },
        {
          "title": "Region of Enrollment",
          "subTitle": "FRANCE",
          "unit": "participants",
          "param": "Number",
          "value": 7.0
        },
        {
          "title": "Region of Enrollment",
          "subTitle": "GUATEMALA",
          "unit": "participants",
          "param": "Number",
          "value": 12.0
        },
        {
          "title": "Region of Enrollment",
          "subTitle": "HUNGARY",
          "unit": "participants",
          "param": "Number",
          "value": 14.0
        },
        {
          "title": "Region of Enrollment",
          "subTitle": "ISRAEL",
          "unit": "participants",
          "param": "Number",
          "value": 6.0
        },
        {
          "title": "Region of Enrollment",
          "subTitle": "MEXICO",
          "unit": "participants",
          "param": "Number",
          "value": 11.0
        },
        {
          "title": "Region of Enrollment",
          "subTitle": "RUSSIAN FEDERATION",
          "unit": "participants",
          "param": "Number",
          "value": 13.0
        },
        {
          "title": "Region of Enrollment",
          "subTitle": "SPAIN",
          "unit": "participants",
          "param": "Number",
          "value": 7.0
        },
        {
          "title": "Region of Enrollment",
          "subTitle": "UNITED KINGDOM",
          "unit": "participants",
          "param": "Number",
          "value": 6.0
        },
        {
          "title": "Region of Enrollment",
          "subTitle": "UNITED STATES",
          "unit": "participants",
          "param": "Number",
          "value": 74.0
        }
      ],
      "drugs": [
        {
          "name": "Canagliflozin"
        },
        {
          "name": "Metformin"
        },
        {
          "name": "Sulphonylruea"
        }
      ],
      "participants": [
        {
          "period": "Core Period: Baseline to Week 26",
          "started": 157,
          "completed": 129,
          "notCompleted": 28,
          "incompleteDetails": [
            {
              "reason": "Adverse Event",
              "count": 8
            },
            {
              "reason": "Lost to Follow-up",
              "count": 0
            },
            {
              "reason": "Physician Decision",
              "count": 0
            },
            {
              "reason": "Protocol Violation",
              "count": 1
            },
            {
              "reason": "Withdrawal by Subject",
              "count": 9
            },
            {
              "reason": "Unable to take rescue therapy",
              "count": 1
            },
            {
              "reason": "Creatinine, or eGFR withdrawal criteria",
              "count": 1
            },
            {
              "reason": "Noncompliance with study drug",
              "count": 1
            },
            {
              "reason": "Not specified",
              "count": 7
            }
          ]
        },
        {
          "period": "Extension Period: Week 26 to Week 52",
          "started": 127,
          "completed": 109,
          "notCompleted": 18,
          "incompleteDetails": [
            {
              "reason": "Adverse Event",
              "count": 2
            },
            {
              "reason": "Lost to Follow-up",
              "count": 3
            },
            {
              "reason": "Physician Decision",
              "count": 0
            },
            {
              "reason": "Protocol Violation",
              "count": 1
            },
            {
              "reason": "Withdrawal by Subject",
              "count": 1
            },
            {
              "reason": "Unable to take rescue therapy",
              "count": 5
            },
            {
              "reason": "Creatinine or eGFR withdrawal criteria",
              "count": 1
            },
            {
              "reason": "Not specified",
              "count": 5
            }
          ]
        }
      ],
      "endpoints": [
        {
          "type": "Primary",
          "title": "Change in HbA1c From Baseline to Week 26",
          "timeFrame": "Day 1 (Baseline) and Week 26",
          "participants": 155,
          "measurements": [
            {
              "unit": "Percent",
              "param": "Least Squares Mean",
              "dispersion": "Standard Error",
              "value": -0.85,
              "spread": 0.075
            }
          ]
        },
        {
          "type": "Secondary",
          "title": "Percentage of Patients With HbA1c <7% at Week 26",
          "timeFrame": "Week 26",
          "participants": 155,
          "measurements": [
            {
              "unit": "Percentage of patients",
              "param": "Number",
              "value": 43.2
            }
          ]
        },
        {
          "type": "Secondary",
          "title": "Change in Fasting Plasma Glucose (FPG) From Baseline to Week 26",
          "timeFrame": "Day 1 (Baseline) and Week 26",
          "participants": 155,
          "measurements": [
            {
              "unit": "mg/dL",
              "param": "Least Squares Mean",
              "dispersion": "Standard Error",
              "value": -18.2,
              "spread": 3.629
            }
          ]
        },
        {
          "type": "Secondary",
          "title": "Percent Change in Body Weight From Baseline to Week 26",
          "timeFrame": "Day 1 (Baseline) and Week 26",
          "participants": 156,
          "measurements": [
            {
              "unit": "Percent change",
              "param": "Least Squares Mean",
              "dispersion": "Standard Error",
              "value": -2.1,
              "spread": 0.3
            }
          ]
        },
        {
          "type": "Secondary",
          "title": "Change in Systolic Blood Pressure (SBP) From Baseline to Week 26",
          "timeFrame": "Day 1 (Baseline) and Week 26",
          "participants": 156,
          "measurements": [
            {
              "unit": "mmHg",
              "param": "Least Squares Mean",
              "dispersion": "Standard Error",
              "value": -4.89,
              "spread": 0.976
            }
          ]
        },
        {
          "type": "Secondary",
          "title": "Percent Change in Triglycerides From Baseline to Week 26",
          "timeFrame": "Day 1 (Baseline) and Week 26",
          "participants": 145,
          "measurements": [
            {
              "unit": "Percent change",
              "param": "Least Squares Mean",
              "dispersion": "Standard Error",
              "value": 5.4,
              "spread": 4.2
            }
          ]
        },
        {
          "type": "Secondary",
          "title": "Percent Change in High-density Lipoprotein Cholesterol (HDL-C) From Baseline to Week 26",
          "timeFrame": "Day 1 (Baseline) and Week 26",
          "participants": 145,
          "measurements": [
            {
              "unit": "Percent change",
              "param": "Least Squares Mean",
              "dispersion": "Standard Error",
              "value": 5.7,
              "spread": 1.3
            }
          ]
        }
      ]
    },
    {
      "arm": "2",
      "label": "Canagliflozin 300 mg",
      "type": "Experimental",
      "controlArm": false,
      "baselines": [
        {
          "title": "Number of Participants",
          "unit": "participants",
          "param": "Number",
          "value": 156.0
        },
        {
          "title": "Age",
          "subTitle": "<=18 years",
          "unit": "participants",
          "param": "Number",
          "value": 0.0
        },
        {
          "title": "Age",
          "subTitle": "Between 18 and 65 years",
          "unit": "participants",
          "param": "Number",
          "value": 134.0
        },
        {
          "title": "Age",
          "subTitle": ">=65 years",
          "unit": "participants",
          "param": "Number",
          "value": 22.0
        },
        {
          "title": "Age",
          "unit": "years",
          "param": "Mean",
          "dispersion": "Standard Deviation",
          "value": 56.0,
          "spread": 8.95
        },
        {
          "title": "Gender",
          "subTitle": "Female",
          "unit": "participants",
          "param": "Number",
          "value": 69.0
        },
        {
          "title": "Gender",
          "subTitle": "Male",
          "unit": "participants",
          "param": "Number",
          "value": 87.0
        },
        {
          "title": "Region of Enrollment",
          "subTitle": "AUSTRALIA",
          "unit": "participants",
          "param": "Number",
          "value": 4.0
        },
        {
          "title": "Region of Enrollment",
          "subTitle": "BELGIUM",
          "unit": "participants",
          "param": "Number",
          "value": 6.0
        },
        {
          "title": "Region of Enrollment",
          "subTitle": "FRANCE",
          "unit": "participants",
          "param": "Number",
          "value": 9.0
        },
        {
          "title": "Region of Enrollment",
          "subTitle": "GUATEMALA",
          "unit": "participants",
          "param": "Number",
          "value": 16.0
        },
        {
          "title": "Region of Enrollment",
          "subTitle": "HUNGARY",
          "unit": "participants",
          "param": "Number",
          "value": 11.0
        },
        {
          "title": "Region of Enrollment",
          "subTitle": "ISRAEL",
          "unit": "participants",
          "param": "Number",
          "value": 8.0
        },
        {
          "title": "Region of Enrollment",
          "subTitle": "MEXICO",
          "unit": "participants",
          "param": "Number",
          "value": 11.0
        },
        {
          "title": "Region of Enrollment",
          "subTitle": "RUSSIAN FEDERATION",
          "unit": "participants",
          "param": "Number",
          "value": 8.0
        },
        {
          "title": "Region of Enrollment",
          "subTitle": "SPAIN",
          "unit": "participants",
          "param": "Number",
          "value": 8.0
        },
        {
          "title": "Region of Enrollment",
          "subTitle": "UNITED KINGDOM",
          "unit": "participants",
          "param": "Number",
          "value": 5.0
        },
        {
          "title": "Region of Enrollment",
          "subTitle": "UNITED STATES",
          "unit": "participants",
          "param": "Number",
          "value": 70.0
        }
      ],
      "drugs": [
        {
          "name": "Canagliflozin"
        },
        {
          "name": "Metformin"
        },
        {
          "name": "Sulphonylruea"
        }
      ],
      "participants": [
        {
          "period": "Core Period: Baseline to Week 26",
          "started": 156,
          "completed": 129,
          "notCompleted": 27,
          "incompleteDetails": [
            {
              "reason": "Adverse Event",
              "count": 8
            },
            {
              "reason": "Lost to Follow-up",
              "count": 4
            },
            {
              "reason": "Physician Decision",
              "count": 0
            },
            {
              "reason": "Protocol Violation",
              "count": 3
            },
            {
              "reason": "Withdrawal by Subject",
              "count": 7
            },
            {
              "reason": "Unable to take rescue therapy",
              "count": 0
            },
            {
              "reason": "Creatinine, or eGFR withdrawal criteria",
              "count": 1
            },
            {
              "reason": "Noncompliance with study drug",
              "count": 0
            },
            {
              "reason": "Not specified",
              "count": 4
            }
          ]
        },
        {
          "period": "Extension Period: Week 26 to Week 52",
          "started": 128,
          "completed": 111,
          "notCompleted": 17,
          "incompleteDetails": [
            {
              "reason": "Adverse Event",
              "count": 3
            },
            {
              "reason": "Lost to Follow-up",
              "count": 2
            },
            {
              "reason": "Physician Decision",
              "count": 1
            },
            {
              "reason": "Protocol Violation",
              "count": 0
            },
            {
              "reason": "Withdrawal by Subject",
              "count": 1
            },
            {
              "reason": "Unable to take rescue therapy",
              "count": 4
            },
            {
              "reason": "Creatinine or eGFR withdrawal criteria",
              "count": 2
            },
            {
              "reason": "Not specified",
              "count": 4
            }
          ]
        }
      ],
      "endpoints": [
        {
          "type": "Primary",
          "title": "Change in HbA1c From Baseline to Week 26",
          "timeFrame": "Day 1 (Baseline) and Week 26",
          "participants": 152,
          "measurements": [
            {
              "unit": "Percent",
              "param": "Least Squares Mean",
              "dispersion": "Standard Error",
              "value": -1.06,
              "spread": 0.076
            }
          ]
        },
        {
          "type": "Secondary",
          "title": "Percentage of Patients With HbA1c <7% at Week 26",
          "timeFrame": "Week 26",
          "participants": 152,
          "measurements": [
            {
              "unit": "Percentage of patients",
              "param": "Number",
              "value": 56.6
            }
          ]
        },
        {
          "type": "Secondary",
          "title": "Change in Fasting Plasma Glucose (FPG) From Baseline to Week 26",
          "timeFrame": "Day 1 (Baseline) and Week 26",
          "participants": 152,
          "measurements": [
            {
              "unit": "mg/dL",
              "param": "Least Squares Mean",
              "dispersion": "Standard Error",
              "value": -30.5,
              "spread": 3.65
            }
          ]
        },
        {
          "type": "Secondary",
          "title": "Percent Change in Body Weight From Baseline to Week 26",
          "timeFrame": "Day 1 (Baseline) and Week 26",
          "participants": 154,
          "measurements": [
            {
              "unit": "Percent change",
              "param": "Least Squares Mean",
              "dispersion": "Standard Error",
              "value": -2.6,
              "spread": 0.3
            }
          ]
        },
        {
          "type": "Secondary",
          "title": "Change in Systolic Blood Pressure (SBP) From Baseline to Week 26",
          "timeFrame": "Day 1 (Baseline) and Week 26",
          "participants": 154,
          "measurements": [
            {
              "unit": "mmHg",
              "param": "Least Squares Mean",
              "dispersion": "Standard Error",
              "value": -4.27,
              "spread": 0.98
            }
          ]
        },
        {
          "type": "Secondary",
          "title": "Percent Change in Triglycerides From Baseline to Week 26",
          "timeFrame": "Day 1 (Baseline) and Week 26",
          "participants": 142,
          "measurements": [
            {
              "unit": "Percent change",
              "param": "Least Squares Mean",
              "dispersion": "Standard Error",
              "value": 8.5,
              "spread": 4.2
            }
          ]
        },
        {
          "type": "Secondary",
          "title": "Percent Change in High-density Lipoprotein Cholesterol (HDL-C) From Baseline to Week 26",
          "timeFrame": "Day 1 (Baseline) and Week 26",
          "participants": 141,
          "measurements": [
            {
              "unit": "Percent change",
              "param": "Least Squares Mean",
              "dispersion": "Standard Error",
              "value": 6.5,
              "spread": 1.3
            }
          ]
        }
      ]
    },
    {
      "arm": "3",
      "label": "Placebo",
      "type": "Placebo Comparator",
      "controlArm": true,
      "baselines": [
        {
          "title": "Number of Participants",
          "unit": "participants",
          "param": "Number",
          "value": 156.0
        },
        {
          "title": "Age",
          "subTitle": "<=18 years",
          "unit": "participants",
          "param": "Number",
          "value": 0.0
        },
        {
          "title": "Age",
          "subTitle": "Between 18 and 65 years",
          "unit": "participants",
          "param": "Number",
          "value": 130.0
        },
        {
          "title": "Age",
          "subTitle": ">=65 years",
          "unit": "participants",
          "param": "Number",
          "value": 26.0
        },
        {
          "title": "Age",
          "unit": "years",
          "param": "Mean",
          "dispersion": "Standard Deviation",
          "value": 56.7,
          "spread": 8.36
        },
        {
          "title": "Gender",
          "subTitle": "Female",
          "unit": "participants",
          "param": "Number",
          "value": 80.0
        },
        {
          "title": "Gender",
          "subTitle": "Male",
          "unit": "participants",
          "param": "Number",
          "value": 76.0
        },
        {
          "title": "Region of Enrollment",
          "subTitle": "AUSTRALIA",
          "unit": "participants",
          "param": "Number",
          "value": 3.0
        },
        {
          "title": "Region of Enrollment",
          "subTitle": "BELGIUM",
          "unit": "participants",
          "param": "Number",
          "value": 3.0
        },
        {
          "title": "Region of Enrollment",
          "subTitle": "FRANCE",
          "unit": "participants",
          "param": "Number",
          "value": 4.0
        },
        {
          "title": "Region of Enrollment",
          "subTitle": "GUATEMALA",
          "unit": "participants",
          "param": "Number",
          "value": 15.0
        },
        {
          "title": "Region of Enrollment",
          "subTitle": "HUNGARY",
          "unit": "participants",
          "param": "Number",
          "value": 11.0
        },
        {
          "title": "Region of Enrollment",
          "subTitle": "ISRAEL",
          "unit": "participants",
          "param": "Number",
          "value": 1.0
        },
        {
          "title": "Region of Enrollment",
          "subTitle": "MEXICO",
          "unit": "participants",
          "param": "Number",
          "value": 11.0
        },
        {
          "title": "Region of Enrollment",
          "subTitle": "RUSSIAN FEDERATION",
          "unit": "participants",
          "param": "Number",
          "value": 14.0
        },
        {
          "title": "Region of Enrollment",
          "subTitle": "SPAIN",
          "unit": "participants",
          "param": "Number",
          "value": 5.0
        },
        {
          "title": "Region of Enrollment",
          "subTitle": "UNITED KINGDOM",
          "unit": "participants",
          "param": "Number",
          "value": 8.0
        },
        {
          "title": "Region of Enrollment",
          "subTitle": "UNITED STATES",
          "unit": "participants",
          "param": "Number",
          "value": 81.0
        }
      ],
      "drugs": [
        {
          "name": "Placebo"
        },
        {
          "name": "Metformin"
        },
        {
          "name": "Sulphonylruea"
        }
      ],
      "participants": [
        {
          "period": "Core Period: Baseline to Week 26",
          "started": 156,
          "completed": 123,
          "notCompleted": 33,
          "incompleteDetails": [
            {
              "reason": "Adverse Event",
              "count": 6
            },
            {
              "reason": "Lost to Follow-up",
              "count": 5
            },
            {
              "reason": "Physician Decision",
              "count": 1
            },
            {
              "reason": "Protocol Violation",
              "count": 2
            },
            {
              "reason": "Withdrawal by Subject",
              "count": 6
            },
            {
              "reason": "Unable to take rescue therapy",
              "count": 4
            },
            {
              "reason": "Creatinine, or eGFR withdrawal criteria",
              "count": 0
            },
            {
              "reason": "Noncompliance with study drug",
              "count": 1
            },
            {
              "reason": "Not specified",
              "count": 8
            }
          ]
        },
        {
          "period": "Extension Period: Week 26 to Week 52",
          "started": 119,
          "completed": 90,
          "notCompleted": 29,
          "incompleteDetails": [
            {
              "reason": "Adverse Event",
              "count": 2
            },
            {
              "reason": "Lost to Follow-up",
              "count": 1
            },
            {
              "reason": "Physician Decision",
              "count": 2
            },
            {
              "reason": "Protocol Violation",
              "count": 0
            },
            {
              "reason": "Withdrawal by Subject",
              "count": 4
            },
            {
              "reason": "Unable to take rescue therapy",
              "count": 14
            },
            {
              "reason": "Creatinine or eGFR withdrawal criteria",
              "count": 1
            },
            {
              "reason": "Not specified",
              "count": 5
            }
          ]
        }
      ],
      "endpoints": [
        {
          "type": "Primary",
          "title": "Change in HbA1c From Baseline to Week 26",
          "timeFrame": "Day 1 (Baseline) and Week 26",
          "participants": 150,
          "measurements": [
            {
              "unit": "Percent",
              "param": "Least Squares Mean",
              "dispersion": "Standard Error",
              "value": -0.13,
              "spread": 0.075
            }
          ]
        },
        {
          "type": "Secondary",
          "title": "Percentage of Patients With HbA1c <7% at Week 26",
          "timeFrame": "Week 26",
          "participants": 150,
          "measurements": [
            {
              "unit": "Percentage of patients",
              "param": "Number",
              "value": 18.0
            }
          ]
        },
        {
          "type": "Secondary",
          "title": "Change in Fasting Plasma Glucose (FPG) From Baseline to Week 26",
          "timeFrame": "Day 1 (Baseline) and Week 26",
          "participants": 150,
          "measurements": [
            {
              "unit": "mg/dL",
              "param": "Least Squares Mean",
              "dispersion": "Standard Error",
              "value": 4.11,
              "spread": 3.629
            }
          ]
        },
        {
          "type": "Secondary",
          "title": "Percent Change in Body Weight From Baseline to Week 26",
          "timeFrame": "Day 1 (Baseline) and Week 26",
          "participants": 150,
          "measurements": [
            {
              "unit": "Percent change",
              "param": "Least Squares Mean",
              "dispersion": "Standard Error",
              "value": -0.7,
              "spread": 0.3
            }
          ]
        },
        {
          "type": "Secondary",
          "title": "Change in Systolic Blood Pressure (SBP) From Baseline to Week 26",
          "timeFrame": "Day 1 (Baseline) and Week 26",
          "participants": 150,
          "measurements": [
            {
              "unit": "mmHg",
              "param": "Least Squares Mean",
              "dispersion": "Standard Error",
              "value": -2.65,
              "spread": 0.982
            }
          ]
        },
        {
          "type": "Secondary",
          "title": "Percent Change in Triglycerides From Baseline to Week 26",
          "timeFrame": "Day 1 (Baseline) and Week 26",
          "participants": 134,
          "measurements": [
            {
              "unit": "Percent change",
              "param": "Least Squares Mean",
              "dispersion": "Standard Error",
              "value": 11.6,
              "spread": 4.2
            }
          ]
        },
        {
          "type": "Secondary",
          "title": "Percent Change in High-density Lipoprotein Cholesterol (HDL-C) From Baseline to Week 26",
          "timeFrame": "Day 1 (Baseline) and Week 26",
          "participants": 135,
          "measurements": [
            {
              "unit": "Percent change",
              "param": "Least Squares Mean",
              "dispersion": "Standard Error",
              "value": 3.2,
              "spread": 1.3
            }
          ]
        }
      ]
    }
  ],
  "analysis": [
    {
      "title": "Change in HbA1c From Baseline to Week 26",
      "groups": "Placebo vs. Canagliflozin 100 mg",
      "values": {
        "p_value": "<0.001",
        "method": "ANCOVA",
        "param_type": "Least-Squares Mean Difference",
        "param_value": "-0.71",
        "dispersion_type": "Standard Error of the Mean",
        "dispersion_value": "0.097",
        "ci_percent": "95",
        "ci_n_sides": "2-Sided",
        "ci_lower_limit": "-0.904",
        "ci_upper_limit": "-0.524"
      }
    },
    {
      "title": "Change in HbA1c From Baseline to Week 26",
      "groups": "Placebo vs. Canagliflozin 300 mg",
      "values": {
        "p_value": "<0.001",
        "method": "ANCOVA",
        "param_type": "Least-Squares Mean Difference",
        "param_value": "-0.92",
        "dispersion_type": "Standard Error of the Mean",
        "dispersion_value": "0.097",
        "ci_percent": "95",
        "ci_n_sides": "2-Sided",
        "ci_lower_limit": "-1.114",
        "ci_upper_limit": "-0.732"
      }
    },
    {
      "title": "Percentage of Patients With HbA1c <7% at Week 26",
      "groups": "Placebo vs. Canagliflozin 100 mg",
      "values": {
        "p_value": "<0.001",
        "method": "Regression, Logistic",
        "param_type": "Odds Ratio (OR)",
        "param_value": "4.42",
        "ci_percent": "95",
        "ci_n_sides": "2-Sided",
        "ci_lower_limit": "2.48",
        "ci_upper_limit": "7.87"
      }
    },
    {
      "title": "Percentage of Patients With HbA1c <7% at Week 26",
      "groups": "Placebo vs. Canagliflozin 300 mg",
      "values": {
        "p_value": "<0.001",
        "method": "Regression, Logistic",
        "param_type": "Odds Ratio (OR)",
        "param_value": "8.80",
        "ci_percent": "95",
        "ci_n_sides": "2-Sided",
        "ci_lower_limit": "4.86",
        "ci_upper_limit": "15.95"
      }
    },
    {
      "title": "Change in Fasting Plasma Glucose (FPG) From Baseline to Week 26",
      "groups": "Placebo vs. Canagliflozin 100 mg",
      "values": {
        "p_value": "<0.001",
        "method": "ANCOVA",
        "param_type": "Least-Squares Mean Difference",
        "param_value": "-22.3",
        "dispersion_type": "Standard Error of the Mean",
        "dispersion_value": "4.627",
        "ci_percent": "95",
        "ci_n_sides": "2-Sided",
        "ci_lower_limit": "-31.53",
        "ci_upper_limit": "-13.16"
      }
    },
    {
      "title": "Change in Fasting Plasma Glucose (FPG) From Baseline to Week 26",
      "groups": "Placebo vs. Canagliflozin 300 mg",
      "values": {
        "p_value": "<0.001",
        "method": "ANCOVA",
        "param_type": "Least-Squares Mean Difference",
        "param_value": "-34.6",
        "dispersion_type": "Standard Error of the Mean",
        "dispersion_value": "4.692",
        "ci_percent": "95",
        "ci_n_sides": "2-Sided",
        "ci_lower_limit": "-43.86",
        "ci_upper_limit": "-25.42"
      }
    },
    {
      "title": "Percent Change in Body Weight From Baseline to Week 26",
      "groups": "Placebo vs. Canagliflozin 100 mg",
      "values": {
        "p_value": "<0.001",
        "method": "ANCOVA",
        "param_type": "Least-Squares Mean Difference",
        "param_value": "-1.4",
        "dispersion_type": "Standard Error of the Mean",
        "dispersion_value": "0.4",
        "ci_percent": "95",
        "ci_n_sides": "2-Sided",
        "ci_lower_limit": "-2.1",
        "ci_upper_limit": "-0.7"
      }
    },
    {
      "title": "Percent Change in Body Weight From Baseline to Week 26",
      "groups": "Placebo vs. Canagliflozin 300 mg",
      "values": {
        "p_value": "<0.001",
        "method": "ANCOVA",
        "param_type": "Least-Squares Mean Difference",
        "param_value": "-2.0",
        "dispersion_type": "Standard Error of the Mean",
        "dispersion_value": "0.4",
        "ci_percent": "95",
        "ci_n_sides": "2-Sided",
        "ci_lower_limit": "-2.7",
        "ci_upper_limit": "-1.3"
      }
    },
    {
      "title": "Change in Systolic Blood Pressure (SBP) From Baseline to Week 26",
      "groups": "Placebo vs. Canagliflozin 100 mg",
      "values": {
        "p_value": "0.077",
        "method": "ANCOVA",
        "param_type": "Least-Squares Mean Difference",
        "param_value": "-2.24",
        "dispersion_type": "Standard Error of the Mean",
        "dispersion_value": "1.262",
        "ci_percent": "95",
        "ci_n_sides": "2-Sided",
        "ci_lower_limit": "-4.719",
        "ci_upper_limit": "0.241"
      }
    },
    {
      "title": "Change in Systolic Blood Pressure (SBP) From Baseline to Week 26",
      "groups": "Placebo vs. Canagliflozin 300 mg",
      "values": {
        "p_value": "0.201",
        "method": "ANCOVA",
        "param_type": "Least-Squares Mean Difference",
        "param_value": "-1.62",
        "dispersion_type": "Standard Error of the Mean",
        "dispersion_value": "1.266",
        "ci_percent": "95",
        "ci_n_sides": "2-Sided",
        "ci_lower_limit": "-4.111",
        "ci_upper_limit": "0.866"
      }
    },
    {
      "title": "Percent Change in Triglycerides From Baseline to Week 26",
      "groups": "Placebo vs. Canagliflozin 100 mg",
      "values": {
        "p_value": "0.256",
        "method": "ANCOVA",
        "param_type": "Least-Squares Mean Difference",
        "param_value": "-6.2",
        "dispersion_type": "Standard Error of the Mean",
        "dispersion_value": "5.4",
        "ci_percent": "95",
        "ci_n_sides": "2-Sided",
        "ci_lower_limit": "-16.9",
        "ci_upper_limit": "4.5"
      }
    },
    {
      "title": "Percent Change in Triglycerides From Baseline to Week 26",
      "groups": "Placebo vs. Canagliflozin 300 mg",
      "values": {
        "p_value": "0.571",
        "method": "ANCOVA",
        "param_type": "Least-Squares Mean Difference",
        "param_value": "-3.1",
        "dispersion_type": "Standard Error of the Mean",
        "dispersion_value": "5.5",
        "ci_percent": "95",
        "ci_n_sides": "2-Sided",
        "ci_lower_limit": "-13.8",
        "ci_upper_limit": "7.6"
      }
    },
    {
      "title": "Percent Change in High-density Lipoprotein Cholesterol (HDL-C) From Baseline to Week 26",
      "groups": "Placebo vs. Canagliflozin 100 mg",
      "values": {
        "p_value": "0.153",
        "method": "ANCOVA",
        "param_type": "Least-Squares Mean Difference",
        "param_value": "2.5",
        "dispersion_type": "Standard Error of the Mean",
        "dispersion_value": "1.7",
        "ci_percent": "95",
        "ci_n_sides": "2-Sided",
        "ci_lower_limit": "-0.9",
        "ci_upper_limit": "5.9"
      }
    },
    {
      "title": "Percent Change in High-density Lipoprotein Cholesterol (HDL-C) From Baseline to Week 26",
      "groups": "Placebo vs. Canagliflozin 300 mg",
      "values": {
        "p_value": "0.056",
        "method": "ANCOVA",
        "param_type": "Least-Squares Mean Difference",
        "param_value": "3.4",
        "dispersion_type": "Standard Error of the Mean",
        "dispersion_value": "1.8",
        "ci_percent": "95",
        "ci_n_sides": "2-Sided",
        "ci_lower_limit": "-0.1",
        "ci_upper_limit": "6.8"
      }
    }
  ]
}