{
  "source": {
    "sourceNumber": "NCT00097500",
    "authors": [
      "AstraZeneca"
    ],
    "publicationYear": "2015",
    "title": "A Phase 3, Randomized, Open Label, Comparator-Controlled, Parallel Group, Multicenter Study to Compare the Effects of Exenatide and Insulin Glargine on Beta Cell Function and Cardiovascular Risk Markers in Subjects With Type 2 Diabetes Treated With Metformin Who Have Not Achieved Target HbA1c",
    "journal": "clintrials.gov",
    "publicationType": "clintrials",
    "firstAuthor": "AstraZeneca",
    "references": [
      "A Phase 3, Randomized, Open Label, Comparator-Controlled, Parallel Group, Multicenter Study to Compare the Effects of Exenatide and Insulin Glargine on Beta Cell Function and Cardiovascular Risk Markers in Subjects With Type 2 Diabetes Treated With Metformin Who Have Not Achieved Target HbA1c. clintrials.gov"
    ]
  },
  "trial": {
    "trial": "2993-114",
    "authorTrial": "AstraZeneca 2015 (2993-114)",
    "registryName": "NCT00097500",
    "location": [
      "Finland",
      "Netherlands",
      "Sweden"
    ],
    "sponsor": "AstraZeneca",
    "trialYear": "2004",
    "trialDesign": "Randomized,Parallel Assignment",
    "trialBlinding": "Open Label",
    "primaryDrug": "exenatide",
    "trialDuration": "56 Weeks"
  },
  "arms": [
    {
      "arm": "1",
      "label": "Exenatide Arm",
      "type": "Experimental",
      "controlArm": false,
      "baselines": [
        {
          "title": "Number of Participants",
          "unit": "participants",
          "param": "Number",
          "value": 36.0
        },
        {
          "title": "Age",
          "unit": "years",
          "param": "Mean",
          "dispersion": "Standard Deviation",
          "value": 58.4,
          "spread": 8.4
        },
        {
          "title": "Gender",
          "subTitle": "Female",
          "unit": "participants",
          "param": "Number",
          "value": 13.0
        },
        {
          "title": "Gender",
          "subTitle": "Male",
          "unit": "participants",
          "param": "Number",
          "value": 23.0
        },
        {
          "title": "Body Mass Index (BMI)",
          "unit": "kg/m^2",
          "param": "Mean",
          "dispersion": "Standard Deviation",
          "value": 30.87,
          "spread": 4.15
        },
        {
          "title": "Body weight",
          "unit": "kg",
          "param": "Mean",
          "dispersion": "Standard Deviation",
          "value": 90.56,
          "spread": 12.66
        },
        {
          "title": "Glycosylated hemoglobin (HbA1c)",
          "unit": "percentage",
          "param": "Mean",
          "dispersion": "Standard Deviation",
          "value": 7.58,
          "spread": 0.89
        },
        {
          "title": "Duration of diabetes",
          "unit": "years",
          "param": "Mean",
          "dispersion": "Standard Deviation",
          "value": 5.72,
          "spread": 4.7
        }
      ],
      "drugs": [
        {
          "name": "exenatide"
        },
        {
          "name": "Metformin"
        }
      ],
      "participants": [
        {
          "period": "On-drug Period (Week 0 to Week 52)",
          "started": 36,
          "completed": 30,
          "notCompleted": 6,
          "incompleteDetails": [
            {
              "reason": "Withdrawal of consent",
              "count": 1
            },
            {
              "reason": "Adverse Event",
              "count": 5
            },
            {
              "reason": "Physician Decision",
              "count": 0
            },
            {
              "reason": "Lost to Follow-up",
              "count": 0
            }
          ]
        },
        {
          "period": "Off-drug Period (Week 52 to Week 64)",
          "started": 30,
          "completed": 25,
          "notCompleted": 5,
          "incompleteDetails": [
            {
              "reason": "Withdrawal of consent",
              "count": 2
            },
            {
              "reason": "Physician Decision",
              "count": 0
            },
            {
              "reason": "Loss of glucose control",
              "count": 3
            }
          ]
        }
      ],
      "endpoints": [
        {
          "type": "Primary",
          "title": "Beta-cell Function After 52 Weeks of Therapy",
          "timeFrame": "Baseline (week -2) and 52 weeks",
          "participants": 30,
          "measurements": [
            {
              "unit": "ratio",
              "param": "Least Squares Mean",
              "dispersion": "Standard Error",
              "value": 2.89,
              "spread": 0.27
            }
          ]
        },
        {
          "type": "Secondary",
          "title": "Beta-cell Function 4 Weeks After Cessation of Therapy",
          "timeFrame": "Baseline (week -2) and 56 weeks",
          "participants": 30,
          "measurements": [
            {
              "unit": "ratio",
              "param": "Least Squares Mean",
              "dispersion": "Standard Error",
              "value": 1.02,
              "spread": 0.06
            }
          ]
        },
        {
          "type": "Secondary",
          "title": "Change in First Phase C-peptide Release",
          "timeFrame": "baseline (week -2), 52 weeks, and 56 weeks",
          "participants": 29,
          "measurements": [
            {
              "subTitle": "52 weeks",
              "unit": "ratio",
              "param": "Least Squares Mean",
              "dispersion": "Standard Error",
              "value": 1.72,
              "spread": 0.11
            },
            {
              "subTitle": "56 weeks",
              "unit": "ratio",
              "param": "Least Squares Mean",
              "dispersion": "Standard Error",
              "value": 0.95,
              "spread": 0.05
            }
          ]
        },
        {
          "type": "Secondary",
          "title": "Change in Second Phase C-peptide Release",
          "timeFrame": "baseline (-2 weeks), 52 weeks, and 56 weeks",
          "participants": 30,
          "measurements": [
            {
              "subTitle": "52 weeks",
              "unit": "ratio",
              "param": "Least Squares Mean",
              "dispersion": "Standard Error",
              "value": 2.88,
              "spread": 0.18
            },
            {
              "subTitle": "56 weeks",
              "unit": "ratio",
              "param": "Least Squares Mean",
              "dispersion": "Standard Error",
              "value": 1.0,
              "spread": 0.05
            }
          ]
        },
        {
          "type": "Secondary",
          "title": "Change in Glycosylated Hemoglobin (HbA1c)",
          "timeFrame": "Week 0 and week 52",
          "participants": 36,
          "measurements": [
            {
              "unit": "percent",
              "param": "Least Squares Mean",
              "dispersion": "Standard Error",
              "value": -0.97,
              "spread": 0.14
            }
          ]
        },
        {
          "type": "Secondary",
          "title": "Change in Fasting Plasma Glucose",
          "timeFrame": "0 weeks and 52 weeks",
          "participants": 36,
          "measurements": [
            {
              "unit": "mmol/L",
              "param": "Least Squares Mean",
              "dispersion": "Standard Error",
              "value": -1.53,
              "spread": 0.25
            }
          ]
        },
        {
          "type": "Secondary",
          "title": "Seven Point Self Monitored Blood Glucose (SMBG) Measurements",
          "timeFrame": "0 weeks and 52 weeks",
          "participants": 36,
          "measurements": [
            {
              "subTitle": "Pre-breakfast measurement (week 0)",
              "unit": "mmol/L",
              "param": "Mean",
              "dispersion": "Standard Deviation",
              "value": 8.92,
              "spread": 1.8
            },
            {
              "subTitle": "Pre-breakfast measurement (week 52)",
              "unit": "mmol/L",
              "param": "Mean",
              "dispersion": "Standard Deviation",
              "value": 7.27,
              "spread": 1.63
            },
            {
              "subTitle": "2-hour post-breakfast measurement (week 0)",
              "unit": "mmol/L",
              "param": "Mean",
              "dispersion": "Standard Deviation",
              "value": 11.0,
              "spread": 2.58
            },
            {
              "subTitle": "2-hour post-breakfast measurement (week 52)",
              "unit": "mmol/L",
              "param": "Mean",
              "dispersion": "Standard Deviation",
              "value": 6.98,
              "spread": 2.42
            },
            {
              "subTitle": "Pre-lunch measurement (week 0)",
              "unit": "mmol/L",
              "param": "Mean",
              "dispersion": "Standard Deviation",
              "value": 8.14,
              "spread": 2.25
            },
            {
              "subTitle": "Pre-lunch measurement (week 52)",
              "unit": "mmol/L",
              "param": "Mean",
              "dispersion": "Standard Deviation",
              "value": 6.52,
              "spread": 1.52
            },
            {
              "subTitle": "2-hour post-lunch measurement (week 0)",
              "unit": "mmol/L",
              "param": "Mean",
              "dispersion": "Standard Deviation",
              "value": 9.9,
              "spread": 2.54
            },
            {
              "subTitle": "2-hour post-lunch measurement (week 52)",
              "unit": "mmol/L",
              "param": "Mean",
              "dispersion": "Standard Deviation",
              "value": 7.97,
              "spread": 2.01
            },
            {
              "subTitle": "Pre-dinner measurement (week 0)",
              "unit": "mmol/L",
              "param": "Mean",
              "dispersion": "Standard Deviation",
              "value": 8.38,
              "spread": 2.4
            },
            {
              "subTitle": "Pre-dinner measurement (week 52)",
              "unit": "mmol/L",
              "param": "Mean",
              "dispersion": "Standard Deviation",
              "value": 7.53,
              "spread": 2.63
            },
            {
              "subTitle": "2-hour post-dinner measurement (week 0)",
              "unit": "mmol/L",
              "param": "Mean",
              "dispersion": "Standard Deviation",
              "value": 10.42,
              "spread": 2.42
            },
            {
              "subTitle": "2-hour post-dinner measurement (week 52)",
              "unit": "mmol/L",
              "param": "Mean",
              "dispersion": "Standard Deviation",
              "value": 6.98,
              "spread": 2.25
            },
            {
              "subTitle": "Bedtime measurement (week 0)",
              "unit": "mmol/L",
              "param": "Mean",
              "dispersion": "Standard Deviation",
              "value": 9.76,
              "spread": 2.44
            },
            {
              "subTitle": "Bedtime measurement (week 52)",
              "unit": "mmol/L",
              "param": "Mean",
              "dispersion": "Standard Deviation",
              "value": 7.61,
              "spread": 2.11
            }
          ]
        },
        {
          "type": "Secondary",
          "title": "Change in Body Weight",
          "timeFrame": "0 weeks and 52 weeks",
          "participants": 36,
          "measurements": [
            {
              "unit": "kg",
              "param": "Least Squares Mean",
              "dispersion": "Standard Error",
              "value": -3.8,
              "spread": 0.87
            }
          ]
        },
        {
          "type": "Secondary",
          "title": "M-value at Baseline, Week 52 and Week 56",
          "timeFrame": "baseline (week -2), 52 weeks, and 56 weeks",
          "participants": 30,
          "measurements": [
            {
              "subTitle": "baseline (week -2)",
              "unit": "mg/min/kg",
              "param": "Mean",
              "dispersion": "Standard Error",
              "value": 2.24,
              "spread": 0.39
            },
            {
              "subTitle": "week 52",
              "unit": "mg/min/kg",
              "param": "Mean",
              "dispersion": "Standard Error",
              "value": 3.18,
              "spread": 0.42
            },
            {
              "subTitle": "week 56",
              "unit": "mg/min/kg",
              "param": "Mean",
              "dispersion": "Standard Error",
              "value": 3.19,
              "spread": 0.44
            }
          ]
        }
      ]
    },
    {
      "arm": "2",
      "label": "Insulin Glargine Arm",
      "type": "Active Comparator",
      "controlArm": true,
      "baselines": [
        {
          "title": "Number of Participants",
          "unit": "participants",
          "param": "Number",
          "value": 33.0
        },
        {
          "title": "Age",
          "unit": "years",
          "param": "Mean",
          "dispersion": "Standard Deviation",
          "value": 58.3,
          "spread": 7.3
        },
        {
          "title": "Gender",
          "subTitle": "Female",
          "unit": "participants",
          "param": "Number",
          "value": 11.0
        },
        {
          "title": "Gender",
          "subTitle": "Male",
          "unit": "participants",
          "param": "Number",
          "value": 22.0
        },
        {
          "title": "Body Mass Index (BMI)",
          "unit": "kg/m^2",
          "param": "Mean",
          "dispersion": "Standard Deviation",
          "value": 30.13,
          "spread": 3.49
        },
        {
          "title": "Body weight",
          "unit": "kg",
          "param": "Mean",
          "dispersion": "Standard Deviation",
          "value": 92.39,
          "spread": 13.56
        },
        {
          "title": "Glycosylated hemoglobin (HbA1c)",
          "unit": "percentage",
          "param": "Mean",
          "dispersion": "Standard Deviation",
          "value": 7.41,
          "spread": 0.81
        },
        {
          "title": "Duration of diabetes",
          "unit": "years",
          "param": "Mean",
          "dispersion": "Standard Deviation",
          "value": 3.97,
          "spread": 3.62
        }
      ],
      "drugs": [
        {
          "name": "Insulin glargine"
        },
        {
          "name": "Metformin"
        }
      ],
      "participants": [
        {
          "period": "On-drug Period (Week 0 to Week 52)",
          "started": 33,
          "completed": 30,
          "notCompleted": 3,
          "incompleteDetails": [
            {
              "reason": "Withdrawal of consent",
              "count": 1
            },
            {
              "reason": "Adverse Event",
              "count": 0
            },
            {
              "reason": "Physician Decision",
              "count": 1
            },
            {
              "reason": "Lost to Follow-up",
              "count": 1
            }
          ]
        },
        {
          "period": "Off-drug Period (Week 52 to Week 64)",
          "started": 30,
          "completed": 26,
          "notCompleted": 4,
          "incompleteDetails": [
            {
              "reason": "Withdrawal of consent",
              "count": 1
            },
            {
              "reason": "Physician Decision",
              "count": 1
            },
            {
              "reason": "Loss of glucose control",
              "count": 2
            }
          ]
        }
      ],
      "endpoints": [
        {
          "type": "Primary",
          "title": "Beta-cell Function After 52 Weeks of Therapy",
          "timeFrame": "Baseline (week -2) and 52 weeks",
          "participants": 30,
          "measurements": [
            {
              "unit": "ratio",
              "param": "Least Squares Mean",
              "dispersion": "Standard Error",
              "value": 1.15,
              "spread": 0.11
            }
          ]
        },
        {
          "type": "Secondary",
          "title": "Beta-cell Function 4 Weeks After Cessation of Therapy",
          "timeFrame": "Baseline (week -2) and 56 weeks",
          "participants": 30,
          "measurements": [
            {
              "unit": "ratio",
              "param": "Least Squares Mean",
              "dispersion": "Standard Error",
              "value": 1.08,
              "spread": 0.07
            }
          ]
        },
        {
          "type": "Secondary",
          "title": "Change in First Phase C-peptide Release",
          "timeFrame": "baseline (week -2), 52 weeks, and 56 weeks",
          "participants": 30,
          "measurements": [
            {
              "subTitle": "52 weeks",
              "unit": "ratio",
              "param": "Least Squares Mean",
              "dispersion": "Standard Error",
              "value": 1.13,
              "spread": 0.07
            },
            {
              "subTitle": "56 weeks",
              "unit": "ratio",
              "param": "Least Squares Mean",
              "dispersion": "Standard Error",
              "value": 1.06,
              "spread": 0.06
            }
          ]
        },
        {
          "type": "Secondary",
          "title": "Change in Second Phase C-peptide Release",
          "timeFrame": "baseline (-2 weeks), 52 weeks, and 56 weeks",
          "participants": 30,
          "measurements": [
            {
              "subTitle": "52 weeks",
              "unit": "ratio",
              "param": "Least Squares Mean",
              "dispersion": "Standard Error",
              "value": 1.01,
              "spread": 0.07
            },
            {
              "subTitle": "56 weeks",
              "unit": "ratio",
              "param": "Least Squares Mean",
              "dispersion": "Standard Error",
              "value": 1.08,
              "spread": 0.06
            }
          ]
        },
        {
          "type": "Secondary",
          "title": "Change in Glycosylated Hemoglobin (HbA1c)",
          "timeFrame": "Week 0 and week 52",
          "participants": 33,
          "measurements": [
            {
              "unit": "percent",
              "param": "Least Squares Mean",
              "dispersion": "Standard Error",
              "value": -0.87,
              "spread": 0.15
            }
          ]
        },
        {
          "type": "Secondary",
          "title": "Change in Fasting Plasma Glucose",
          "timeFrame": "0 weeks and 52 weeks",
          "participants": 33,
          "measurements": [
            {
              "unit": "mmol/L",
              "param": "Least Squares Mean",
              "dispersion": "Standard Error",
              "value": -3.1,
              "spread": 0.27
            }
          ]
        },
        {
          "type": "Secondary",
          "title": "Seven Point Self Monitored Blood Glucose (SMBG) Measurements",
          "timeFrame": "0 weeks and 52 weeks",
          "participants": 33,
          "measurements": [
            {
              "subTitle": "Pre-breakfast measurement (week 0)",
              "unit": "mmol/L",
              "param": "Mean",
              "dispersion": "Standard Deviation",
              "value": 8.38,
              "spread": 1.91
            },
            {
              "subTitle": "Pre-breakfast measurement (week 52)",
              "unit": "mmol/L",
              "param": "Mean",
              "dispersion": "Standard Deviation",
              "value": 5.63,
              "spread": 0.85
            },
            {
              "subTitle": "2-hour post-breakfast measurement (week 0)",
              "unit": "mmol/L",
              "param": "Mean",
              "dispersion": "Standard Deviation",
              "value": 11.17,
              "spread": 3.3
            },
            {
              "subTitle": "2-hour post-breakfast measurement (week 52)",
              "unit": "mmol/L",
              "param": "Mean",
              "dispersion": "Standard Deviation",
              "value": 7.53,
              "spread": 2.16
            },
            {
              "subTitle": "Pre-lunch measurement (week 0)",
              "unit": "mmol/L",
              "param": "Mean",
              "dispersion": "Standard Deviation",
              "value": 8.54,
              "spread": 2.51
            },
            {
              "subTitle": "Pre-lunch measurement (week 52)",
              "unit": "mmol/L",
              "param": "Mean",
              "dispersion": "Standard Deviation",
              "value": 6.24,
              "spread": 1.66
            },
            {
              "subTitle": "2-hour post-lunch measurement (week 0)",
              "unit": "mmol/L",
              "param": "Mean",
              "dispersion": "Standard Deviation",
              "value": 10.52,
              "spread": 2.96
            },
            {
              "subTitle": "2-hour post-lunch measurement (week 52)",
              "unit": "mmol/L",
              "param": "Mean",
              "dispersion": "Standard Deviation",
              "value": 8.15,
              "spread": 1.77
            },
            {
              "subTitle": "Pre-dinner measurement (week 0)",
              "unit": "mmol/L",
              "param": "Mean",
              "dispersion": "Standard Deviation",
              "value": 8.07,
              "spread": 2.48
            },
            {
              "subTitle": "Pre-dinner measurement (week 52)",
              "unit": "mmol/L",
              "param": "Mean",
              "dispersion": "Standard Deviation",
              "value": 6.98,
              "spread": 2.04
            },
            {
              "subTitle": "2-hour post-dinner measurement (week 0)",
              "unit": "mmol/L",
              "param": "Mean",
              "dispersion": "Standard Deviation",
              "value": 10.26,
              "spread": 2.82
            },
            {
              "subTitle": "2-hour post-dinner measurement (week 52)",
              "unit": "mmol/L",
              "param": "Mean",
              "dispersion": "Standard Deviation",
              "value": 8.81,
              "spread": 2.03
            },
            {
              "subTitle": "Bedtime measurement (week 0)",
              "unit": "mmol/L",
              "param": "Mean",
              "dispersion": "Standard Deviation",
              "value": 9.85,
              "spread": 3.09
            },
            {
              "subTitle": "Bedtime measurement (week 52)",
              "unit": "mmol/L",
              "param": "Mean",
              "dispersion": "Standard Deviation",
              "value": 8.03,
              "spread": 2.82
            }
          ]
        },
        {
          "type": "Secondary",
          "title": "Change in Body Weight",
          "timeFrame": "0 weeks and 52 weeks",
          "participants": 33,
          "measurements": [
            {
              "unit": "kg",
              "param": "Least Squares Mean",
              "dispersion": "Standard Error",
              "value": 0.75,
              "spread": 0.95
            }
          ]
        },
        {
          "type": "Secondary",
          "title": "M-value at Baseline, Week 52 and Week 56",
          "timeFrame": "baseline (week -2), 52 weeks, and 56 weeks",
          "participants": 30,
          "measurements": [
            {
              "subTitle": "baseline (week -2)",
              "unit": "mg/min/kg",
              "param": "Mean",
              "dispersion": "Standard Error",
              "value": 2.79,
              "spread": 0.26
            },
            {
              "subTitle": "week 52",
              "unit": "mg/min/kg",
              "param": "Mean",
              "dispersion": "Standard Error",
              "value": 3.85,
              "spread": 0.32
            },
            {
              "subTitle": "week 56",
              "unit": "mg/min/kg",
              "param": "Mean",
              "dispersion": "Standard Error",
              "value": 2.81,
              "spread": 0.29
            }
          ]
        }
      ]
    }
  ],
  "analysis": [
    {
      "title": "Beta-cell Function After 52 Weeks of Therapy",
      "groups": "Exenatide Arm vs. Insulin Glargine Arm",
      "values": {
        "p_value": "0.0001",
        "method": "ANCOVA"
      }
    },
    {
      "title": "Beta-cell Function 4 Weeks After Cessation of Therapy",
      "groups": "Exenatide Arm vs. Insulin Glargine Arm",
      "values": {
        "p_value": "0.4185",
        "method": "ANCOVA"
      }
    },
    {
      "title": "Change in First Phase C-peptide Release",
      "groups": "Exenatide Arm vs. Insulin Glargine Arm",
      "values": {
        "groups_desc": "Statistical analysis at week 52.",
        "p_value": "<0.0001",
        "method": "ANCOVA"
      }
    },
    {
      "title": "Change in First Phase C-peptide Release",
      "groups": "Exenatide Arm vs. Insulin Glargine Arm",
      "values": {
        "groups_desc": "Statistical analysis at week 56.",
        "p_value": "0.1188",
        "method": "ANCOVA"
      }
    },
    {
      "title": "Change in Second Phase C-peptide Release",
      "groups": "Exenatide Arm vs. Insulin Glargine Arm",
      "values": {
        "groups_desc": "Statistical analysis at week 52.",
        "p_value": "<0.0001",
        "method": "ANCOVA"
      }
    },
    {
      "title": "Change in Second Phase C-peptide Release",
      "groups": "Exenatide Arm vs. Insulin Glargine Arm",
      "values": {
        "groups_desc": "Statistical analysis at week 56.",
        "p_value": "0.1996",
        "method": "ANCOVA"
      }
    },
    {
      "title": "Change in Glycosylated Hemoglobin (HbA1c)",
      "groups": "Exenatide Arm vs. Insulin Glargine Arm",
      "values": {
        "p_value": "0.5522",
        "method": "ANCOVA"
      }
    },
    {
      "title": "Change in Fasting Plasma Glucose",
      "groups": "Exenatide Arm vs. Insulin Glargine Arm",
      "values": {
        "p_value": "<0.0001",
        "method": "ANCOVA"
      }
    },
    {
      "title": "Change in Body Weight",
      "groups": "Exenatide Arm vs. Insulin Glargine Arm",
      "values": {
        "p_value": "<0.0001",
        "method": "ANCOVA"
      }
    }
  ]
}