{
  "source": {
    "sourceNumber": "NCT00395746",
    "authors": [
      "Novo Nordisk A/S"
    ],
    "publicationYear": "2014",
    "title": "Effect of Liraglutide in Combination With Sulfonylurea (SU) on Glycaemic Control in Subjects With Type 2 Diabetes",
    "journal": "clintrials.gov",
    "publicationType": "clintrials",
    "firstAuthor": "Novo Nordisk A/S",
    "references": [
      "Effect of Liraglutide in Combination With Sulfonylurea (SU) on Glycaemic Control in Subjects With Type 2 Diabetes. clintrials.gov"
    ]
  },
  "trial": {
    "trial": "NN2211-1701",
    "authorTrial": "Novo Nordisk A/S 2014 (NN2211-1701)",
    "registryName": "NCT00395746",
    "location": [
      "Japan"
    ],
    "sponsor": "Novo Nordisk A/S",
    "trialYear": "2006",
    "trialDesign": "Randomized,Parallel Assignment",
    "trialBlinding": "Double Blind (Subject, Investigator)",
    "primaryDrug": "liraglutide",
    "trialDuration": "52 Weeks"
  },
  "arms": [
    {
      "arm": "1",
      "label": "0.6 mg + SU",
      "type": "Experimental",
      "controlArm": false,
      "baselines": [
        {
          "title": "Number of Participants",
          "unit": "participants",
          "param": "Number",
          "value": 88.0
        },
        {
          "title": "Age, Customized",
          "subTitle": "20-29",
          "unit": "participants",
          "param": "Number",
          "value": 0.0
        },
        {
          "title": "Age, Customized",
          "subTitle": "30-39",
          "unit": "participants",
          "param": "Number",
          "value": 2.0
        },
        {
          "title": "Age, Customized",
          "subTitle": "40-49",
          "unit": "participants",
          "param": "Number",
          "value": 16.0
        },
        {
          "title": "Age, Customized",
          "subTitle": "50-59",
          "unit": "participants",
          "param": "Number",
          "value": 24.0
        },
        {
          "title": "Age, Customized",
          "subTitle": "60-69",
          "unit": "participants",
          "param": "Number",
          "value": 30.0
        },
        {
          "title": "Age, Customized",
          "subTitle": "70-",
          "unit": "participants",
          "param": "Number",
          "value": 16.0
        },
        {
          "title": "Age",
          "unit": "years",
          "param": "Mean",
          "dispersion": "Standard Deviation",
          "value": 59.1,
          "spread": 10.3
        },
        {
          "title": "Gender",
          "subTitle": "Female",
          "unit": "participants",
          "param": "Number",
          "value": 35.0
        },
        {
          "title": "Gender",
          "subTitle": "Male",
          "unit": "participants",
          "param": "Number",
          "value": 53.0
        },
        {
          "title": "BMI",
          "unit": "kg/m2",
          "param": "Mean",
          "dispersion": "Standard Deviation",
          "value": 25.25,
          "spread": 3.58
        },
        {
          "title": "Body weight",
          "unit": "kg",
          "param": "Mean",
          "dispersion": "Standard Deviation",
          "value": 66.19,
          "spread": 12.03
        },
        {
          "title": "Duration of diabetes",
          "unit": "years",
          "param": "Mean",
          "dispersion": "Standard Deviation",
          "value": 9.33,
          "spread": 5.77
        },
        {
          "title": "HbA1c",
          "unit": "percentage of total haemoglobin",
          "param": "Mean",
          "dispersion": "Standard Deviation",
          "value": 8.48,
          "spread": 0.73
        }
      ],
      "drugs": [
        {
          "name": "sulfonylurea"
        },
        {
          "name": "liraglutide"
        }
      ],
      "participants": [
        {
          "period": "Overall Study",
          "started": 88,
          "completed": 78,
          "notCompleted": 10,
          "incompleteDetails": [
            {
              "reason": "Adverse Event",
              "count": 5
            },
            {
              "reason": "Protocol Violation",
              "count": 0
            },
            {
              "reason": "Lack of Efficacy",
              "count": 2
            },
            {
              "reason": "Hypoglycaemia",
              "count": 2
            },
            {
              "reason": "Subject decision",
              "count": 0
            },
            {
              "reason": "Withdrawal of consent",
              "count": 0
            },
            {
              "reason": "Difficultulty in use of device",
              "count": 0
            },
            {
              "reason": "Unable to visit site on schedule",
              "count": 1
            }
          ]
        }
      ],
      "endpoints": [
        {
          "type": "Primary",
          "title": "Glycosylated Haemoglobin A1c (HbA1c) After 24 Weeks of Treatment",
          "timeFrame": "after 24 weeks of treatment",
          "participants": 86,
          "measurements": [
            {
              "unit": "percentage of total haemoglobin",
              "param": "Least Squares Mean",
              "dispersion": "Standard Error",
              "value": 7.02,
              "spread": 0.1
            }
          ]
        },
        {
          "type": "Secondary",
          "title": "Glycosylated Haemoglobin A1c (HbA1c) After 52 Weeks of Treatment",
          "timeFrame": "after 52 weeks of treatment",
          "participants": 86,
          "measurements": [
            {
              "unit": "percentage of total haemoglobin",
              "param": "Least Squares Mean",
              "dispersion": "Standard Error",
              "value": 7.42,
              "spread": 0.12
            }
          ]
        },
        {
          "type": "Secondary",
          "title": "Fasting Plasma Glucose After 24 Weeks of Treatment",
          "timeFrame": "after 24 weeks of treatment",
          "participants": 85,
          "measurements": [
            {
              "unit": "mg/dL",
              "param": "Least Squares Mean",
              "dispersion": "Standard Error",
              "value": 132.2,
              "spread": 3.5
            }
          ]
        },
        {
          "type": "Secondary",
          "title": "Fasting Plasma Glucose After 52 Weeks of Treatment",
          "timeFrame": "after 52 weeks of treatment",
          "participants": 85,
          "measurements": [
            {
              "unit": "mg/dL",
              "param": "Least Squares Mean",
              "dispersion": "Standard Error",
              "value": 140.3,
              "spread": 4.0
            }
          ]
        },
        {
          "type": "Secondary",
          "title": "Postprandial Glucose AUC After 24 Weeks of Treatment",
          "timeFrame": "after 24 weeks of treatment",
          "participants": 83,
          "measurements": [
            {
              "unit": "mg/dL *h",
              "param": "Least Squares Mean",
              "dispersion": "Standard Error",
              "value": 614.58,
              "spread": 14.75
            }
          ]
        },
        {
          "type": "Secondary",
          "title": "Postprandial Glucose AUC After 52 Weeks of Treatment",
          "timeFrame": "after 52 weeks of treatment",
          "participants": 78,
          "measurements": [
            {
              "unit": "mg/dL *h",
              "param": "Least Squares Mean",
              "dispersion": "Standard Error",
              "value": 648.87,
              "spread": 16.09
            }
          ]
        },
        {
          "type": "Secondary",
          "title": "Mean PG in 7-point Plasma Glucose Profile After 24 Weeks of Treatment",
          "timeFrame": "after 24 weeks of treatment",
          "participants": 80,
          "measurements": [
            {
              "unit": "mg/dL",
              "param": "Least Squares Mean",
              "dispersion": "Standard Error",
              "value": 160.2,
              "spread": 4.44
            }
          ]
        },
        {
          "type": "Secondary",
          "title": "Mean PG in 7-point Plasma Glucose Profile After 52 Weeks of Treatment",
          "timeFrame": "after 52 weeks of treatment",
          "participants": 81,
          "measurements": [
            {
              "unit": "mg/dL",
              "param": "Least Squares Mean",
              "dispersion": "Standard Error",
              "value": 171.42,
              "spread": 5.11
            }
          ]
        },
        {
          "type": "Secondary",
          "title": "Mean Postprandial PG Increment in 7-point Plasma Glucose Profile After 24 Weeks of Treatment",
          "timeFrame": "after 24 weeks of treatment",
          "participants": 81,
          "measurements": [
            {
              "unit": "mg/dL",
              "param": "Least Squares Mean",
              "dispersion": "Standard Error",
              "value": 86.38,
              "spread": 4.65
            }
          ]
        },
        {
          "type": "Secondary",
          "title": "Mean Postprandial PG Increment in 7-point Plasma Glucose Profile After 52 Weeks of Treatment",
          "timeFrame": "after 52 weeks of treatment",
          "participants": 82,
          "measurements": [
            {
              "unit": "mg/dL",
              "param": "Least Squares Mean",
              "dispersion": "Standard Error",
              "value": 82.28,
              "spread": 4.81
            }
          ]
        },
        {
          "type": "Secondary",
          "title": "Body Weight After 24 Weeks of Treatment",
          "timeFrame": "after 24 weeks of treatment",
          "participants": 87,
          "measurements": [
            {
              "unit": "kg",
              "param": "Least Squares Mean",
              "dispersion": "Standard Error",
              "value": 65.77,
              "spread": 0.23
            }
          ]
        },
        {
          "type": "Secondary",
          "title": "Body Weight After 52 Weeks of Treatment",
          "timeFrame": "after 52 weeks of treatment",
          "participants": 87,
          "measurements": [
            {
              "unit": "kg",
              "param": "Least Squares Mean",
              "dispersion": "Standard Error",
              "value": 65.96,
              "spread": 0.26
            }
          ]
        },
        {
          "type": "Secondary",
          "title": "Hypoglycaemic Episodes",
          "timeFrame": "over 52 weeks of treatment",
          "participants": 88,
          "measurements": [
            {
              "subTitle": "All hypoglycaemic episodes",
              "unit": "number of events per year of exposure",
              "param": "Number",
              "value": 3.131
            },
            {
              "subTitle": "Major",
              "unit": "number of events per year of exposure",
              "param": "Number",
              "value": 0.0
            },
            {
              "subTitle": "Minor",
              "unit": "number of events per year of exposure",
              "param": "Number",
              "value": 1.438
            },
            {
              "subTitle": "Symptoms only",
              "unit": "number of events per year of exposure",
              "param": "Number",
              "value": 1.693
            }
          ]
        }
      ]
    },
    {
      "arm": "2",
      "label": "0.9 mg + SU",
      "type": "Experimental",
      "controlArm": false,
      "baselines": [
        {
          "title": "Number of Participants",
          "unit": "participants",
          "param": "Number",
          "value": 88.0
        },
        {
          "title": "Age, Customized",
          "subTitle": "20-29",
          "unit": "participants",
          "param": "Number",
          "value": 1.0
        },
        {
          "title": "Age, Customized",
          "subTitle": "30-39",
          "unit": "participants",
          "param": "Number",
          "value": 4.0
        },
        {
          "title": "Age, Customized",
          "subTitle": "40-49",
          "unit": "participants",
          "param": "Number",
          "value": 5.0
        },
        {
          "title": "Age, Customized",
          "subTitle": "50-59",
          "unit": "participants",
          "param": "Number",
          "value": 27.0
        },
        {
          "title": "Age, Customized",
          "subTitle": "60-69",
          "unit": "participants",
          "param": "Number",
          "value": 32.0
        },
        {
          "title": "Age, Customized",
          "subTitle": "70-",
          "unit": "participants",
          "param": "Number",
          "value": 19.0
        },
        {
          "title": "Age",
          "unit": "years",
          "param": "Mean",
          "dispersion": "Standard Deviation",
          "value": 61.3,
          "spread": 11.0
        },
        {
          "title": "Gender",
          "subTitle": "Female",
          "unit": "participants",
          "param": "Number",
          "value": 29.0
        },
        {
          "title": "Gender",
          "subTitle": "Male",
          "unit": "participants",
          "param": "Number",
          "value": 59.0
        },
        {
          "title": "BMI",
          "unit": "kg/m2",
          "param": "Mean",
          "dispersion": "Standard Deviation",
          "value": 24.4,
          "spread": 3.37
        },
        {
          "title": "Body weight",
          "unit": "kg",
          "param": "Mean",
          "dispersion": "Standard Deviation",
          "value": 64.53,
          "spread": 11.95
        },
        {
          "title": "Duration of diabetes",
          "unit": "years",
          "param": "Mean",
          "dispersion": "Standard Deviation",
          "value": 11.61,
          "spread": 7.68
        },
        {
          "title": "HbA1c",
          "unit": "percentage of total haemoglobin",
          "param": "Mean",
          "dispersion": "Standard Deviation",
          "value": 8.26,
          "spread": 0.71
        }
      ],
      "drugs": [
        {
          "name": "sulfonylurea"
        },
        {
          "name": "liraglutide"
        }
      ],
      "participants": [
        {
          "period": "Overall Study",
          "started": 88,
          "completed": 84,
          "notCompleted": 4,
          "incompleteDetails": [
            {
              "reason": "Adverse Event",
              "count": 2
            },
            {
              "reason": "Protocol Violation",
              "count": 1
            },
            {
              "reason": "Lack of Efficacy",
              "count": 0
            },
            {
              "reason": "Hypoglycaemia",
              "count": 1
            },
            {
              "reason": "Subject decision",
              "count": 0
            },
            {
              "reason": "Withdrawal of consent",
              "count": 0
            },
            {
              "reason": "Difficultulty in use of device",
              "count": 0
            },
            {
              "reason": "Unable to visit site on schedule",
              "count": 0
            }
          ]
        }
      ],
      "endpoints": [
        {
          "type": "Primary",
          "title": "Glycosylated Haemoglobin A1c (HbA1c) After 24 Weeks of Treatment",
          "timeFrame": "after 24 weeks of treatment",
          "participants": 87,
          "measurements": [
            {
              "unit": "percentage of total haemoglobin",
              "param": "Least Squares Mean",
              "dispersion": "Standard Error",
              "value": 6.75,
              "spread": 0.11
            }
          ]
        },
        {
          "type": "Secondary",
          "title": "Glycosylated Haemoglobin A1c (HbA1c) After 52 Weeks of Treatment",
          "timeFrame": "after 52 weeks of treatment",
          "participants": 87,
          "measurements": [
            {
              "unit": "percentage of total haemoglobin",
              "param": "Least Squares Mean",
              "dispersion": "Standard Error",
              "value": 7.06,
              "spread": 0.13
            }
          ]
        },
        {
          "type": "Secondary",
          "title": "Fasting Plasma Glucose After 24 Weeks of Treatment",
          "timeFrame": "after 24 weeks of treatment",
          "participants": 86,
          "measurements": [
            {
              "unit": "mg/dL",
              "param": "Least Squares Mean",
              "dispersion": "Standard Error",
              "value": 126.2,
              "spread": 3.5
            }
          ]
        },
        {
          "type": "Secondary",
          "title": "Fasting Plasma Glucose After 52 Weeks of Treatment",
          "timeFrame": "after 52 weeks of treatment",
          "participants": 86,
          "measurements": [
            {
              "unit": "mg/dL",
              "param": "Least Squares Mean",
              "dispersion": "Standard Error",
              "value": 134.5,
              "spread": 4.1
            }
          ]
        },
        {
          "type": "Secondary",
          "title": "Postprandial Glucose AUC After 24 Weeks of Treatment",
          "timeFrame": "after 24 weeks of treatment",
          "participants": 84,
          "measurements": [
            {
              "unit": "mg/dL *h",
              "param": "Least Squares Mean",
              "dispersion": "Standard Error",
              "value": 575.5,
              "spread": 15.01
            }
          ]
        },
        {
          "type": "Secondary",
          "title": "Postprandial Glucose AUC After 52 Weeks of Treatment",
          "timeFrame": "after 52 weeks of treatment",
          "participants": 83,
          "measurements": [
            {
              "unit": "mg/dL *h",
              "param": "Least Squares Mean",
              "dispersion": "Standard Error",
              "value": 589.98,
              "spread": 16.17
            }
          ]
        },
        {
          "type": "Secondary",
          "title": "Mean PG in 7-point Plasma Glucose Profile After 24 Weeks of Treatment",
          "timeFrame": "after 24 weeks of treatment",
          "participants": 82,
          "measurements": [
            {
              "unit": "mg/dL",
              "param": "Least Squares Mean",
              "dispersion": "Standard Error",
              "value": 150.05,
              "spread": 4.56
            }
          ]
        },
        {
          "type": "Secondary",
          "title": "Mean PG in 7-point Plasma Glucose Profile After 52 Weeks of Treatment",
          "timeFrame": "after 52 weeks of treatment",
          "participants": 80,
          "measurements": [
            {
              "unit": "mg/dL",
              "param": "Least Squares Mean",
              "dispersion": "Standard Error",
              "value": 159.58,
              "spread": 5.3
            }
          ]
        },
        {
          "type": "Secondary",
          "title": "Mean Postprandial PG Increment in 7-point Plasma Glucose Profile After 24 Weeks of Treatment",
          "timeFrame": "after 24 weeks of treatment",
          "participants": 82,
          "measurements": [
            {
              "unit": "mg/dL",
              "param": "Least Squares Mean",
              "dispersion": "Standard Error",
              "value": 68.34,
              "spread": 4.78
            }
          ]
        },
        {
          "type": "Secondary",
          "title": "Mean Postprandial PG Increment in 7-point Plasma Glucose Profile After 52 Weeks of Treatment",
          "timeFrame": "after 52 weeks of treatment",
          "participants": 80,
          "measurements": [
            {
              "unit": "mg/dL",
              "param": "Least Squares Mean",
              "dispersion": "Standard Error",
              "value": 76.09,
              "spread": 5.0
            }
          ]
        },
        {
          "type": "Secondary",
          "title": "Body Weight After 24 Weeks of Treatment",
          "timeFrame": "after 24 weeks of treatment",
          "participants": 87,
          "measurements": [
            {
              "unit": "kg",
              "param": "Least Squares Mean",
              "dispersion": "Standard Error",
              "value": 65.34,
              "spread": 0.24
            }
          ]
        },
        {
          "type": "Secondary",
          "title": "Body Weight After 52 Weeks of Treatment",
          "timeFrame": "after 52 weeks of treatment",
          "participants": 87,
          "measurements": [
            {
              "unit": "kg",
              "param": "Least Squares Mean",
              "dispersion": "Standard Error",
              "value": 65.87,
              "spread": 0.27
            }
          ]
        },
        {
          "type": "Secondary",
          "title": "Hypoglycaemic Episodes",
          "timeFrame": "over 52 weeks of treatment",
          "participants": 88,
          "measurements": [
            {
              "subTitle": "All hypoglycaemic episodes",
              "unit": "number of events per year of exposure",
              "param": "Number",
              "value": 3.715
            },
            {
              "subTitle": "Major",
              "unit": "number of events per year of exposure",
              "param": "Number",
              "value": 0.0
            },
            {
              "subTitle": "Minor",
              "unit": "number of events per year of exposure",
              "param": "Number",
              "value": 1.365
            },
            {
              "subTitle": "Symptoms only",
              "unit": "number of events per year of exposure",
              "param": "Number",
              "value": 2.35
            }
          ]
        }
      ]
    },
    {
      "arm": "3",
      "label": "SU Mono - 1",
      "type": "Placebo Comparator",
      "controlArm": false,
      "baselines": [
        {
          "title": "Number of Participants",
          "unit": "participants",
          "param": "Number",
          "value": 88.0
        },
        {
          "title": "Age, Customized",
          "subTitle": "20-29",
          "unit": "participants",
          "param": "Number",
          "value": 0.0
        },
        {
          "title": "Age, Customized",
          "subTitle": "30-39",
          "unit": "participants",
          "param": "Number",
          "value": 0.0
        },
        {
          "title": "Age, Customized",
          "subTitle": "40-49",
          "unit": "participants",
          "param": "Number",
          "value": 19.0
        },
        {
          "title": "Age, Customized",
          "subTitle": "50-59",
          "unit": "participants",
          "param": "Number",
          "value": 28.0
        },
        {
          "title": "Age, Customized",
          "subTitle": "60-69",
          "unit": "participants",
          "param": "Number",
          "value": 30.0
        },
        {
          "title": "Age, Customized",
          "subTitle": "70-",
          "unit": "participants",
          "param": "Number",
          "value": 11.0
        },
        {
          "title": "Age",
          "unit": "years",
          "param": "Mean",
          "dispersion": "Standard Deviation",
          "value": 58.6,
          "spread": 9.7
        },
        {
          "title": "Gender",
          "subTitle": "Female",
          "unit": "participants",
          "param": "Number",
          "value": 31.0
        },
        {
          "title": "Gender",
          "subTitle": "Male",
          "unit": "participants",
          "param": "Number",
          "value": 57.0
        },
        {
          "title": "BMI",
          "unit": "kg/m2",
          "param": "Mean",
          "dispersion": "Standard Deviation",
          "value": 24.94,
          "spread": 3.96
        },
        {
          "title": "Body weight",
          "unit": "kg",
          "param": "Mean",
          "dispersion": "Standard Deviation",
          "value": 66.79,
          "spread": 13.66
        },
        {
          "title": "Duration of diabetes",
          "unit": "years",
          "param": "Mean",
          "dispersion": "Standard Deviation",
          "value": 10.06,
          "spread": 7.28
        },
        {
          "title": "HbA1c",
          "unit": "percentage of total haemoglobin",
          "param": "Mean",
          "dispersion": "Standard Deviation",
          "value": 8.44,
          "spread": 0.83
        }
      ],
      "drugs": [
        {
          "name": "sulfonylurea"
        }
      ],
      "participants": [
        {
          "period": "Overall Study",
          "started": 88,
          "completed": 66,
          "notCompleted": 22,
          "incompleteDetails": [
            {
              "reason": "Adverse Event",
              "count": 2
            },
            {
              "reason": "Protocol Violation",
              "count": 0
            },
            {
              "reason": "Lack of Efficacy",
              "count": 17
            },
            {
              "reason": "Hypoglycaemia",
              "count": 0
            },
            {
              "reason": "Subject decision",
              "count": 1
            },
            {
              "reason": "Withdrawal of consent",
              "count": 1
            },
            {
              "reason": "Difficultulty in use of device",
              "count": 1
            },
            {
              "reason": "Unable to visit site on schedule",
              "count": 0
            }
          ]
        }
      ],
      "endpoints": [
        {
          "type": "Primary",
          "title": "Glycosylated Haemoglobin A1c (HbA1c) After 24 Weeks of Treatment",
          "timeFrame": "after 24 weeks of treatment",
          "participants": 88,
          "measurements": [
            {
              "unit": "percentage of total haemoglobin",
              "param": "Least Squares Mean",
              "dispersion": "Standard Error",
              "value": 8.02,
              "spread": 0.1
            }
          ]
        },
        {
          "type": "Secondary",
          "title": "Glycosylated Haemoglobin A1c (HbA1c) After 52 Weeks of Treatment",
          "timeFrame": "after 52 weeks of treatment",
          "participants": 88,
          "measurements": [
            {
              "unit": "percentage of total haemoglobin",
              "param": "Least Squares Mean",
              "dispersion": "Standard Error",
              "value": 8.39,
              "spread": 0.12
            }
          ]
        },
        {
          "type": "Secondary",
          "title": "Fasting Plasma Glucose After 24 Weeks of Treatment",
          "timeFrame": "after 24 weeks of treatment",
          "participants": 87,
          "measurements": [
            {
              "unit": "mg/dL",
              "param": "Least Squares Mean",
              "dispersion": "Standard Error",
              "value": 158.8,
              "spread": 3.5
            }
          ]
        },
        {
          "type": "Secondary",
          "title": "Fasting Plasma Glucose After 52 Weeks of Treatment",
          "timeFrame": "after 52 weeks of treatment",
          "participants": 87,
          "measurements": [
            {
              "unit": "mg/dL",
              "param": "Least Squares Mean",
              "dispersion": "Standard Error",
              "value": 164.6,
              "spread": 4.0
            }
          ]
        },
        {
          "type": "Secondary",
          "title": "Postprandial Glucose AUC After 24 Weeks of Treatment",
          "timeFrame": "after 24 weeks of treatment",
          "participants": 71,
          "measurements": [
            {
              "unit": "mg/dL *h",
              "param": "Least Squares Mean",
              "dispersion": "Standard Error",
              "value": 725.72,
              "spread": 15.71
            }
          ]
        },
        {
          "type": "Secondary",
          "title": "Postprandial Glucose AUC After 52 Weeks of Treatment",
          "timeFrame": "after 52 weeks of treatment",
          "participants": 68,
          "measurements": [
            {
              "unit": "mg/dL *h",
              "param": "Least Squares Mean",
              "dispersion": "Standard Error",
              "value": 717.55,
              "spread": 17.08
            }
          ]
        },
        {
          "type": "Secondary",
          "title": "Mean PG in 7-point Plasma Glucose Profile After 24 Weeks of Treatment",
          "timeFrame": "after 24 weeks of treatment",
          "participants": 80,
          "measurements": [
            {
              "unit": "mg/dL",
              "param": "Least Squares Mean",
              "dispersion": "Standard Error",
              "value": 194.5,
              "spread": 4.61
            }
          ]
        },
        {
          "type": "Secondary",
          "title": "Mean PG in 7-point Plasma Glucose Profile After 52 Weeks of Treatment",
          "timeFrame": "after 52 weeks of treatment",
          "participants": 82,
          "measurements": [
            {
              "unit": "mg/dL",
              "param": "Least Squares Mean",
              "dispersion": "Standard Error",
              "value": 205.92,
              "spread": 5.25
            }
          ]
        },
        {
          "type": "Secondary",
          "title": "Mean Postprandial PG Increment in 7-point Plasma Glucose Profile After 24 Weeks of Treatment",
          "timeFrame": "after 24 weeks of treatment",
          "participants": 82,
          "measurements": [
            {
              "unit": "mg/dL",
              "param": "Least Squares Mean",
              "dispersion": "Standard Error",
              "value": 79.71,
              "spread": 4.75
            }
          ]
        },
        {
          "type": "Secondary",
          "title": "Mean Postprandial PG Increment in 7-point Plasma Glucose Profile After 52 Weeks of Treatment",
          "timeFrame": "after 52 weeks of treatment",
          "participants": 85,
          "measurements": [
            {
              "unit": "mg/dL",
              "param": "Least Squares Mean",
              "dispersion": "Standard Error",
              "value": 89.39,
              "spread": 4.86
            }
          ]
        },
        {
          "type": "Secondary",
          "title": "Body Weight After 24 Weeks of Treatment",
          "timeFrame": "after 24 weeks of treatment",
          "participants": 88,
          "measurements": [
            {
              "unit": "kg",
              "param": "Least Squares Mean",
              "dispersion": "Standard Error",
              "value": 64.59,
              "spread": 0.23
            }
          ]
        },
        {
          "type": "Secondary",
          "title": "Body Weight After 52 Weeks of Treatment",
          "timeFrame": "after 52 weeks of treatment",
          "participants": 88,
          "measurements": [
            {
              "unit": "kg",
              "param": "Least Squares Mean",
              "dispersion": "Standard Error",
              "value": 64.83,
              "spread": 0.26
            }
          ]
        },
        {
          "type": "Secondary",
          "title": "Hypoglycaemic Episodes",
          "timeFrame": "over 52 weeks of treatment",
          "participants": 88,
          "measurements": [
            {
              "subTitle": "All hypoglycaemic episodes",
              "unit": "number of events per year of exposure",
              "param": "Number",
              "value": 2.99
            },
            {
              "subTitle": "Major",
              "unit": "number of events per year of exposure",
              "param": "Number",
              "value": 0.0
            },
            {
              "subTitle": "Minor",
              "unit": "number of events per year of exposure",
              "param": "Number",
              "value": 1.285
            },
            {
              "subTitle": "Symptoms only",
              "unit": "number of events per year of exposure",
              "param": "Number",
              "value": 1.705
            }
          ]
        }
      ]
    },
    {
      "arm": "4",
      "label": "SU Mono - 2",
      "type": "Placebo Comparator",
      "controlArm": true,
      "baselines": [],
      "drugs": [
        {
          "name": "sulfonylurea"
        }
      ],
      "participants": [
        {
          "period": "Overall Study",
          "incompleteDetails": []
        }
      ],
      "endpoints": [
        {
          "type": "Primary",
          "title": "Glycosylated Haemoglobin A1c (HbA1c) After 24 Weeks of Treatment",
          "timeFrame": "after 24 weeks of treatment",
          "measurements": []
        },
        {
          "type": "Secondary",
          "title": "Glycosylated Haemoglobin A1c (HbA1c) After 52 Weeks of Treatment",
          "timeFrame": "after 52 weeks of treatment",
          "measurements": []
        },
        {
          "type": "Secondary",
          "title": "Fasting Plasma Glucose After 24 Weeks of Treatment",
          "timeFrame": "after 24 weeks of treatment",
          "measurements": []
        },
        {
          "type": "Secondary",
          "title": "Fasting Plasma Glucose After 52 Weeks of Treatment",
          "timeFrame": "after 52 weeks of treatment",
          "measurements": []
        },
        {
          "type": "Secondary",
          "title": "Postprandial Glucose AUC After 24 Weeks of Treatment",
          "timeFrame": "after 24 weeks of treatment",
          "measurements": []
        },
        {
          "type": "Secondary",
          "title": "Postprandial Glucose AUC After 52 Weeks of Treatment",
          "timeFrame": "after 52 weeks of treatment",
          "measurements": []
        },
        {
          "type": "Secondary",
          "title": "Mean PG in 7-point Plasma Glucose Profile After 24 Weeks of Treatment",
          "timeFrame": "after 24 weeks of treatment",
          "measurements": []
        },
        {
          "type": "Secondary",
          "title": "Mean PG in 7-point Plasma Glucose Profile After 52 Weeks of Treatment",
          "timeFrame": "after 52 weeks of treatment",
          "measurements": []
        },
        {
          "type": "Secondary",
          "title": "Mean Postprandial PG Increment in 7-point Plasma Glucose Profile After 24 Weeks of Treatment",
          "timeFrame": "after 24 weeks of treatment",
          "measurements": []
        },
        {
          "type": "Secondary",
          "title": "Mean Postprandial PG Increment in 7-point Plasma Glucose Profile After 52 Weeks of Treatment",
          "timeFrame": "after 52 weeks of treatment",
          "measurements": []
        },
        {
          "type": "Secondary",
          "title": "Body Weight After 24 Weeks of Treatment",
          "timeFrame": "after 24 weeks of treatment",
          "measurements": []
        },
        {
          "type": "Secondary",
          "title": "Body Weight After 52 Weeks of Treatment",
          "timeFrame": "after 52 weeks of treatment",
          "measurements": []
        },
        {
          "type": "Secondary",
          "title": "Hypoglycaemic Episodes",
          "timeFrame": "over 52 weeks of treatment",
          "measurements": []
        }
      ]
    }
  ],
  "analysis": [
    {
      "title": "Glycosylated Haemoglobin A1c (HbA1c) After 24 Weeks of Treatment",
      "groups": "0.9 mg + SU vs. SU Mono",
      "values": {
        "groups_desc": "ANOVA model included treatment group and pre-trial SU as fixed effects and HbA1C at baseline as a covariate. Two null hypotheses were statistically tested:\nH10: μ0.9 = μSU, H11: μ0.9 ≠ μSU H20: μ0.6 = μSU, H21: μ0.6 ≠ μSU where μ0.6, μ0.9 and μSU are population mean after 24-week treatment for 0.6 mg+SU, 0.9 mg+SU and SU mono, respectively. When the test of comparison between 0.9 mg+SU and SU mono was significant, the test of comparison between 0.6 mg+SU and SU mono was performed.",
        "p_value": "<0.0001",
        "p_value_desc": "A significance level of a two-sided 5% was used for statistical hypothesis testing.",
        "method": "ANOVA",
        "param_type": "Least Squares Mean",
        "param_value": "-1.27",
        "ci_percent": "95",
        "ci_lower_limit": "-1.51",
        "ci_upper_limit": "1.02"
      }
    },
    {
      "title": "Glycosylated Haemoglobin A1c (HbA1c) After 24 Weeks of Treatment",
      "groups": "0.6 mg + SU vs. SU Mono",
      "values": {
        "groups_desc": "ANOVA model included treatment group and pre-trial SU as fixed effects and HbA1C at baseline as a covariate. Two null hypotheses were statistically tested:\nH10: μ0.9 = μSU, H11: μ0.9 ≠ μSU H20: μ0.6 = μSU, H21: μ0.6 ≠ μSU where μ0.6, μ0.9 and μSU are population mean after 24-week treatment for 0.6 mg+SU, 0.9 mg+SU and SU mono, respectively. When the test of comparison between 0.9 mg+SU and SU mono was significant, the test of comparison between 0.6 mg+SU and SU mono was performed.",
        "p_value": "<0.0001",
        "method": "ANOVA",
        "method_desc": "A significance level of a two-sided 5% was used for statistical hypothesis testing.",
        "param_type": "Least Squares Mean",
        "param_value": "-1.00",
        "ci_percent": "95",
        "ci_lower_limit": "-1.24",
        "ci_upper_limit": "-0.75"
      }
    },
    {
      "title": "Glycosylated Haemoglobin A1c (HbA1c) After 52 Weeks of Treatment",
      "groups": "0.9 mg + SU vs. SU Mono",
      "values": {
        "groups_desc": "95% confidence interval for the mean difference (each liraglutide – SU monotherapy) was calculated under an analysis of variance (ANOVA) model with treatment group and pre-trial SU as fixed effects and corresponding baseline value as a covariate, and no statistical testing was performed.",
        "param_type": "Least Squares Mean",
        "param_value": "-1.33",
        "ci_percent": "95",
        "ci_lower_limit": "-1.62",
        "ci_upper_limit": "-1.04"
      }
    },
    {
      "title": "Glycosylated Haemoglobin A1c (HbA1c) After 52 Weeks of Treatment",
      "groups": "0.6 mg + SU vs. SU Mono",
      "values": {
        "groups_desc": "95% confidence interval for the mean difference (each liraglutide – SU monotherapy) was calculated under an analysis of variance (ANOVA) model with treatment group and pre-trial SU as fixed effects and corresponding baseline value as a covariate, and no statistical testing was performed.",
        "param_type": "Least Squares Mean",
        "param_value": "-0.96",
        "ci_percent": "95",
        "ci_lower_limit": "-1.25",
        "ci_upper_limit": "-0.67"
      }
    },
    {
      "title": "Fasting Plasma Glucose After 24 Weeks of Treatment",
      "groups": "0.9 mg + SU vs. SU Mono",
      "values": {
        "groups_desc": "ANOVA model included treatment group and pre-trial SU as fixed effects and corresponding baseline value as a covariate. Two null hypotheses were statistically tested, when the hypothesis μ0.9 = μ0.6 = μSU was rejected at a significance level of 5%: H10: μ0.9 = μSU, H11: μ0.9 ≠ μSU H20: μ0.6 = μSU, H21: μ0.6 ≠ μSU where μ0.6, μ0.9 and μSU are population mean after 24-week treatment for 0.6 mg+SU, 0.9 mg+SU and SU mono, respectively.",
        "p_value": "<0.0001",
        "p_value_desc": "To perform the pairwise comparisons simultaneously, a closed testing procedure was applied. When the hypothesis μ0.9 = μ0.6 = μSU was rejected, the 2 hypotheses of pairwise comparison were tested simultaneously both at significance level of 5%.",
        "method": "ANOVA",
        "param_type": "Least Squares Mean",
        "param_value": "-32.4",
        "ci_percent": "95",
        "ci_lower_limit": "-40.5",
        "ci_upper_limit": "-24.2"
      }
    },
    {
      "title": "Fasting Plasma Glucose After 24 Weeks of Treatment",
      "groups": "0.6 mg + SU vs. SU Mono",
      "values": {
        "groups_desc": "ANOVA model included treatment group and pre-trial SU as fixed effects and corresponding baseline value as a covariate. Two null hypotheses were statistically tested, when the hypothesis μ0.9 = μ0.6 = μSU was rejected at a significance level of 5%: H10: μ0.9 = μSU, H11: μ0.9 ≠ μSU H20: μ0.6 = μSU, H21: μ0.6 ≠ μSU where μ0.6, μ0.9 and μSU are population mean after 24-week treatment for 0.6 mg+SU, 0.9 mg+SU and SU mono, respectively.",
        "p_value": "<0.0001",
        "p_value_desc": "To perform the pairwise comparisons simultaneously, a closed testing procedure was applied. When the hypothesis μ0.9 = μ0.6 = μSU was rejected, the 2 hypotheses of pairwise comparison were tested simultaneously both at significance level of 5%.",
        "method": "ANOVA",
        "param_type": "Least Squares Mean",
        "param_value": "-26.4",
        "ci_percent": "95",
        "ci_lower_limit": "-34.5",
        "ci_upper_limit": "-18.2"
      }
    },
    {
      "title": "Fasting Plasma Glucose After 52 Weeks of Treatment",
      "groups": "0.9 mg + SU vs. SU Mono",
      "values": {
        "groups_desc": "95% confidence interval for the mean difference (each liraglutide – SU monotherapy) was calculated under an analysis of variance (ANOVA) model with treatment group and pre-trial SU as fixed effects and corresponding baseline value as a covariate, and no statistical testing was performed.",
        "param_type": "Least Squares Mean",
        "param_value": "-30.2",
        "ci_percent": "95",
        "ci_lower_limit": "-39.6",
        "ci_upper_limit": "-20.7"
      }
    },
    {
      "title": "Fasting Plasma Glucose After 52 Weeks of Treatment",
      "groups": "0.6 mg + SU vs. SU Mono",
      "values": {
        "groups_desc": "95% confidence interval for the mean difference (each liraglutide – SU monotherapy) was calculated under an analysis of variance (ANOVA) model with treatment group and pre-trial SU as fixed effects and corresponding baseline value as a covariate, and no statistical testing was performed.",
        "param_type": "Least Squares Mean",
        "param_value": "-24.4",
        "ci_percent": "95",
        "ci_lower_limit": "-33.8",
        "ci_upper_limit": "-14.9"
      }
    },
    {
      "title": "Postprandial Glucose AUC After 24 Weeks of Treatment",
      "groups": "0.9 mg + SU vs. SU Mono",
      "values": {
        "groups_desc": "ANOVA model included treatment group and pre-trial SU as fixed effects and corresponding baseline value as a covariate. Two null hypotheses were statistically tested, when the hypothesis μ0.9 = μ0.6 = μSU was rejected at a significance level of 5%:\nH10: μ0.9 = μSU, H11: μ0.9 ≠ μSU H20: μ0.6 = μSU, H21: μ0.6 ≠ μSU where μ0.6, μ0.9 and μSU are population mean after 24-week treatment for 0.6 mg+SU, 0.9 mg+SU and SU mono, respectively.",
        "p_value": "<0.0001",
        "p_value_desc": "To perform the pairwise comparisons simultaneously, a closed testing procedure was applied. When the hypothesis μ0.9 = μ0.6 = μSU was rejected, the 2 hypotheses of pairwise comparison were tested simultaneously both at significance level of 5%.",
        "method": "ANOVA",
        "param_type": "Least Squares Mean",
        "param_value": "-150.22",
        "ci_percent": "95",
        "ci_lower_limit": "-186.32",
        "ci_upper_limit": "-114.12"
      }
    },
    {
      "title": "Postprandial Glucose AUC After 24 Weeks of Treatment",
      "groups": "0.6 mg + SU vs. SU Mono",
      "values": {
        "groups_desc": "ANOVA model included treatment group and pre-trial SU as fixed effects and corresponding baseline value as a covariate. Two null hypotheses were statistically tested, when the hypothesis μ0.9 = μ0.6 = μSU was rejected at a significance level of 5%:\nH10: μ0.9 = μSU, H11: μ0.9 ≠ μSU H20: μ0.6 = μSU, H21: μ0.6 ≠ μSU where μ0.6, μ0.9 and μSU are population mean after 24-week treatment for 0.6 mg+SU, 0.9 mg+SU and SU mono, respectively.",
        "p_value": "<0.0001",
        "p_value_desc": "To perform the pairwise comparisons simultaneously, a closed testing procedure was applied. When the hypothesis μ0.9 = μ0.6 = μSU was rejected, the 2 hypotheses of pairwise comparison were tested simultaneously both at significance level of 5%.",
        "method": "ANOVA",
        "param_type": "Least Squares Mean",
        "param_value": "-111.15",
        "ci_percent": "95",
        "ci_lower_limit": "-147.61",
        "ci_upper_limit": "-74.68"
      }
    },
    {
      "title": "Postprandial Glucose AUC After 52 Weeks of Treatment",
      "groups": "0.9 mg + SU vs. SU Mono",
      "values": {
        "groups_desc": "95% confidence interval for the mean difference (each liraglutide - SU monotherapy) was calculated under an analysis of variance (ANOVA) model with treatment group and pre-trial SU as fixed effects and corresponding baseline value as a covariate, and no statistical testing was performed.",
        "param_type": "Least Squares Mean",
        "param_value": "-127.57",
        "ci_percent": "95",
        "ci_lower_limit": "-166.91",
        "ci_upper_limit": "-88.24"
      }
    },
    {
      "title": "Postprandial Glucose AUC After 52 Weeks of Treatment",
      "groups": "0.6 mg + SU vs. SU Mono",
      "values": {
        "groups_desc": "95% confidence interval for the mean difference (each liraglutide – SU monotherapy) was calculated under an analysis of variance (ANOVA) model with treatment group and pre-trial SU as fixed effects and corresponding baseline value as a covariate, and no statistical testing was performed.",
        "param_type": "Least Squares Mean",
        "param_value": "-68.68",
        "ci_percent": "95",
        "ci_lower_limit": "-108.91",
        "ci_upper_limit": "-28.45"
      }
    },
    {
      "title": "Mean PG in 7-point Plasma Glucose Profile After 24 Weeks of Treatment",
      "groups": "0.9 mg + SU vs. SU Mono",
      "values": {
        "groups_desc": "ANOVA model included treatment group and pre-trial SU as fixed effects and corresponding baseline value as a covariate. Two null hypotheses were statistically tested, when the hypothesis μ0.9 = μ0.6 = μSU was rejected at a significance level of 5%:\nH10: μ0.9 = μSU, H11: μ0.9 ≠ μSU H20: μ0.6 = μSU, H21: μ0.6 ≠ μSU where μ0.6, μ0.9 and μSU are population mean after 24-week treatment for 0.6 mg+SU, 0.9 mg+SU and SU mono, respectively.",
        "p_value": "<0.0001",
        "p_value_desc": "To perform the pairwise comparisons simultaneously, a closed testing procedure was applied. When the hypothesis μ0.9 = μ0.6 = μSU was rejected, the 2 hypotheses of pairwise comparison were tested simultaneously both at significance level of 5%.",
        "method": "ANOVA",
        "param_type": "Least Squares Mean",
        "param_value": "-44.45",
        "ci_percent": "95",
        "ci_lower_limit": "-55.02",
        "ci_upper_limit": "-33.89"
      }
    },
    {
      "title": "Mean PG in 7-point Plasma Glucose Profile After 24 Weeks of Treatment",
      "groups": "0.6 mg + SU vs. SU Mono",
      "values": {
        "groups_desc": "ANOVA model included treatment group and pre-trial SU as fixed effects and corresponding baseline value as a covariate. Two null hypotheses were statistically tested, when the hypothesis μ0.9 = μ0.6 = μSU was rejected at a significance level of 5%:\nH10: μ0.9 = μSU, H11: μ0.9 ≠ μSU H20: μ0.6 = μSU, H21: μ0.6 ≠ μSU where μ0.6, μ0.9 and μSU are population mean after 24-week treatment for 0.6 mg+SU, 0.9 mg+SU and SU mono, respectively.",
        "p_value": "<0.0001",
        "p_value_desc": "To perform the pairwise comparisons simultaneously, a closed testing procedure was applied. When the hypothesis μ0.9 = μ0.6 = μSU was rejected, the 2 hypotheses of pairwise comparison were tested simultaneously both at significance level of 5%.",
        "method": "ANOVA",
        "param_type": "Least Squares Mean",
        "param_value": "-34.30",
        "ci_percent": "95",
        "ci_lower_limit": "-45.06",
        "ci_upper_limit": "-23.54"
      }
    },
    {
      "title": "Mean PG in 7-point Plasma Glucose Profile After 52 Weeks of Treatment",
      "groups": "0.6 mg + SU vs. SU Mono",
      "values": {
        "groups_desc": "95% confidence interval for the mean difference (each liraglutide – SU monotherapy) was calculated under an analysis of variance (ANOVA) model with treatment group and pre-trial SU as fixed effects and corresponding baseline value as a covariate, and no statistical testing was performed.",
        "param_type": "Least Squares Mean",
        "param_value": "-34.49",
        "ci_percent": "95",
        "ci_lower_limit": "-46.77",
        "ci_upper_limit": "-22.22"
      }
    },
    {
      "title": "Mean PG in 7-point Plasma Glucose Profile After 52 Weeks of Treatment",
      "groups": "0.9 mg + SU vs. SU Mono",
      "values": {
        "groups_desc": "95% confidence interval for the mean difference (each liraglutide – SU monotherapy) was calculated under an analysis of variance (ANOVA) model with treatment group and pre-trial SU as fixed effects and corresponding baseline value as a covariate, and no statistical testing was performed.",
        "param_type": "Least Squares Mean",
        "param_value": "-46.34",
        "ci_percent": "95",
        "ci_lower_limit": "-58.49",
        "ci_upper_limit": "-34.18"
      }
    },
    {
      "title": "Mean Postprandial PG Increment in 7-point Plasma Glucose Profile After 24 Weeks of Treatment",
      "groups": "0.9 mg + SU vs. SU Mono",
      "values": {
        "groups_desc": "ANOVA model included treatment group and pre-trial SU as fixed effects and corresponding baseline value as a covariate. Two null hypotheses were statistically tested, when the hypothesis μ0.9 = μ0.6 = μSU was rejected at a significance level of 5%:\nH10: μ0.9 = μSU, H11: μ0.9 ≠ μSU H20: μ0.6 = μSU, H21: μ0.6 ≠ μSU where μ0.6, μ0.9 and μSU are population mean after 24-week treatment for 0.6 mg+SU, 0.9 mg+SU and SU mono, respectively.",
        "p_value": "0.0433",
        "p_value_desc": "To perform the pairwise comparisons simultaneously, a closed testing procedure was applied. When the hypothesis μ0.9 = μ0.6 = μSU was rejected, the 2 hypotheses of pairwise comparison were tested simultaneously both at significance level of 5%.",
        "method": "ANOVA",
        "param_type": "Least Squares Mean",
        "param_value": "-11.37",
        "ci_percent": "95",
        "ci_lower_limit": "-22.40",
        "ci_upper_limit": "-0.34"
      }
    },
    {
      "title": "Mean Postprandial PG Increment in 7-point Plasma Glucose Profile After 24 Weeks of Treatment",
      "groups": "0.6 mg + SU vs. SU Mono",
      "values": {
        "groups_desc": "ANOVA model included treatment group and pre-trial SU as fixed effects and corresponding baseline value as a covariate. Two null hypotheses were statistically tested, when the hypothesis μ0.9 = μ0.6 = μSU was rejected at a significance level of 5%:\nH10: μ0.9 = μSU, H11: μ0.9 ≠ μSU H20: μ0.6 = μSU, H21: μ0.6 ≠ μSU where μ0.6, μ0.9 and μSU are population mean after 24-week treatment for 0.6 mg+SU, 0.9 mg+SU and SU mono, respectively.",
        "p_value": "0.2359",
        "p_value_desc": "To perform the pairwise comparisons simultaneously, a closed testing procedure was applied. When the hypothesis μ0.9 = μ0.6 = μSU was rejected, the 2 hypotheses of pairwise comparison were tested simultaneously both at significance level of 5%.",
        "method": "ANOVA",
        "param_type": "Least Squares Mean",
        "param_value": "6.67",
        "ci_percent": "95",
        "ci_lower_limit": "-4.39",
        "ci_upper_limit": "17.73"
      }
    },
    {
      "title": "Mean Postprandial PG Increment in 7-point Plasma Glucose Profile After 52 Weeks of Treatment",
      "groups": "0.9 mg + SU vs. SU Mono",
      "values": {
        "groups_desc": "95% confidence interval for the mean difference (each liraglutide – SU monotherapy) was calculated under an analysis of variance (ANOVA) model with treatment group and pre-trial SU as fixed effects and corresponding baseline value as a covariate, and no statistical testing was performed.",
        "param_type": "Least Squares Mean",
        "param_value": "-13.30",
        "ci_percent": "95",
        "ci_lower_limit": "-24.69",
        "ci_upper_limit": "-1.90"
      }
    },
    {
      "title": "Mean Postprandial PG Increment in 7-point Plasma Glucose Profile After 52 Weeks of Treatment",
      "groups": "0.6 mg + SU vs. SU Mono",
      "values": {
        "groups_desc": "95% confidence interval for the mean difference (each liraglutide – SU monotherapy) was calculated under an analysis of variance (ANOVA) model with treatment group and pre-trial SU as fixed effects and corresponding baseline value as a covariate, and no statistical testing was performed.",
        "param_type": "Least Squares Mean",
        "param_value": "-7.11",
        "ci_percent": "95",
        "ci_lower_limit": "-18.42",
        "ci_upper_limit": "4.21"
      }
    },
    {
      "title": "Body Weight After 24 Weeks of Treatment",
      "groups": "0.9 mg + SU vs. SU Mono",
      "values": {
        "groups_desc": "ANOVA model included treatment group and pre-trial SU as fixed effects and corresponding baseline value as a covariate. Two null hypotheses were statistically tested, when the hypothesis μ0.9 = μ0.6 = μSU was rejected at a significance level of 5%:\nH10: μ0.9 = μSU, H11: μ0.9 ≠ μSU H20: μ0.6 = μSU, H21: μ0.6 ≠ μSU where μ0.6, μ0.9 and μSU are population mean after 24-week treatment for 0.6 mg+SU, 0.9 mg+SU and SU mono, respectively.",
        "p_value": "0.0071",
        "p_value_desc": "To perform the pairwise comparisons simultaneously, a closed testing procedure was applied. When the hypothesis μ0.9 = μ0.6 = μSU was rejected, the 2 hypotheses of pairwise comparison were tested simultaneously both at significance level of 5%.",
        "method": "ANOVA",
        "param_type": "Least Squares Mean",
        "param_value": "0.75",
        "ci_percent": "95",
        "ci_lower_limit": "0.21",
        "ci_upper_limit": "1.30"
      }
    },
    {
      "title": "Body Weight After 24 Weeks of Treatment",
      "groups": "0.6 mg + SU vs. SU Mono",
      "values": {
        "groups_desc": "ANOVA model included treatment group and pre-trial SU as fixed effects and corresponding baseline value as a covariate. Two null hypotheses were statistically tested, when the hypothesis μ0.9 = μ0.6 = μSU was rejected at a significance level of 5%:\nH10: μ0.9 = μSU, H11: μ0.9 ≠ μSU H20: μ0.6 = μSU, H21: μ0.6 ≠ μSU where μ0.6, μ0.9 and μSU are population mean after 24-week treatment for 0.6 mg+SU, 0.9 mg+SU and SU mono, respectively.",
        "p_value": "<0.0001",
        "p_value_desc": "To perform the pairwise comparisons simultaneously, a closed testing procedure was applied. When the hypothesis μ0.9 = μ0.6 = μSU was rejected, the 2 hypotheses of pairwise comparison were tested simultaneously both at significance level of 5%.",
        "method": "ANOVA",
        "param_type": "Least Squares Mean",
        "param_value": "1.18",
        "ci_percent": "95",
        "ci_lower_limit": "0.63",
        "ci_upper_limit": "1.73"
      }
    },
    {
      "title": "Body Weight After 52 Weeks of Treatment",
      "groups": "0.9 mg + SU vs. SU Mono",
      "values": {
        "groups_desc": "95% confidence interval for the mean difference (each liraglutide - SU monotherapy) was calculated under an analysis of variance (ANOVA) model with treatment group and pre-trial SU as fixed effects and corresponding baseline value as a covariate, and no statistical testing was performed.",
        "param_type": "Least Squares Mean",
        "param_value": "1.04",
        "ci_percent": "95",
        "ci_lower_limit": "0.42",
        "ci_upper_limit": "1.66"
      }
    },
    {
      "title": "Body Weight After 52 Weeks of Treatment",
      "groups": "0.6 mg + SU vs. SU Mono",
      "values": {
        "groups_desc": "95% confidence interval for the mean difference (each liraglutide – SU monotherapy) was calculated under an analysis of variance (ANOVA) model with treatment group and pre-trial SU as fixed effects and corresponding baseline value as a covariate, and no statistical testing was performed",
        "param_type": "Least Squares Mean",
        "param_value": "1.13",
        "ci_percent": "95",
        "ci_lower_limit": "0.51",
        "ci_upper_limit": "1.75"
      }
    },
    {
      "title": "Hypoglycaemic Episodes",
      "groups": "0.9 mg + SU vs. SU Mono",
      "values": {
        "groups_desc": "The relative risk for 'All hypoglycaemic episodes' and 95% confidence interval are based on a generalised linear negative-binomial model, which included treatment group as a fixed effect and log of exposure time as an offset variable.",
        "param_type": "Rate ratio",
        "param_value": "1.59",
        "ci_percent": "95",
        "ci_lower_limit": "0.86",
        "ci_upper_limit": "2.96"
      }
    },
    {
      "title": "Hypoglycaemic Episodes",
      "groups": "0.9 mg + SU vs. SU Mono",
      "values": {
        "groups_desc": "The relative risk for 'Minor episodes' and 95% confidence interval are based on a generalised linear negative-binomial model, which included treatment group as a fixed effect and log of exposure time as an offset variable.",
        "param_type": "Rate ratio",
        "param_value": "1.18",
        "ci_percent": "95",
        "ci_lower_limit": "0.56",
        "ci_upper_limit": "2.47"
      }
    },
    {
      "title": "Hypoglycaemic Episodes",
      "groups": "0.9 mg + SU vs. SU Mono",
      "values": {
        "groups_desc": "The relative risk for 'Symptoms only' and 95% confidence interval are based on a generalised linear negative-binomial model, which included treatment group as a fixed effect and log of exposure time as an offset variable.",
        "param_type": "Rate ratio",
        "param_value": "1.80",
        "ci_percent": "95",
        "ci_lower_limit": "0.92",
        "ci_upper_limit": "3.54"
      }
    },
    {
      "title": "Hypoglycaemic Episodes",
      "groups": "0.6 mg + SU vs. SU Mono",
      "values": {
        "groups_desc": "The relative risk for 'All hypoglycaemic episodes' and 95% confidence interval are based on a generalised linear negative-binomial model, which included treatment group as a fixed effect and log of exposure time as an offset variable.",
        "param_type": "Rate ratio",
        "param_value": "1.62",
        "ci_percent": "95",
        "ci_lower_limit": "0.85",
        "ci_upper_limit": "3.07"
      }
    },
    {
      "title": "Hypoglycaemic Episodes",
      "groups": "0.6 mg + SU vs. SU Mono",
      "values": {
        "groups_desc": "The relative risk for 'Minor episodes' and 95% confidence interval are based on a generalised linear negative-binomial model, which included treatment group as a fixed effect and log of exposure time as an offset variable.",
        "param_type": "Rate ratio",
        "param_value": "1.48",
        "ci_percent": "95",
        "ci_lower_limit": "0.69",
        "ci_upper_limit": "3.17"
      }
    },
    {
      "title": "Hypoglycaemic Episodes",
      "groups": "0.6 mg + SU vs. SU Mono",
      "values": {
        "groups_desc": "The relative risk for 'Symptoms only episodes' and 95% confidence interval are based on a generalised linear negative-binomial model, which included treatment group as a fixed effect and log of exposure time as an offset variable.",
        "param_type": "Rate ratio",
        "param_value": "1.45",
        "ci_percent": "95",
        "ci_lower_limit": "0.72",
        "ci_upper_limit": "2.91"
      }
    }
  ]
}