{
  "source": {
    "sourceNumber": "NCT00328172",
    "authors": [
      "Boehringer Ingelheim"
    ],
    "publicationYear": "2014",
    "title": "A Randomized, Double-blind, Placebo-controlled, Five Parallel Group Study Investigating the Efficacy and Safety of BI 1356 BS (0.5 mg, 2.5 mg and 5.0 mg Administered Orally Once Daily) Over 12 Weeks in Drug Naive and Treated Patients With Type 2 Diabetes With Insufficient Glycemic Control (Study Includes an Open-label Metformin Treatment Arm)",
    "journal": "clintrials.gov",
    "publicationType": "clintrials",
    "firstAuthor": "Boehringer Ingelheim",
    "references": [
      "A Randomized, Double-blind, Placebo-controlled, Five Parallel Group Study Investigating the Efficacy and Safety of BI 1356 BS (0.5 mg, 2.5 mg and 5.0 mg Administered Orally Once Daily) Over 12 Weeks in Drug Naive and Treated Patients With Type 2 Diabetes With Insufficient Glycemic Control (Study Includes an Open-label Metformin Treatment Arm). clintrials.gov"
    ]
  },
  "trial": {
    "trial": "1218.5",
    "authorTrial": "Boehringer Ingelheim 2014 (1218.5)",
    "registryName": "NCT00328172",
    "location": [
      "Australia",
      "Canada",
      "Czech Republic",
      "Russian Federation",
      "Ukraine",
      "United States"
    ],
    "sponsor": "Boehringer Ingelheim",
    "trialYear": "2006",
    "trialDesign": "Randomized,Parallel Assignment",
    "trialBlinding": "Double-Blind",
    "primaryDrug": "BI 1356 dose 1 once daily, BI 1356 dose 2 once daily, BI 1356 dose 3 once daily, Placebo",
    "trialDuration": "12 Weeks"
  },
  "arms": [
    {
      "arm": "1",
      "label": "Placebo",
      "type": "Placebo Comparator",
      "controlArm": false,
      "baselines": [
        {
          "title": "Number of Participants",
          "unit": "participants",
          "param": "Number",
          "value": 67.0
        },
        {
          "title": "Age",
          "unit": "years",
          "param": "Mean",
          "dispersion": "Standard Deviation",
          "value": 58.6,
          "spread": 8.9
        },
        {
          "title": "Gender",
          "subTitle": "Female",
          "unit": "participants",
          "param": "Number",
          "value": 34.0
        },
        {
          "title": "Gender",
          "subTitle": "Male",
          "unit": "participants",
          "param": "Number",
          "value": 33.0
        },
        {
          "title": "Race/Ethnicity, Customized",
          "subTitle": "Not Hispanic",
          "unit": "participants",
          "param": "Number",
          "value": 63.0
        },
        {
          "title": "Race/Ethnicity, Customized",
          "subTitle": "Hispanic",
          "unit": "participants",
          "param": "Number",
          "value": 4.0
        },
        {
          "title": "Race/Ethnicity, Customized",
          "subTitle": "White",
          "unit": "participants",
          "param": "Number",
          "value": 58.0
        },
        {
          "title": "Race/Ethnicity, Customized",
          "subTitle": "Black",
          "unit": "participants",
          "param": "Number",
          "value": 6.0
        },
        {
          "title": "Race/Ethnicity, Customized",
          "subTitle": "Asian",
          "unit": "participants",
          "param": "Number",
          "value": 3.0
        },
        {
          "title": "Race/Ethnicity, Customized",
          "subTitle": "Missing",
          "unit": "participants",
          "param": "Number",
          "value": 0.0
        },
        {
          "title": "Body Mass Index (BMI)",
          "unit": "kilogram/square meter",
          "param": "Mean",
          "dispersion": "Standard Deviation",
          "value": 30.8,
          "spread": 4.1
        },
        {
          "title": "Baseline glycosylated hemoglobin (HbA1c)",
          "unit": "percentage",
          "param": "Mean",
          "dispersion": "Standard Deviation",
          "value": 8.3,
          "spread": 0.63
        },
        {
          "title": "Fasting blood plasma glucose (FPG)",
          "unit": "milligram/deciliter (mg/dL)",
          "param": "Mean",
          "dispersion": "Standard Deviation",
          "value": 183.0,
          "spread": 34.9
        }
      ],
      "drugs": [
        {
          "name": "Placebo"
        }
      ],
      "participants": [
        {
          "period": "Overall Study",
          "started": 67,
          "completed": 45,
          "notCompleted": 22,
          "incompleteDetails": [
            {
              "reason": "Adverse Event",
              "count": 3
            },
            {
              "reason": "Protocol Violation",
              "count": 0
            },
            {
              "reason": "Lost to Follow-up",
              "count": 1
            },
            {
              "reason": "Withdrawal by Subject",
              "count": 1
            },
            {
              "reason": "Lack of Efficacy",
              "count": 14
            },
            {
              "reason": "Other reason (not specified)",
              "count": 3
            }
          ]
        }
      ],
      "endpoints": [
        {
          "type": "Primary",
          "title": "Change From Baseline in HbA1c (Glycosylated Haemoglobin) at Week 12",
          "timeFrame": "Baseline, week 12",
          "participants": 63,
          "measurements": [
            {
              "unit": "percent",
              "param": "Least Squares Mean",
              "dispersion": "Standard Error",
              "value": 0.18,
              "spread": 0.1
            }
          ]
        },
        {
          "type": "Secondary",
          "title": "Change From Baseline in Fasting Plasma Glucose (FPG) at Week 12",
          "timeFrame": "Baseline, week 12",
          "participants": 63,
          "measurements": [
            {
              "unit": "mg/dL",
              "param": "Least Squares Mean",
              "dispersion": "Standard Error",
              "value": 4.24,
              "spread": 4.4
            }
          ]
        },
        {
          "type": "Secondary",
          "title": "Percentage of Patients With Absolute Efficacy Response (HbA1c <= 7.0%) at 12 Weeks",
          "timeFrame": "Baseline, week 12",
          "participants": 63,
          "measurements": [
            {
              "subTitle": "HbA1c <= 7%",
              "unit": "participants",
              "param": "Number",
              "value": 6.3
            },
            {
              "subTitle": "HbA1c > 7%",
              "unit": "participants",
              "param": "Number",
              "value": 93.7
            }
          ]
        }
      ]
    },
    {
      "arm": "2",
      "label": "BI 1356 0.5 mg",
      "type": "Experimental",
      "controlArm": false,
      "baselines": [
        {
          "title": "Number of Participants",
          "unit": "participants",
          "param": "Number",
          "value": 58.0
        },
        {
          "title": "Age",
          "unit": "years",
          "param": "Mean",
          "dispersion": "Standard Deviation",
          "value": 58.0,
          "spread": 9.4
        },
        {
          "title": "Gender",
          "subTitle": "Female",
          "unit": "participants",
          "param": "Number",
          "value": 13.0
        },
        {
          "title": "Gender",
          "subTitle": "Male",
          "unit": "participants",
          "param": "Number",
          "value": 45.0
        },
        {
          "title": "Race/Ethnicity, Customized",
          "subTitle": "Not Hispanic",
          "unit": "participants",
          "param": "Number",
          "value": 54.0
        },
        {
          "title": "Race/Ethnicity, Customized",
          "subTitle": "Hispanic",
          "unit": "participants",
          "param": "Number",
          "value": 4.0
        },
        {
          "title": "Race/Ethnicity, Customized",
          "subTitle": "White",
          "unit": "participants",
          "param": "Number",
          "value": 52.0
        },
        {
          "title": "Race/Ethnicity, Customized",
          "subTitle": "Black",
          "unit": "participants",
          "param": "Number",
          "value": 3.0
        },
        {
          "title": "Race/Ethnicity, Customized",
          "subTitle": "Asian",
          "unit": "participants",
          "param": "Number",
          "value": 3.0
        },
        {
          "title": "Race/Ethnicity, Customized",
          "subTitle": "Missing",
          "unit": "participants",
          "param": "Number",
          "value": 0.0
        },
        {
          "title": "Body Mass Index (BMI)",
          "unit": "kilogram/square meter",
          "param": "Mean",
          "dispersion": "Standard Deviation",
          "value": 30.9,
          "spread": 3.8
        },
        {
          "title": "Baseline glycosylated hemoglobin (HbA1c)",
          "unit": "percentage",
          "param": "Mean",
          "dispersion": "Standard Deviation",
          "value": 8.2,
          "spread": 0.62
        },
        {
          "title": "Fasting blood plasma glucose (FPG)",
          "unit": "milligram/deciliter (mg/dL)",
          "param": "Mean",
          "dispersion": "Standard Deviation",
          "value": 185.2,
          "spread": 34.0
        }
      ],
      "drugs": [
        {
          "name": "BI 1356 dose 1 once daily"
        }
      ],
      "participants": [
        {
          "period": "Overall Study",
          "started": 58,
          "completed": 44,
          "notCompleted": 14,
          "incompleteDetails": [
            {
              "reason": "Adverse Event",
              "count": 2
            },
            {
              "reason": "Protocol Violation",
              "count": 1
            },
            {
              "reason": "Lost to Follow-up",
              "count": 1
            },
            {
              "reason": "Withdrawal by Subject",
              "count": 1
            },
            {
              "reason": "Lack of Efficacy",
              "count": 9
            },
            {
              "reason": "Other reason (not specified)",
              "count": 0
            }
          ]
        }
      ],
      "endpoints": [
        {
          "type": "Primary",
          "title": "Change From Baseline in HbA1c (Glycosylated Haemoglobin) at Week 12",
          "timeFrame": "Baseline, week 12",
          "participants": 57,
          "measurements": [
            {
              "unit": "percent",
              "param": "Least Squares Mean",
              "dispersion": "Standard Error",
              "value": 0.04,
              "spread": 0.1
            }
          ]
        },
        {
          "type": "Secondary",
          "title": "Change From Baseline in Fasting Plasma Glucose (FPG) at Week 12",
          "timeFrame": "Baseline, week 12",
          "participants": 57,
          "measurements": [
            {
              "unit": "mg/dL",
              "param": "Least Squares Mean",
              "dispersion": "Standard Error",
              "value": 6.69,
              "spread": 4.6
            }
          ]
        },
        {
          "type": "Secondary",
          "title": "Percentage of Patients With Absolute Efficacy Response (HbA1c <= 7.0%) at 12 Weeks",
          "timeFrame": "Baseline, week 12",
          "participants": 57,
          "measurements": [
            {
              "subTitle": "HbA1c <= 7%",
              "unit": "participants",
              "param": "Number",
              "value": 10.5
            },
            {
              "subTitle": "HbA1c > 7%",
              "unit": "participants",
              "param": "Number",
              "value": 89.5
            }
          ]
        }
      ]
    },
    {
      "arm": "3",
      "label": "BI 1356 2.5 mg",
      "type": "Experimental",
      "controlArm": false,
      "baselines": [
        {
          "title": "Number of Participants",
          "unit": "participants",
          "param": "Number",
          "value": 57.0
        },
        {
          "title": "Age",
          "unit": "years",
          "param": "Mean",
          "dispersion": "Standard Deviation",
          "value": 59.8,
          "spread": 10.3
        },
        {
          "title": "Gender",
          "subTitle": "Female",
          "unit": "participants",
          "param": "Number",
          "value": 30.0
        },
        {
          "title": "Gender",
          "subTitle": "Male",
          "unit": "participants",
          "param": "Number",
          "value": 27.0
        },
        {
          "title": "Race/Ethnicity, Customized",
          "subTitle": "Not Hispanic",
          "unit": "participants",
          "param": "Number",
          "value": 51.0
        },
        {
          "title": "Race/Ethnicity, Customized",
          "subTitle": "Hispanic",
          "unit": "participants",
          "param": "Number",
          "value": 6.0
        },
        {
          "title": "Race/Ethnicity, Customized",
          "subTitle": "White",
          "unit": "participants",
          "param": "Number",
          "value": 53.0
        },
        {
          "title": "Race/Ethnicity, Customized",
          "subTitle": "Black",
          "unit": "participants",
          "param": "Number",
          "value": 3.0
        },
        {
          "title": "Race/Ethnicity, Customized",
          "subTitle": "Asian",
          "unit": "participants",
          "param": "Number",
          "value": 1.0
        },
        {
          "title": "Race/Ethnicity, Customized",
          "subTitle": "Missing",
          "unit": "participants",
          "param": "Number",
          "value": 0.0
        },
        {
          "title": "Body Mass Index (BMI)",
          "unit": "kilogram/square meter",
          "param": "Mean",
          "dispersion": "Standard Deviation",
          "value": 31.5,
          "spread": 4.5
        },
        {
          "title": "Baseline glycosylated hemoglobin (HbA1c)",
          "unit": "percentage",
          "param": "Mean",
          "dispersion": "Standard Deviation",
          "value": 8.4,
          "spread": 0.8
        },
        {
          "title": "Fasting blood plasma glucose (FPG)",
          "unit": "milligram/deciliter (mg/dL)",
          "param": "Mean",
          "dispersion": "Standard Deviation",
          "value": 191.9,
          "spread": 37.8
        }
      ],
      "drugs": [
        {
          "name": "BI 1356 dose 2 once daily"
        }
      ],
      "participants": [
        {
          "period": "Overall Study",
          "started": 57,
          "completed": 47,
          "notCompleted": 10,
          "incompleteDetails": [
            {
              "reason": "Adverse Event",
              "count": 1
            },
            {
              "reason": "Protocol Violation",
              "count": 1
            },
            {
              "reason": "Lost to Follow-up",
              "count": 2
            },
            {
              "reason": "Withdrawal by Subject",
              "count": 1
            },
            {
              "reason": "Lack of Efficacy",
              "count": 4
            },
            {
              "reason": "Other reason (not specified)",
              "count": 1
            }
          ]
        }
      ],
      "endpoints": [
        {
          "type": "Primary",
          "title": "Change From Baseline in HbA1c (Glycosylated Haemoglobin) at Week 12",
          "timeFrame": "Baseline, week 12",
          "participants": 55,
          "measurements": [
            {
              "unit": "percent",
              "param": "Least Squares Mean",
              "dispersion": "Standard Error",
              "value": -0.24,
              "spread": 0.1
            }
          ]
        },
        {
          "type": "Secondary",
          "title": "Change From Baseline in Fasting Plasma Glucose (FPG) at Week 12",
          "timeFrame": "Baseline, week 12",
          "participants": 55,
          "measurements": [
            {
              "unit": "mg/dL",
              "param": "Least Squares Mean",
              "dispersion": "Standard Error",
              "value": -15.2,
              "spread": 4.7
            }
          ]
        },
        {
          "type": "Secondary",
          "title": "Percentage of Patients With Absolute Efficacy Response (HbA1c <= 7.0%) at 12 Weeks",
          "timeFrame": "Baseline, week 12",
          "participants": 55,
          "measurements": [
            {
              "subTitle": "HbA1c <= 7%",
              "unit": "participants",
              "param": "Number",
              "value": 7.3
            },
            {
              "subTitle": "HbA1c > 7%",
              "unit": "participants",
              "param": "Number",
              "value": 92.7
            }
          ]
        }
      ]
    },
    {
      "arm": "4",
      "label": "BI 1356 5.0 mg",
      "type": "Experimental",
      "controlArm": false,
      "baselines": [
        {
          "title": "Number of Participants",
          "unit": "participants",
          "param": "Number",
          "value": 55.0
        },
        {
          "title": "Age",
          "unit": "years",
          "param": "Mean",
          "dispersion": "Standard Deviation",
          "value": 56.6,
          "spread": 9.6
        },
        {
          "title": "Gender",
          "subTitle": "Female",
          "unit": "participants",
          "param": "Number",
          "value": 24.0
        },
        {
          "title": "Gender",
          "subTitle": "Male",
          "unit": "participants",
          "param": "Number",
          "value": 31.0
        },
        {
          "title": "Race/Ethnicity, Customized",
          "subTitle": "Not Hispanic",
          "unit": "participants",
          "param": "Number",
          "value": 49.0
        },
        {
          "title": "Race/Ethnicity, Customized",
          "subTitle": "Hispanic",
          "unit": "participants",
          "param": "Number",
          "value": 6.0
        },
        {
          "title": "Race/Ethnicity, Customized",
          "subTitle": "White",
          "unit": "participants",
          "param": "Number",
          "value": 52.0
        },
        {
          "title": "Race/Ethnicity, Customized",
          "subTitle": "Black",
          "unit": "participants",
          "param": "Number",
          "value": 1.0
        },
        {
          "title": "Race/Ethnicity, Customized",
          "subTitle": "Asian",
          "unit": "participants",
          "param": "Number",
          "value": 2.0
        },
        {
          "title": "Race/Ethnicity, Customized",
          "subTitle": "Missing",
          "unit": "participants",
          "param": "Number",
          "value": 0.0
        },
        {
          "title": "Body Mass Index (BMI)",
          "unit": "kilogram/square meter",
          "param": "Mean",
          "dispersion": "Standard Deviation",
          "value": 31.2,
          "spread": 4.3
        },
        {
          "title": "Baseline glycosylated hemoglobin (HbA1c)",
          "unit": "percentage",
          "param": "Mean",
          "dispersion": "Standard Deviation",
          "value": 8.4,
          "spread": 0.8
        },
        {
          "title": "Fasting blood plasma glucose (FPG)",
          "unit": "milligram/deciliter (mg/dL)",
          "param": "Mean",
          "dispersion": "Standard Deviation",
          "value": 188.7,
          "spread": 40.1
        }
      ],
      "drugs": [
        {
          "name": "BI 1356 dose 3 once daily"
        }
      ],
      "participants": [
        {
          "period": "Overall Study",
          "started": 55,
          "completed": 42,
          "notCompleted": 13,
          "incompleteDetails": [
            {
              "reason": "Adverse Event",
              "count": 2
            },
            {
              "reason": "Protocol Violation",
              "count": 0
            },
            {
              "reason": "Lost to Follow-up",
              "count": 1
            },
            {
              "reason": "Withdrawal by Subject",
              "count": 6
            },
            {
              "reason": "Lack of Efficacy",
              "count": 4
            },
            {
              "reason": "Other reason (not specified)",
              "count": 0
            }
          ]
        }
      ],
      "endpoints": [
        {
          "type": "Primary",
          "title": "Change From Baseline in HbA1c (Glycosylated Haemoglobin) at Week 12",
          "timeFrame": "Baseline, week 12",
          "participants": 54,
          "measurements": [
            {
              "unit": "percent",
              "param": "Least Squares Mean",
              "dispersion": "Standard Error",
              "value": -0.28,
              "spread": 0.1
            }
          ]
        },
        {
          "type": "Secondary",
          "title": "Change From Baseline in Fasting Plasma Glucose (FPG) at Week 12",
          "timeFrame": "Baseline, week 12",
          "participants": 54,
          "measurements": [
            {
              "unit": "mg/dL",
              "param": "Least Squares Mean",
              "dispersion": "Standard Error",
              "value": -9.09,
              "spread": 4.8
            }
          ]
        },
        {
          "type": "Secondary",
          "title": "Percentage of Patients With Absolute Efficacy Response (HbA1c <= 7.0%) at 12 Weeks",
          "timeFrame": "Baseline, week 12",
          "participants": 54,
          "measurements": [
            {
              "subTitle": "HbA1c <= 7%",
              "unit": "participants",
              "param": "Number",
              "value": 11.1
            },
            {
              "subTitle": "HbA1c > 7%",
              "unit": "participants",
              "param": "Number",
              "value": 88.9
            }
          ]
        }
      ]
    },
    {
      "arm": "5",
      "label": "Metformin",
      "type": "Active Comparator",
      "controlArm": true,
      "baselines": [
        {
          "title": "Number of Participants",
          "unit": "participants",
          "param": "Number",
          "value": 65.0
        },
        {
          "title": "Age",
          "unit": "years",
          "param": "Mean",
          "dispersion": "Standard Deviation",
          "value": 53.7,
          "spread": 10.7
        },
        {
          "title": "Gender",
          "subTitle": "Female",
          "unit": "participants",
          "param": "Number",
          "value": 26.0
        },
        {
          "title": "Gender",
          "subTitle": "Male",
          "unit": "participants",
          "param": "Number",
          "value": 39.0
        },
        {
          "title": "Race/Ethnicity, Customized",
          "subTitle": "Not Hispanic",
          "unit": "participants",
          "param": "Number",
          "value": 61.0
        },
        {
          "title": "Race/Ethnicity, Customized",
          "subTitle": "Hispanic",
          "unit": "participants",
          "param": "Number",
          "value": 4.0
        },
        {
          "title": "Race/Ethnicity, Customized",
          "subTitle": "White",
          "unit": "participants",
          "param": "Number",
          "value": 57.0
        },
        {
          "title": "Race/Ethnicity, Customized",
          "subTitle": "Black",
          "unit": "participants",
          "param": "Number",
          "value": 5.0
        },
        {
          "title": "Race/Ethnicity, Customized",
          "subTitle": "Asian",
          "unit": "participants",
          "param": "Number",
          "value": 2.0
        },
        {
          "title": "Race/Ethnicity, Customized",
          "subTitle": "Missing",
          "unit": "participants",
          "param": "Number",
          "value": 1.0
        },
        {
          "title": "Body Mass Index (BMI)",
          "unit": "kilogram/square meter",
          "param": "Mean",
          "dispersion": "Standard Deviation",
          "value": 31.2,
          "spread": 4.8
        },
        {
          "title": "Baseline glycosylated hemoglobin (HbA1c)",
          "unit": "percentage",
          "param": "Mean",
          "dispersion": "Standard Deviation",
          "value": 8.3,
          "spread": 0.64
        },
        {
          "title": "Fasting blood plasma glucose (FPG)",
          "unit": "milligram/deciliter (mg/dL)",
          "param": "Mean",
          "dispersion": "Standard Deviation",
          "value": 193.9,
          "spread": 45.9
        }
      ],
      "drugs": [
        {
          "name": "Metformin"
        }
      ],
      "participants": [
        {
          "period": "Overall Study",
          "started": 65,
          "completed": 60,
          "notCompleted": 5,
          "incompleteDetails": [
            {
              "reason": "Adverse Event",
              "count": 1
            },
            {
              "reason": "Protocol Violation",
              "count": 0
            },
            {
              "reason": "Lost to Follow-up",
              "count": 1
            },
            {
              "reason": "Withdrawal by Subject",
              "count": 0
            },
            {
              "reason": "Lack of Efficacy",
              "count": 3
            },
            {
              "reason": "Other reason (not specified)",
              "count": 0
            }
          ]
        }
      ],
      "endpoints": [
        {
          "type": "Primary",
          "title": "Change From Baseline in HbA1c (Glycosylated Haemoglobin) at Week 12",
          "timeFrame": "Baseline, week 12",
          "participants": 65,
          "measurements": [
            {
              "unit": "percent",
              "param": "Least Squares Mean",
              "dispersion": "Standard Error",
              "value": -0.68,
              "spread": 0.09
            }
          ]
        },
        {
          "type": "Secondary",
          "title": "Change From Baseline in Fasting Plasma Glucose (FPG) at Week 12",
          "timeFrame": "Baseline, week 12",
          "participants": 65,
          "measurements": [
            {
              "unit": "mg/dL",
              "param": "Least Squares Mean",
              "dispersion": "Standard Error",
              "value": -30.1,
              "spread": 4.3
            }
          ]
        },
        {
          "type": "Secondary",
          "title": "Percentage of Patients With Absolute Efficacy Response (HbA1c <= 7.0%) at 12 Weeks",
          "timeFrame": "Baseline, week 12",
          "participants": 65,
          "measurements": [
            {
              "subTitle": "HbA1c <= 7%",
              "unit": "participants",
              "param": "Number",
              "value": 26.2
            },
            {
              "subTitle": "HbA1c > 7%",
              "unit": "participants",
              "param": "Number",
              "value": 73.8
            }
          ]
        }
      ]
    }
  ],
  "analysis": [
    {
      "title": "Change From Baseline in HbA1c (Glycosylated Haemoglobin) at Week 12",
      "groups": "Placebo vs. Linagliptin (BI 1356) 0.5 mg",
      "values": {
        "groups_desc": "Linagliptin 0.5 mg versus placebo",
        "p_value": "0.3271",
        "method": "ANCOVA",
        "method_desc": "ANCOVA model includes treatment as a fixed classification effect and baseline HbA1c as a linear covariate.",
        "param_type": "Mean Difference (Final Values)",
        "param_value": "-0.14",
        "ci_percent": "95",
        "ci_lower_limit": "-0.41",
        "ci_upper_limit": "0.14"
      }
    },
    {
      "title": "Change From Baseline in HbA1c (Glycosylated Haemoglobin) at Week 12",
      "groups": "Placebo vs. Linagliptin (BI 1356) 2.5 mg",
      "values": {
        "groups_desc": "Linagliptin 2.5 mg versus placebo",
        "p_value": "0.0032",
        "method": "ANCOVA",
        "method_desc": "ANCOVA model includes treatment as a fixed classification effect and baseline HbA1c as a linear covariate.",
        "param_type": "Mean Difference (Final Values)",
        "param_value": "-0.42",
        "ci_percent": "95",
        "ci_lower_limit": "-0.69",
        "ci_upper_limit": "-0.14"
      }
    },
    {
      "title": "Change From Baseline in HbA1c (Glycosylated Haemoglobin) at Week 12",
      "groups": "Placebo vs. Linagliptin (BI 1356) 5.0 mg",
      "values": {
        "groups_desc": "Linagliptin 5.0 mg versus placebo",
        "p_value": "0.0012",
        "method": "ANCOVA",
        "method_desc": "ANCOVA model includes treatment as a fixed classification effect and baseline HbA1c as a linear covariate.",
        "param_type": "Mean Difference (Final Values)",
        "param_value": "-0.46",
        "ci_percent": "95",
        "ci_lower_limit": "-0.74",
        "ci_upper_limit": "-0.18"
      }
    },
    {
      "title": "Change From Baseline in HbA1c (Glycosylated Haemoglobin) at Week 12",
      "groups": "Placebo vs. Metformin",
      "values": {
        "groups_desc": "Metformin versus placebo",
        "p_value": "<0.0001",
        "method": "ANCOVA",
        "method_desc": "ANCOVA model includes treatment as a fixed classification effect and baseline HbA1c as a linear covariate.",
        "param_type": "Mean Difference (Final Values)",
        "param_value": "-0.85",
        "ci_percent": "95",
        "ci_lower_limit": "-1.1",
        "ci_upper_limit": "-0.59"
      }
    },
    {
      "title": "Change From Baseline in Fasting Plasma Glucose (FPG) at Week 12",
      "groups": "Placebo vs. Linagliptin (BI 1356) 0.5 mg",
      "values": {
        "groups_desc": "Linagliptin 0.5 mg versus placebo",
        "p_value": "0.7027",
        "method": "ANCOVA",
        "method_desc": "ANCOVA model includes treatment as a fixed classification effect and baseline FPG as a linear covariate.",
        "param_type": "Mean Difference (Final Values)",
        "param_value": "2.45",
        "ci_percent": "95",
        "ci_lower_limit": "-10",
        "ci_upper_limit": "15.1"
      }
    },
    {
      "title": "Change From Baseline in Fasting Plasma Glucose (FPG) at Week 12",
      "groups": "Placebo vs. Linagliptin (BI 1356) 2.5 mg",
      "values": {
        "groups_desc": "Linagliptin 2.5 mg versus placebo",
        "p_value": "0.003",
        "method": "ANCOVA",
        "method_desc": "ANCOVA model includes treatment as a fixed classification effect and baseline FPG as a linear covariate.",
        "param_type": "Mean Difference (Final Values)",
        "param_value": "-19.4",
        "ci_percent": "95",
        "ci_lower_limit": "-32",
        "ci_upper_limit": "-6.6"
      }
    },
    {
      "title": "Change From Baseline in Fasting Plasma Glucose (FPG) at Week 12",
      "groups": "Placebo vs. Linagliptin (BI 1356) 5.0 mg",
      "values": {
        "groups_desc": "Linagliptin 5.0 mg versus placebo",
        "p_value": "0.0418",
        "method": "ANCOVA",
        "method_desc": "ANCOVA model includes treatment as a fixed classification effect and baseline FPG as a linear covariate.",
        "param_type": "Mean Difference (Final Values)",
        "param_value": "-13.3",
        "ci_percent": "95",
        "ci_lower_limit": "-26",
        "ci_upper_limit": "-0.5"
      }
    },
    {
      "title": "Change From Baseline in Fasting Plasma Glucose (FPG) at Week 12",
      "groups": "Placebo vs. Metformin",
      "values": {
        "p_value": "< 0.0001",
        "method": "ANCOVA",
        "method_desc": "ANCOVA model includes treatment as a fixed classification effect and baseline FPG as a linear covariate.",
        "param_type": "Mean Difference (Final Values)",
        "param_value": "-34.3",
        "ci_percent": "95",
        "ci_lower_limit": "-47",
        "ci_upper_limit": "-22"
      }
    },
    {
      "title": "Percentage of Patients With Absolute Efficacy Response (HbA1c <= 7.0%) at 12 Weeks",
      "groups": "Placebo vs. Linagliptin (BI 1356) 0.5 mg",
      "values": {
        "groups_desc": "Linagliptin 0.5 mg versus placebo",
        "p_value": "0.413",
        "method": "Regression, Logistic",
        "param_type": "Odds Ratio (OR)",
        "param_value": "1.735",
        "ci_percent": "95",
        "ci_lower_limit": "0.464",
        "ci_upper_limit": "6.492"
      }
    },
    {
      "title": "Percentage of Patients With Absolute Efficacy Response (HbA1c <= 7.0%) at 12 Weeks",
      "groups": "Placebo vs. Linagliptin (BI 1356) 2.5 mg",
      "values": {
        "groups_desc": "Linagliptin 2.5 mg versus placebo",
        "p_value": "0.842",
        "method": "Regression, Logistic",
        "param_type": "Odds Ratio (OR)",
        "param_value": "1.157",
        "ci_percent": "95",
        "ci_lower_limit": "0.275",
        "ci_upper_limit": "4.861"
      }
    },
    {
      "title": "Percentage of Patients With Absolute Efficacy Response (HbA1c <= 7.0%) at 12 Weeks",
      "groups": "Placebo vs. Linagliptin (BI 1356) 5.0 mg",
      "values": {
        "groups_desc": "Linagliptin 5.0 mg versus placebo",
        "p_value": "0.364",
        "method": "Regression, Logistic",
        "param_type": "Odds Ratio (OR)",
        "param_value": "1.844",
        "ci_percent": "95",
        "ci_lower_limit": "0.492",
        "ci_upper_limit": "6.910"
      }
    },
    {
      "title": "Percentage of Patients With Absolute Efficacy Response (HbA1c <= 7.0%) at 12 Weeks",
      "groups": "Placebo vs. Metformin",
      "values": {
        "groups_desc": "Metformin versus placebo",
        "p_value": "0.005",
        "method": "Regression, Logistic",
        "param_type": "Odds Ratio (OR)",
        "param_value": "5.224",
        "ci_percent": "95",
        "ci_lower_limit": "1.648",
        "ci_upper_limit": "16.562"
      }
    }
  ]
}