{
  "source": {
    "sourceNumber": "NCT01003184",
    "authors": [
      "AstraZeneca"
    ],
    "publicationYear": "2015",
    "title": "Efficacy of Once-Weekly Exenatide Versus Once or Twice Daily Insulin Detemir in Patients With Type 2 Diabetes Treated With Metformin Alone or in Combination With Sulphonylurea",
    "journal": "clintrials.gov",
    "publicationType": "clintrials",
    "firstAuthor": "AstraZeneca",
    "references": [
      "Efficacy of Once-Weekly Exenatide Versus Once or Twice Daily Insulin Detemir in Patients With Type 2 Diabetes Treated With Metformin Alone or in Combination With Sulphonylurea. clintrials.gov"
    ]
  },
  "trial": {
    "trial": "H8O-EW-GWDL",
    "authorTrial": "AstraZeneca 2015 (H8O-EW-GWDL)",
    "registryName": "NCT01003184",
    "location": [
      "Ireland",
      "United Kingdom"
    ],
    "sponsor": "AstraZeneca",
    "trialYear": "2009",
    "trialDesign": "Randomized,Parallel Assignment",
    "trialBlinding": "Open Label",
    "primaryDrug": "exenatide once weekly",
    "trialDuration": "26 Weeks"
  },
  "arms": [
    {
      "arm": "1",
      "label": "1",
      "type": "Experimental",
      "controlArm": false,
      "baselines": [
        {
          "title": "Number of Participants",
          "unit": "participants",
          "param": "Number",
          "value": 111.0
        },
        {
          "title": "Age",
          "subTitle": "<=18 years",
          "unit": "participants",
          "param": "Number",
          "value": 0.0
        },
        {
          "title": "Age",
          "subTitle": "Between 18 and 65 years",
          "unit": "participants",
          "param": "Number",
          "value": 74.0
        },
        {
          "title": "Age",
          "subTitle": ">=65 years",
          "unit": "participants",
          "param": "Number",
          "value": 37.0
        },
        {
          "title": "Age",
          "unit": "years",
          "param": "Mean",
          "dispersion": "Standard Deviation",
          "value": 59.2,
          "spread": 9.86
        },
        {
          "title": "Gender",
          "subTitle": "Female",
          "unit": "participants",
          "param": "Number",
          "value": 40.0
        },
        {
          "title": "Gender",
          "subTitle": "Male",
          "unit": "participants",
          "param": "Number",
          "value": 71.0
        },
        {
          "title": "HbA1c",
          "unit": "Percentage of total hemoglobin",
          "param": "Mean",
          "dispersion": "Standard Deviation",
          "value": 8.4,
          "spread": 0.85
        },
        {
          "title": "Weight",
          "unit": "Kilograms",
          "param": "Mean",
          "dispersion": "Standard Deviation",
          "value": 96.7,
          "spread": 17.03
        }
      ],
      "drugs": [
        {
          "name": "exenatide once weekly"
        }
      ],
      "participants": [
        {
          "period": "Overall Study",
          "started": 111,
          "completed": 92,
          "notCompleted": 19,
          "incompleteDetails": [
            {
              "reason": "Full Analysis Set (FAS)",
              "count": 111
            },
            {
              "reason": "Adverse Event",
              "count": 12
            },
            {
              "reason": "Lost to Follow-up",
              "count": 1
            },
            {
              "reason": "Loss of glucose control",
              "count": 1
            },
            {
              "reason": "Protocol Violation",
              "count": 3
            },
            {
              "reason": "Withdrawal by Subject",
              "count": 1
            },
            {
              "reason": "Physician Decision",
              "count": 1
            }
          ]
        }
      ],
      "endpoints": [
        {
          "type": "Primary",
          "title": "Percentage of Patients Achieving Glycosylated Hemoglobin (HbA1c) Concentration ≤7.0% With Weight Loss (≥1.0 kg) at Endpoint (Week 26)",
          "timeFrame": "Baseline, Week 26",
          "participants": 111,
          "measurements": [
            {
              "unit": "Percentage",
              "param": "Number",
              "dispersion": "95% Confidence Interval",
              "value": 44.1,
              "lowerLimit": 34.7,
              "upperLimit": 53.9
            }
          ]
        },
        {
          "type": "Secondary",
          "title": "Percentage of Patients Who Have Achieved HbA1c ≤7.4% With Weight Loss (≥1.0 kg) at Endpoint (Week 26)",
          "timeFrame": "Baseline, Week 26",
          "participants": 107,
          "measurements": [
            {
              "unit": "Percentage",
              "param": "Number",
              "dispersion": "95% Confidence Interval",
              "value": 58.9,
              "lowerLimit": 49.0,
              "upperLimit": 68.3
            }
          ]
        },
        {
          "type": "Secondary",
          "title": "Change in HbA1c From Baseline to Week 26",
          "timeFrame": "Baseline, Week 26",
          "participants": 95,
          "measurements": [
            {
              "unit": "Percentage of total hemoglobin",
              "param": "Least Squares Mean",
              "dispersion": "Standard Error",
              "value": -1.32,
              "spread": 0.076
            }
          ]
        },
        {
          "type": "Secondary",
          "title": "Change in Body Weight From Baseline to Week 26",
          "timeFrame": "Baseline, Week 26",
          "participants": 96,
          "measurements": [
            {
              "unit": "kilograms",
              "param": "Least Squares Mean",
              "dispersion": "Standard Error",
              "value": -2.79,
              "spread": 0.347
            }
          ]
        },
        {
          "type": "Secondary",
          "title": "Percentage of Patients Achieving HbA1c ≤7.4% at Endpoint",
          "timeFrame": "Week 26",
          "participants": 111,
          "measurements": [
            {
              "unit": "Percentage",
              "param": "Number",
              "dispersion": "95% Confidence Interval",
              "value": 66.7,
              "lowerLimit": 57.1,
              "upperLimit": 75.3
            }
          ]
        },
        {
          "type": "Secondary",
          "title": "Percentage of Patients Achieving ≤7.0% at Endpoint",
          "timeFrame": "Week 26",
          "participants": 111,
          "measurements": [
            {
              "unit": "Percentage",
              "param": "Number",
              "dispersion": "95% Confidence Interval",
              "value": 51.4,
              "lowerLimit": 41.7,
              "upperLimit": 61.0
            }
          ]
        },
        {
          "type": "Secondary",
          "title": "Percentage of Patients Achieving ≤6.5% at Endpoint",
          "timeFrame": "Week 26",
          "participants": 111,
          "measurements": [
            {
              "unit": "Percentage",
              "param": "Number",
              "dispersion": "95% Confidence Interval",
              "value": 27.9,
              "lowerLimit": 19.8,
              "upperLimit": 37.2
            }
          ]
        },
        {
          "type": "Secondary",
          "title": "Change in Fasting Serum Glucose From Baseline to Endpoint (Week 26).",
          "timeFrame": "Baseline, Week 26",
          "participants": 108,
          "measurements": [
            {
              "unit": "mmol/L",
              "param": "Least Squares Mean",
              "dispersion": "Standard Error",
              "value": -2.33,
              "spread": 0.191
            }
          ]
        },
        {
          "type": "Secondary",
          "title": "Changes in Systolic Blood Pressure From Baseline to Week 26",
          "timeFrame": "Baseline, Week 26",
          "participants": 95,
          "measurements": [
            {
              "unit": "mmHg",
              "param": "Least Squares Mean",
              "dispersion": "Standard Error",
              "value": -7.37,
              "spread": 1.342
            }
          ]
        },
        {
          "type": "Secondary",
          "title": "Change in Diastolic Blood Pressure From Baseline to Week 26.",
          "timeFrame": "Baseline, Week 26",
          "participants": 95,
          "measurements": [
            {
              "unit": "mmHg",
              "param": "Least Squares Mean",
              "dispersion": "Standard Error",
              "value": -0.79,
              "spread": 0.855,
              "lowerLimit": -1.79,
              "upperLimit": 0.56
            }
          ]
        },
        {
          "type": "Secondary",
          "title": "Change in Total Cholesterol From Baseline to Endpoint (Week 26).",
          "timeFrame": "Baseline, Week 26",
          "participants": 105,
          "measurements": [
            {
              "unit": "mmol/L",
              "param": "Least Squares Mean",
              "dispersion": "Standard Error",
              "value": -0.09,
              "spread": 0.067,
              "lowerLimit": -0.22,
              "upperLimit": 0.04
            }
          ]
        },
        {
          "type": "Secondary",
          "title": "Change in High-density Lipoprotein (HDL) Cholesterol From Baseline to Endpoint (Week 26).",
          "timeFrame": "Baseline, Week 26",
          "participants": 105,
          "measurements": [
            {
              "unit": "mmol/L",
              "param": "Least Squares Mean",
              "dispersion": "Standard Error",
              "value": 0.02,
              "spread": 0.014,
              "lowerLimit": -0.01,
              "upperLimit": 0.05
            }
          ]
        },
        {
          "type": "Secondary",
          "title": "Change in Triglycerides From Baseline to Endpoint (Week 26).",
          "timeFrame": "Baseline, Week 26",
          "participants": 105,
          "measurements": [
            {
              "unit": "mmol/L",
              "param": "Least Squares Mean",
              "dispersion": "Standard Error",
              "value": -0.01,
              "spread": 0.079,
              "lowerLimit": -0.17,
              "upperLimit": 0.15
            }
          ]
        },
        {
          "type": "Secondary",
          "title": "Hypoglycemia Rate Per Year",
          "timeFrame": "Baseline, Week 26",
          "participants": 111,
          "measurements": [
            {
              "unit": "events per subject-year",
              "param": "Number",
              "dispersion": "95% Confidence Interval",
              "value": 0.06,
              "lowerLimit": 0.02,
              "upperLimit": 0.2
            }
          ]
        }
      ]
    },
    {
      "arm": "2",
      "label": "2",
      "type": "Active Comparator",
      "controlArm": true,
      "baselines": [
        {
          "title": "Number of Participants",
          "unit": "participants",
          "param": "Number",
          "value": 105.0
        },
        {
          "title": "Age",
          "subTitle": "<=18 years",
          "unit": "participants",
          "param": "Number",
          "value": 0.0
        },
        {
          "title": "Age",
          "subTitle": "Between 18 and 65 years",
          "unit": "participants",
          "param": "Number",
          "value": 78.0
        },
        {
          "title": "Age",
          "subTitle": ">=65 years",
          "unit": "participants",
          "param": "Number",
          "value": 27.0
        },
        {
          "title": "Age",
          "unit": "years",
          "param": "Mean",
          "dispersion": "Standard Deviation",
          "value": 57.8,
          "spread": 9.48
        },
        {
          "title": "Gender",
          "subTitle": "Female",
          "unit": "participants",
          "param": "Number",
          "value": 33.0
        },
        {
          "title": "Gender",
          "subTitle": "Male",
          "unit": "participants",
          "param": "Number",
          "value": 72.0
        },
        {
          "title": "HbA1c",
          "unit": "Percentage of total hemoglobin",
          "param": "Mean",
          "dispersion": "Standard Deviation",
          "value": 8.4,
          "spread": 0.88
        },
        {
          "title": "Weight",
          "unit": "Kilograms",
          "param": "Mean",
          "dispersion": "Standard Deviation",
          "value": 97.9,
          "spread": 15.82
        }
      ],
      "drugs": [
        {
          "name": "insulin detemir"
        }
      ],
      "participants": [
        {
          "period": "Overall Study",
          "started": 111,
          "completed": 99,
          "notCompleted": 12,
          "incompleteDetails": [
            {
              "reason": "Full Analysis Set (FAS)",
              "count": 105
            },
            {
              "reason": "Adverse Event",
              "count": 5
            },
            {
              "reason": "Lost to Follow-up",
              "count": 0
            },
            {
              "reason": "Loss of glucose control",
              "count": 1
            },
            {
              "reason": "Protocol Violation",
              "count": 0
            },
            {
              "reason": "Withdrawal by Subject",
              "count": 6
            },
            {
              "reason": "Physician Decision",
              "count": 0
            }
          ]
        }
      ],
      "endpoints": [
        {
          "type": "Primary",
          "title": "Percentage of Patients Achieving Glycosylated Hemoglobin (HbA1c) Concentration ≤7.0% With Weight Loss (≥1.0 kg) at Endpoint (Week 26)",
          "timeFrame": "Baseline, Week 26",
          "participants": 105,
          "measurements": [
            {
              "unit": "Percentage",
              "param": "Number",
              "dispersion": "95% Confidence Interval",
              "value": 11.4,
              "lowerLimit": 6.0,
              "upperLimit": 19.1
            }
          ]
        },
        {
          "type": "Secondary",
          "title": "Percentage of Patients Who Have Achieved HbA1c ≤7.4% With Weight Loss (≥1.0 kg) at Endpoint (Week 26)",
          "timeFrame": "Baseline, Week 26",
          "participants": 101,
          "measurements": [
            {
              "unit": "Percentage",
              "param": "Number",
              "dispersion": "95% Confidence Interval",
              "value": 17.8,
              "lowerLimit": 10.9,
              "upperLimit": 26.7
            }
          ]
        },
        {
          "type": "Secondary",
          "title": "Change in HbA1c From Baseline to Week 26",
          "timeFrame": "Baseline, Week 26",
          "participants": 96,
          "measurements": [
            {
              "unit": "Percentage of total hemoglobin",
              "param": "Least Squares Mean",
              "dispersion": "Standard Error",
              "value": -0.91,
              "spread": 0.077
            }
          ]
        },
        {
          "type": "Secondary",
          "title": "Change in Body Weight From Baseline to Week 26",
          "timeFrame": "Baseline, Week 26",
          "participants": 98,
          "measurements": [
            {
              "unit": "kilograms",
              "param": "Least Squares Mean",
              "dispersion": "Standard Error",
              "value": 0.88,
              "spread": 0.351
            }
          ]
        },
        {
          "type": "Secondary",
          "title": "Percentage of Patients Achieving HbA1c ≤7.4% at Endpoint",
          "timeFrame": "Week 26",
          "participants": 105,
          "measurements": [
            {
              "unit": "Percentage",
              "param": "Number",
              "dispersion": "95% Confidence Interval",
              "value": 54.3,
              "lowerLimit": 44.3,
              "upperLimit": 64.0
            }
          ]
        },
        {
          "type": "Secondary",
          "title": "Percentage of Patients Achieving ≤7.0% at Endpoint",
          "timeFrame": "Week 26",
          "participants": 105,
          "measurements": [
            {
              "unit": "Percentage",
              "param": "Number",
              "dispersion": "95% Confidence Interval",
              "value": 34.3,
              "lowerLimit": 25.3,
              "upperLimit": 44.2
            }
          ]
        },
        {
          "type": "Secondary",
          "title": "Percentage of Patients Achieving ≤6.5% at Endpoint",
          "timeFrame": "Week 26",
          "participants": 105,
          "measurements": [
            {
              "unit": "Percentage",
              "param": "Number",
              "dispersion": "95% Confidence Interval",
              "value": 7.6,
              "lowerLimit": 3.3,
              "upperLimit": 14.5
            }
          ]
        },
        {
          "type": "Secondary",
          "title": "Change in Fasting Serum Glucose From Baseline to Endpoint (Week 26).",
          "timeFrame": "Baseline, Week 26",
          "participants": 104,
          "measurements": [
            {
              "unit": "mmol/L",
              "param": "Least Squares Mean",
              "dispersion": "Standard Error",
              "value": -2.43,
              "spread": 0.196
            }
          ]
        },
        {
          "type": "Secondary",
          "title": "Changes in Systolic Blood Pressure From Baseline to Week 26",
          "timeFrame": "Baseline, Week 26",
          "participants": 98,
          "measurements": [
            {
              "unit": "mmHg",
              "param": "Least Squares Mean",
              "dispersion": "Standard Error",
              "value": -2.65,
              "spread": 1.339
            }
          ]
        },
        {
          "type": "Secondary",
          "title": "Change in Diastolic Blood Pressure From Baseline to Week 26.",
          "timeFrame": "Baseline, Week 26",
          "participants": 98,
          "measurements": [
            {
              "unit": "mmHg",
              "param": "Least Squares Mean",
              "dispersion": "Standard Error",
              "value": -0.34,
              "spread": 0.859,
              "lowerLimit": -2.05,
              "upperLimit": 0.39
            }
          ]
        },
        {
          "type": "Secondary",
          "title": "Change in Total Cholesterol From Baseline to Endpoint (Week 26).",
          "timeFrame": "Baseline, Week 26",
          "participants": 100,
          "measurements": [
            {
              "unit": "mmol/L",
              "param": "Least Squares Mean",
              "dispersion": "Standard Error",
              "value": 0.06,
              "spread": 0.068,
              "lowerLimit": -0.08,
              "upperLimit": 0.19
            }
          ]
        },
        {
          "type": "Secondary",
          "title": "Change in High-density Lipoprotein (HDL) Cholesterol From Baseline to Endpoint (Week 26).",
          "timeFrame": "Baseline, Week 26",
          "participants": 100,
          "measurements": [
            {
              "unit": "mmol/L",
              "param": "Least Squares Mean",
              "dispersion": "Standard Error",
              "value": 0.04,
              "spread": 0.015,
              "lowerLimit": 0.01,
              "upperLimit": 0.06
            }
          ]
        },
        {
          "type": "Secondary",
          "title": "Change in Triglycerides From Baseline to Endpoint (Week 26).",
          "timeFrame": "Baseline, Week 26",
          "participants": 100,
          "measurements": [
            {
              "unit": "mmol/L",
              "param": "Least Squares Mean",
              "dispersion": "Standard Error",
              "value": -0.08,
              "spread": 0.081,
              "lowerLimit": -0.24,
              "upperLimit": 0.08
            }
          ]
        },
        {
          "type": "Secondary",
          "title": "Hypoglycemia Rate Per Year",
          "timeFrame": "Baseline, Week 26",
          "participants": 105,
          "measurements": [
            {
              "unit": "events per subject-year",
              "param": "Number",
              "dispersion": "95% Confidence Interval",
              "value": 0.1,
              "lowerLimit": 0.03,
              "upperLimit": 0.3
            }
          ]
        }
      ]
    }
  ],
  "analysis": [
    {
      "title": "Percentage of Patients Achieving Glycosylated Hemoglobin (HbA1c) Concentration ≤7.0% With Weight Loss (≥1.0 kg) at Endpoint (Week 26)",
      "groups": "Exenatide Once Weekly vs. Insulin Detemir",
      "values": {
        "groups_desc": "Primary objective: to test hypothesis that the percentage of patients with HbA1c ≤7.0% with weight loss (≥1.0 kg) after exenatide QW is superior to insulin detemir.\nSample size estimation: based on the test for difference in percentage between Exenatide QW and insulin detemir. Assuming: common drop-out rate 20%, response rate at endpoint 50% in the exenatide QW group and 25% in the insulin detemir group; 5% significance. 214 patients will provide 90% power to detect a difference.",
        "p_value": "<.0001",
        "method": "Regression, Logistic",
        "method_desc": "Logistic regression model includes treatment group, use of SU (yes/no), baseline HbA1c and baseline weight as main factors.",
        "param_type": "Odds Ratio (OR)",
        "param_value": "6.60",
        "ci_percent": "95",
        "ci_n_sides": "2-Sided",
        "ci_lower_limit": "3.17",
        "ci_upper_limit": "13.73"
      }
    },
    {
      "title": "Percentage of Patients Who Have Achieved HbA1c ≤7.4% With Weight Loss (≥1.0 kg) at Endpoint (Week 26)",
      "groups": "Exenatide Once Weekly vs. Insulin Detemir",
      "values": {
        "p_value": "<.0001",
        "method": "Regression, Logistic",
        "method_desc": "Logistic regression model includes the independent variables treatment group, use of SU (yes/no), baseline HbA1c and baseline weight.",
        "param_type": "Odds Ratio (OR)",
        "param_value": "7.06",
        "ci_percent": "95",
        "ci_n_sides": "2-Sided",
        "ci_lower_limit": "3.64",
        "ci_upper_limit": "13.70"
      }
    },
    {
      "title": "Change in HbA1c From Baseline to Week 26",
      "groups": "Exenatide Once Weekly vs. Insulin Detemir",
      "values": {
        "groups_desc": "Mixed model repeated measures (MMRM) includes baseline value as covariate, study treatment, use of SU (yes/no), week of visit and treatment-by-week interaction as fixed effects and patient and error as random effects.",
        "p_value": "0.0001",
        "method": "Mixed Models Analysis",
        "param_type": "Least Squares Mean Difference",
        "param_value": "-0.41",
        "dispersion_type": "Standard Error of the Mean",
        "dispersion_value": "0.104",
        "ci_percent": "95",
        "ci_n_sides": "2-Sided",
        "ci_lower_limit": "-0.62",
        "ci_upper_limit": "-0.20"
      }
    },
    {
      "title": "Change in Body Weight From Baseline to Week 26",
      "groups": "Exenatide Once Weekly vs. Insulin Detemir",
      "values": {
        "groups_desc": "Mixed model repeated measures MMRM) includes baseline value as covariate, study treatment, use of SU (yes/no), baseline HbA1c stratum, week of visit and treatment-by-week interaction as fixed effects and patient and error as random effects.",
        "p_value": "<.0001",
        "method": "Mixed Models Analysis",
        "param_type": "Least Squares Mean Difference",
        "param_value": "-3.67",
        "dispersion_type": "Standard Error of the Mean",
        "dispersion_value": "0.488",
        "ci_percent": "95",
        "ci_n_sides": "2-Sided",
        "ci_lower_limit": "-4.63",
        "ci_upper_limit": "-2.71"
      }
    },
    {
      "title": "Percentage of Patients Achieving HbA1c ≤7.4% at Endpoint",
      "groups": "Exenatide Once Weekly vs. Insulin Detemir",
      "values": {
        "groups_desc": "Logistic regression model includes independent variables treatment group, use of SU (yes/no), and baseline HbA1c.",
        "p_value": "0.0497",
        "method": "Regression, Logistic",
        "param_type": "Odds Ratio (OR)",
        "param_value": "1.79",
        "ci_percent": "95",
        "ci_n_sides": "2-Sided",
        "ci_lower_limit": "1.00",
        "ci_upper_limit": "3.18"
      }
    },
    {
      "title": "Percentage of Patients Achieving ≤7.0% at Endpoint",
      "groups": "Exenatide Once Weekly vs. Insulin Detemir",
      "values": {
        "groups_desc": "Logistic regression model includes independent variables treatment group, use of SU (yes/no), and baseline HbA1c.",
        "p_value": "0.0074",
        "method": "Regression, Logistic",
        "param_type": "Odds Ratio (OR)",
        "param_value": "2.21",
        "ci_percent": "95",
        "ci_n_sides": "2-Sided",
        "ci_lower_limit": "1.24",
        "ci_upper_limit": "3.96"
      }
    },
    {
      "title": "Percentage of Patients Achieving ≤6.5% at Endpoint",
      "groups": "Exenatide Once Weekly vs. Insulin Detemir",
      "values": {
        "groups_desc": "Logistic regression model includes independent variables treatment group, use of SU (yes/no), and baseline HbA1c.",
        "p_value": "0.0002",
        "method": "Regression, Logistic",
        "param_type": "Odds Ratio (OR)",
        "param_value": "4.89",
        "ci_percent": "95",
        "ci_n_sides": "2-Sided",
        "ci_lower_limit": "2.10",
        "ci_upper_limit": "11.35"
      }
    },
    {
      "title": "Change in Fasting Serum Glucose From Baseline to Endpoint (Week 26).",
      "groups": "Exenatide Once Weekly vs. Insulin Detemir",
      "values": {
        "groups_desc": "ANCOVA model includes treatment group, baseline value, use of SU (yes/no) and baseline HbA1c stratum as factors.",
        "p_value": "0.6993",
        "method": "ANCOVA",
        "param_type": "Least Squares Mean Difference",
        "param_value": "0.10",
        "dispersion_type": "Standard Error of the Mean",
        "dispersion_value": "0.257",
        "ci_percent": "95",
        "ci_n_sides": "2-Sided",
        "ci_lower_limit": "-0.41",
        "ci_upper_limit": "0.61"
      }
    },
    {
      "title": "Changes in Systolic Blood Pressure From Baseline to Week 26",
      "groups": "Exenatide Once Weekly vs. Insulin Detemir",
      "values": {
        "groups_desc": "Mixed model repeated measures (MMRM) includes baseline value as covariate, study treatment, use of SU (yes/no), baseline HbA1c stratum, week of visit and treatment-by-week interaction as fixed effects and patient and error as random effects.",
        "p_value": "0.0116",
        "method": "Mixed Models Analysis",
        "param_type": "Least Squares Mean Difference",
        "param_value": "-4.72",
        "dispersion_type": "Standard Error of the Mean",
        "dispersion_value": "1.853",
        "ci_percent": "95",
        "ci_n_sides": "2-Sided",
        "ci_lower_limit": "-8.37",
        "ci_upper_limit": "-1.07"
      }
    },
    {
      "title": "Change in Diastolic Blood Pressure From Baseline to Week 26.",
      "groups": "Exenatide Once Weekly vs. Insulin Detemir",
      "values": {
        "groups_desc": "Mixed model repeated measures (MMRM) includes baseline value as covariate, study treatment, use of SU (yes/no), baseline HbA1c stratum, week of visit and treatment-by-week interaction as fixed effects and patient and error as random effects.",
        "p_value": "0.7034",
        "method": "Mixed Models Analysis",
        "param_type": "Least Squares Mean Difference",
        "param_value": "-0.45",
        "dispersion_type": "Standard Error of the Mean",
        "dispersion_value": "1.179",
        "ci_percent": "95",
        "ci_n_sides": "2-Sided",
        "ci_lower_limit": "-2.77",
        "ci_upper_limit": "1.88"
      }
    },
    {
      "title": "Change in Total Cholesterol From Baseline to Endpoint (Week 26).",
      "groups": "Exenatide Once Weekly vs. Insulin Detemir",
      "values": {
        "groups_desc": "ANCOVA model includes treatment group, baseline value, use of SU (yes/no) and baseline HbA1c stratum as factors.",
        "p_value": "0.1061",
        "method": "ANCOVA",
        "param_type": "Least Squares Mean Difference",
        "param_value": "-0.15",
        "dispersion_type": "Standard Error of the Mean",
        "dispersion_value": "0.090",
        "ci_percent": "95",
        "ci_n_sides": "2-Sided",
        "ci_lower_limit": "-0.32",
        "ci_upper_limit": "0.03"
      }
    },
    {
      "title": "Change in High-density Lipoprotein (HDL) Cholesterol From Baseline to Endpoint (Week 26).",
      "groups": "Exenatide Once Weekly vs. Insulin Detemir",
      "values": {
        "groups_desc": "ANCOVA model includes treatment group, baseline value, use of SU (yes/no) and baseline HbA1c stratum as factors.",
        "p_value": "0.4638",
        "method": "ANCOVA",
        "param_type": "Least Squares Mean Difference",
        "param_value": "-0.01",
        "dispersion_type": "Standard Error of the Mean",
        "dispersion_value": "0.020",
        "ci_percent": "95",
        "ci_n_sides": "2-Sided",
        "ci_lower_limit": "-0.05",
        "ci_upper_limit": "0.02"
      }
    },
    {
      "title": "Change in Triglycerides From Baseline to Endpoint (Week 26).",
      "groups": "Exenatide Once Weekly vs. Insulin Detemir",
      "values": {
        "groups_desc": "ANCOVA model includes treatment group, baseline value, use of SU (yes/no) and baseline HbA1c stratum as factors.",
        "p_value": "0.4967",
        "method": "ANCOVA",
        "param_type": "Least Squares Mean Difference",
        "param_value": "0.07",
        "dispersion_type": "Standard Error of the Mean",
        "dispersion_value": "0.107",
        "ci_percent": "95",
        "ci_n_sides": "2-Sided",
        "ci_lower_limit": "-0.14",
        "ci_upper_limit": "0.28"
      }
    },
    {
      "title": "Hypoglycemia Rate Per Year",
      "groups": "Exenatide Once Weekly vs. Insulin Detemir",
      "values": {
        "groups_desc": "The number of episodes by patient were compared between treatment groups using a poisson model with effects for treatment and baseline HbA1c and the logarithm of the days of exposure as the offset variable.",
        "p_value": "0.3247",
        "method": "Poisson regression",
        "param_type": "Ratio",
        "param_value": "0.58",
        "dispersion_type": "Standard Error of the Mean",
        "dispersion_value": "0.322",
        "ci_percent": "95",
        "ci_n_sides": "2-Sided",
        "ci_lower_limit": "0.19",
        "ci_upper_limit": "1.72"
      }
    }
  ]
}