{
  "source": {
    "sourceNumber": "NCT00350779",
    "authors": [
      "Merck Sharp & Dohme Corp."
    ],
    "publicationYear": "2016",
    "title": "A Phase III Randomized, Placebo-Controlled Clinical Trial to Study the Safety and Efficacy of the Addition of Sitagliptin (MK0431) in Patients With Type 2 Diabetes Mellitus Who Have Inadequate Glycemic Control on Combination Therapy With Metformin and a PPARg Agonist",
    "journal": "clintrials.gov",
    "publicationType": "clintrials",
    "firstAuthor": "Merck Sharp & Dohme Corp.",
    "references": [
      "A Phase III Randomized, Placebo-Controlled Clinical Trial to Study the Safety and Efficacy of the Addition of Sitagliptin (MK0431) in Patients With Type 2 Diabetes Mellitus Who Have Inadequate Glycemic Control on Combination Therapy With Metformin and a PPARg Agonist. clintrials.gov"
    ]
  },
  "trial": {
    "trial": "0431-052",
    "authorTrial": "Merck Sharp & Dohme Corp. 2016 (0431-052)",
    "registryName": "NCT00350779",
    "location": [],
    "sponsor": "Merck Sharp & Dohme Corp.",
    "trialYear": "2006",
    "trialDesign": "Randomized,Parallel Assignment",
    "trialBlinding": "Double Blind (Subject, Investigator)",
    "primaryDrug": "sitagliptin",
    "trialDuration": "54 Weeks"
  },
  "arms": [
    {
      "arm": "1",
      "label": "1",
      "type": "Experimental",
      "controlArm": false,
      "baselines": [
        {
          "title": "Number of Participants",
          "unit": "participants",
          "param": "Number",
          "value": 170.0
        },
        {
          "title": "Age",
          "unit": "years",
          "param": "Mean",
          "dispersion": "Standard Deviation",
          "value": 54.4,
          "spread": 8.8
        },
        {
          "title": "Gender",
          "subTitle": "Female",
          "unit": "participants",
          "param": "Number",
          "value": 74.0
        },
        {
          "title": "Gender",
          "subTitle": "Male",
          "unit": "participants",
          "param": "Number",
          "value": 96.0
        },
        {
          "title": "Race/Ethnicity",
          "subTitle": "White",
          "unit": "participants",
          "param": "Number",
          "value": 82.0
        },
        {
          "title": "Race/Ethnicity",
          "subTitle": "Black",
          "unit": "participants",
          "param": "Number",
          "value": 7.0
        },
        {
          "title": "Race/Ethnicity",
          "subTitle": "Hispanic",
          "unit": "participants",
          "param": "Number",
          "value": 13.0
        },
        {
          "title": "Race/Ethnicity",
          "subTitle": "Asian",
          "unit": "participants",
          "param": "Number",
          "value": 58.0
        },
        {
          "title": "Race/Ethnicity",
          "subTitle": "Other",
          "unit": "participants",
          "param": "Number",
          "value": 10.0
        },
        {
          "title": "HbA1c (Hemoglobin A1c)",
          "unit": "Percent",
          "param": "Mean",
          "dispersion": "Standard Deviation",
          "value": 8.8,
          "spread": 1.0
        }
      ],
      "drugs": [
        {
          "name": "sitagliptin"
        },
        {
          "name": "rosiglitazone"
        },
        {
          "name": "metformin"
        },
        {
          "name": "glipizide"
        }
      ],
      "participants": [
        {
          "period": "Overall Study",
          "started": 170,
          "completed": 148,
          "notCompleted": 22,
          "incompleteDetails": [
            {
              "reason": "Adverse Event",
              "count": 4
            },
            {
              "reason": "Lack of Efficacy",
              "count": 0
            },
            {
              "reason": "Lost to Follow-up",
              "count": 2
            },
            {
              "reason": "Physician Decision",
              "count": 2
            },
            {
              "reason": "Protocol Violation",
              "count": 3
            },
            {
              "reason": "Withdrawal by Subject",
              "count": 9
            },
            {
              "reason": "Patient Moved",
              "count": 2
            },
            {
              "reason": "Non-compliance with study procedures",
              "count": 0
            }
          ]
        }
      ],
      "endpoints": [
        {
          "type": "Primary",
          "title": "Change From Baseline in HbA1c (Hemoglobin A1C) at Week 18",
          "timeFrame": "Baseline and 18 Weeks",
          "participants": 168,
          "measurements": [
            {
              "unit": "Percent",
              "param": "Least Squares Mean",
              "dispersion": "95% Confidence Interval",
              "value": -1.03,
              "lowerLimit": -1.17,
              "upperLimit": -0.9
            }
          ]
        },
        {
          "type": "Secondary",
          "title": "Change From Baseline in FPG (Fasting Plasma Glucose) at Week 18",
          "timeFrame": "Baseline and 18 Weeks",
          "participants": 169,
          "measurements": [
            {
              "unit": "mg/dL",
              "param": "Least Squares Mean",
              "dispersion": "95% Confidence Interval",
              "value": -30.7,
              "lowerLimit": -35.5,
              "upperLimit": -26.0
            }
          ]
        },
        {
          "type": "Secondary",
          "title": "Change From Baseline in 2-hour PMG (Post-meal Glucose) at Week 18",
          "timeFrame": "Baseline and Week 18",
          "participants": 142,
          "measurements": [
            {
              "unit": "mg/dL",
              "param": "Least Squares Mean",
              "dispersion": "95% Confidence Interval",
              "value": -59.9,
              "lowerLimit": -67.1,
              "upperLimit": -52.6
            }
          ]
        },
        {
          "type": "Secondary",
          "title": "Change From Baseline in HbA1c (Hemoglobin A1C) at Week 54",
          "timeFrame": "Baseline and Week 54",
          "participants": 168,
          "measurements": [
            {
              "unit": "Percent",
              "param": "Least Squares Mean",
              "dispersion": "95% Confidence Interval",
              "value": -1.05,
              "lowerLimit": -1.21,
              "upperLimit": -0.89
            }
          ]
        },
        {
          "type": "Secondary",
          "title": "Change From Baseline in FPG (Fasting Plasma Glucose) at Week 54",
          "timeFrame": "Baseline and Week 54",
          "participants": 169,
          "measurements": [
            {
              "unit": "mg/dL",
              "param": "Least Squares Mean",
              "dispersion": "95% Confidence Interval",
              "value": -28.0,
              "lowerLimit": -33.3,
              "upperLimit": -22.8
            }
          ]
        },
        {
          "type": "Secondary",
          "title": "Change From Baseline in 2-hour PMG (Post-meal Glucose) at Week 54",
          "timeFrame": "Baseline and Week 54",
          "participants": 147,
          "measurements": [
            {
              "unit": "mg/dL",
              "param": "Least Squares Mean",
              "dispersion": "95% Confidence Interval",
              "value": -50.7,
              "lowerLimit": -59.1,
              "upperLimit": -42.4
            }
          ]
        }
      ]
    },
    {
      "arm": "2",
      "label": "2",
      "type": "Placebo Comparator",
      "controlArm": true,
      "baselines": [
        {
          "title": "Number of Participants",
          "unit": "participants",
          "param": "Number",
          "value": 92.0
        },
        {
          "title": "Age",
          "unit": "years",
          "param": "Mean",
          "dispersion": "Standard Deviation",
          "value": 54.8,
          "spread": 9.5
        },
        {
          "title": "Gender",
          "subTitle": "Female",
          "unit": "participants",
          "param": "Number",
          "value": 37.0
        },
        {
          "title": "Gender",
          "subTitle": "Male",
          "unit": "participants",
          "param": "Number",
          "value": 55.0
        },
        {
          "title": "Race/Ethnicity",
          "subTitle": "White",
          "unit": "participants",
          "param": "Number",
          "value": 51.0
        },
        {
          "title": "Race/Ethnicity",
          "subTitle": "Black",
          "unit": "participants",
          "param": "Number",
          "value": 3.0
        },
        {
          "title": "Race/Ethnicity",
          "subTitle": "Hispanic",
          "unit": "participants",
          "param": "Number",
          "value": 10.0
        },
        {
          "title": "Race/Ethnicity",
          "subTitle": "Asian",
          "unit": "participants",
          "param": "Number",
          "value": 24.0
        },
        {
          "title": "Race/Ethnicity",
          "subTitle": "Other",
          "unit": "participants",
          "param": "Number",
          "value": 4.0
        },
        {
          "title": "HbA1c (Hemoglobin A1c)",
          "unit": "Percent",
          "param": "Mean",
          "dispersion": "Standard Deviation",
          "value": 8.7,
          "spread": 1.0
        }
      ],
      "drugs": [
        {
          "name": "Comparator: Placebo"
        },
        {
          "name": "rosiglitazone"
        },
        {
          "name": "metformin"
        },
        {
          "name": "glipizide"
        }
      ],
      "participants": [
        {
          "period": "Overall Study",
          "started": 92,
          "completed": 71,
          "notCompleted": 21,
          "incompleteDetails": [
            {
              "reason": "Adverse Event",
              "count": 2
            },
            {
              "reason": "Lack of Efficacy",
              "count": 4
            },
            {
              "reason": "Lost to Follow-up",
              "count": 0
            },
            {
              "reason": "Physician Decision",
              "count": 4
            },
            {
              "reason": "Protocol Violation",
              "count": 1
            },
            {
              "reason": "Withdrawal by Subject",
              "count": 8
            },
            {
              "reason": "Patient Moved",
              "count": 1
            },
            {
              "reason": "Non-compliance with study procedures",
              "count": 1
            }
          ]
        }
      ],
      "endpoints": [
        {
          "type": "Primary",
          "title": "Change From Baseline in HbA1c (Hemoglobin A1C) at Week 18",
          "timeFrame": "Baseline and 18 Weeks",
          "participants": 88,
          "measurements": [
            {
              "unit": "Percent",
              "param": "Least Squares Mean",
              "dispersion": "95% Confidence Interval",
              "value": -0.31,
              "lowerLimit": -0.5,
              "upperLimit": -0.13
            }
          ]
        },
        {
          "type": "Secondary",
          "title": "Change From Baseline in FPG (Fasting Plasma Glucose) at Week 18",
          "timeFrame": "Baseline and 18 Weeks",
          "participants": 89,
          "measurements": [
            {
              "unit": "mg/dL",
              "param": "Least Squares Mean",
              "dispersion": "95% Confidence Interval",
              "value": -11.7,
              "lowerLimit": -18.3,
              "upperLimit": -5.1
            }
          ]
        },
        {
          "type": "Secondary",
          "title": "Change From Baseline in 2-hour PMG (Post-meal Glucose) at Week 18",
          "timeFrame": "Baseline and Week 18",
          "participants": 75,
          "measurements": [
            {
              "unit": "mg/dL",
              "param": "Least Squares Mean",
              "dispersion": "95% Confidence Interval",
              "value": -22.0,
              "lowerLimit": -32.1,
              "upperLimit": -12.0
            }
          ]
        },
        {
          "type": "Secondary",
          "title": "Change From Baseline in HbA1c (Hemoglobin A1C) at Week 54",
          "timeFrame": "Baseline and Week 54",
          "participants": 88,
          "measurements": [
            {
              "unit": "Percent",
              "param": "Least Squares Mean",
              "dispersion": "95% Confidence Interval",
              "value": -0.28,
              "lowerLimit": -0.5,
              "upperLimit": -0.05
            }
          ]
        },
        {
          "type": "Secondary",
          "title": "Change From Baseline in FPG (Fasting Plasma Glucose) at Week 54",
          "timeFrame": "Baseline and Week 54",
          "participants": 89,
          "measurements": [
            {
              "unit": "mg/dL",
              "param": "Least Squares Mean",
              "dispersion": "95% Confidence Interval",
              "value": -10.7,
              "lowerLimit": -18.0,
              "upperLimit": -3.3
            }
          ]
        },
        {
          "type": "Secondary",
          "title": "Change From Baseline in 2-hour PMG (Post-meal Glucose) at Week 54",
          "timeFrame": "Baseline and Week 54",
          "participants": 77,
          "measurements": [
            {
              "unit": "mg/dL",
              "param": "Least Squares Mean",
              "dispersion": "95% Confidence Interval",
              "value": -16.6,
              "lowerLimit": -28.2,
              "upperLimit": -5.0
            }
          ]
        }
      ]
    }
  ],
  "analysis": [
    {
      "title": "Change From Baseline in HbA1c (Hemoglobin A1C) at Week 18",
      "groups": "Sitagliptin 100 mg vs. Placebo",
      "values": {
        "p_value": "<0.001",
        "method": "ANCOVA",
        "method_desc": "Model terms: treatment; baseline; prior anti-hyperglycemic therapy",
        "param_type": "Mean Difference (Net)",
        "param_value": "-0.72",
        "dispersion_type": "Standard Deviation",
        "dispersion_value": "0.87",
        "ci_percent": "95",
        "ci_lower_limit": "-0.95",
        "ci_upper_limit": "-0.49"
      }
    },
    {
      "title": "Change From Baseline in FPG (Fasting Plasma Glucose) at Week 18",
      "groups": "Sitagliptin 100 mg vs. Placebo",
      "values": {
        "p_value": "<0.001",
        "method": "ANCOVA",
        "method_desc": "Model terms: treatment; baseline; prior anti-hyperglycemic therapy",
        "param_type": "Mean Difference (Net)",
        "param_value": "-19.0",
        "dispersion_type": "Standard Deviation",
        "dispersion_value": "31.3",
        "ci_percent": "95",
        "ci_lower_limit": "-27.2",
        "ci_upper_limit": "-10.9"
      }
    },
    {
      "title": "Change From Baseline in 2-hour PMG (Post-meal Glucose) at Week 18",
      "groups": "Sitagliptin 100 mg vs. Placebo",
      "values": {
        "p_value": "<0.001",
        "method": "ANCOVA",
        "method_desc": "Model terms: treatment; baseline; prior anti-hyperglycemic therapy",
        "param_type": "Mean Difference (Net)",
        "param_value": "-37.9",
        "dispersion_type": "Standard Deviation",
        "dispersion_value": "43.7",
        "ci_percent": "95",
        "ci_lower_limit": "-50.2",
        "ci_upper_limit": "-25.5"
      }
    },
    {
      "title": "Change From Baseline in HbA1c (Hemoglobin A1C) at Week 54",
      "groups": "Sitagliptin 100 mg vs. Placebo",
      "values": {
        "p_value": "<0.001",
        "method": "ANCOVA",
        "method_desc": "Model terms: treatment; baseline; prior anti-hyperglycemic therapy",
        "param_type": "Mean Difference (Net)",
        "param_value": "-0.77",
        "dispersion_type": "Standard Deviation",
        "dispersion_value": "1.04",
        "ci_percent": "95",
        "ci_lower_limit": "-1.04",
        "ci_upper_limit": "-0.50"
      }
    },
    {
      "title": "Change From Baseline in FPG (Fasting Plasma Glucose) at Week 54",
      "groups": "Sitagliptin 100 mg vs. Placebo",
      "values": {
        "p_value": "<0.001",
        "method": "ANCOVA",
        "method_desc": "Model terms: treatment; baseline; prior anti-hyperglycemic therapy",
        "param_type": "Mean Difference (Net)",
        "param_value": "-17.4",
        "dispersion_type": "Standard Deviation",
        "dispersion_value": "34.6",
        "ci_percent": "95",
        "ci_lower_limit": "-26.4",
        "ci_upper_limit": "-8.4"
      }
    },
    {
      "title": "Change From Baseline in 2-hour PMG (Post-meal Glucose) at Week 54",
      "groups": "Sitagliptin 100 mg vs. Placebo",
      "values": {
        "p_value": "<0.001",
        "method": "ANCOVA",
        "method_desc": "Model terms: treatment; baseline; prior anti-hyperglycemic therapy",
        "param_type": "Mean Difference (Net)",
        "param_value": "-34.1",
        "dispersion_type": "Standard Deviation",
        "dispersion_value": "51.0",
        "ci_percent": "95",
        "ci_lower_limit": "-48.4",
        "ci_upper_limit": "-19.9"
      }
    }
  ]
}