{
  "source": {
    "sourceNumber": "NCT01030952",
    "authors": [
      "Novartis Pharmaceuticals"
    ],
    "publicationYear": "2012",
    "title": "A 3-week, Multi-center, Open-label, Randomized, Active-control, Parallel-group Study to Compare Effects of Nateglinide and Acarbose on Postprandial Glucose Fluctuation in Chinese Drug-naive Patients Type 2 Diabetes Mellitus",
    "journal": "clintrials.gov",
    "publicationType": "clintrials",
    "firstAuthor": "Novartis Pharmaceuticals",
    "references": [
      "A 3-week, Multi-center, Open-label, Randomized, Active-control, Parallel-group Study to Compare Effects of Nateglinide and Acarbose on Postprandial Glucose Fluctuation in Chinese Drug-naive Patients Type 2 Diabetes Mellitus. clintrials.gov"
    ]
  },
  "trial": {
    "trial": "CDJN608ACN07",
    "authorTrial": "Novartis Pharmaceuticals 2012 (CDJN608ACN07)",
    "registryName": "NCT01030952",
    "location": [
      "China"
    ],
    "sponsor": "Novartis Pharmaceuticals",
    "trialYear": "2009",
    "trialDesign": "Randomized,Parallel Assignment",
    "trialBlinding": "Open Label",
    "primaryDrug": "Nateglinide",
    "trialDuration": "3 Weeks"
  },
  "arms": [
    {
      "arm": "1",
      "label": "Nateglinide",
      "type": "Experimental",
      "controlArm": false,
      "baselines": [
        {
          "title": "Number of Participants",
          "unit": "participants",
          "param": "Number",
          "value": 51.0
        },
        {
          "title": "Age",
          "unit": "years",
          "param": "Mean",
          "dispersion": "Standard Deviation",
          "value": 53.4,
          "spread": 10.34
        },
        {
          "title": "Gender",
          "subTitle": "Female",
          "unit": "participants",
          "param": "Number",
          "value": 20.0,
          "spread": 39.22
        },
        {
          "title": "Gender",
          "subTitle": "Male",
          "unit": "participants",
          "param": "Number",
          "value": 31.0,
          "spread": 60.78
        }
      ],
      "drugs": [
        {
          "name": "Nateglinide"
        }
      ],
      "participants": [
        {
          "period": "Overall Study",
          "started": 51,
          "completed": 49,
          "notCompleted": 2,
          "incompleteDetails": [
            {
              "reason": "Protocol Violation",
              "count": 0
            },
            {
              "reason": "Informed consent withdrawal",
              "count": 1
            },
            {
              "reason": "Lost to Follow-up",
              "count": 0
            },
            {
              "reason": "Unexplained",
              "count": 1
            }
          ]
        }
      ],
      "endpoints": [
        {
          "type": "Primary",
          "title": "Change in Area Under Curve of 0-4 Hours Postprandial Glucose (AUCpp0-4hours) in Standardized Meal Test Using Continuous Glucose Monitoring System (CGMS)",
          "timeFrame": "3 weeks (end of study) minus baseline",
          "participants": 39,
          "measurements": [
            {
              "unit": "millimoles hours per litre (mmol*hr/L)",
              "param": "Least Squares Mean",
              "dispersion": "95% Confidence Interval",
              "value": -9.2,
              "spread": 11.71,
              "lowerLimit": -11.78,
              "upperLimit": -6.621
            }
          ]
        },
        {
          "type": "Secondary",
          "title": "Change in Incremental Glucose Peak (IGP) From Baseline",
          "timeFrame": "baseline, 3 weeks (end of study)",
          "participants": 51,
          "measurements": [
            {
              "unit": "millimoles per litre (mmol/L)",
              "param": "Mean",
              "dispersion": "Standard Deviation",
              "value": -2.72,
              "spread": 2.86
            }
          ]
        },
        {
          "type": "Secondary",
          "title": "Change in Mean Blood Glucose (MBG)",
          "timeFrame": "baseline and at 3 weeks (end of study)",
          "participants": 51,
          "measurements": [
            {
              "unit": "millimoles per litre (mmol/l)",
              "param": "Mean",
              "dispersion": "Standard Deviation",
              "value": -1.16,
              "spread": 1.24
            }
          ]
        },
        {
          "type": "Secondary",
          "title": "Change in Standard Deviation (SD) From Baseline of Mean Blood Glucose (MBG) Over 24 Hours.",
          "timeFrame": "baseline, 3 weeks (end of study)",
          "participants": 51,
          "measurements": [
            {
              "unit": "mmol/l",
              "param": "Mean",
              "dispersion": "Standard Deviation",
              "value": -0.48,
              "spread": 0.63
            }
          ]
        },
        {
          "type": "Secondary",
          "title": "Change in Mean of Daily Difference of Paired Blood Glucose Value (MODD)",
          "timeFrame": "baseline, 3 weeks (end of study)",
          "participants": 51,
          "measurements": [
            {
              "unit": "millimoles per litre (mmol/l)",
              "param": "Mean",
              "dispersion": "Standard Deviation",
              "value": -0.06,
              "spread": 0.95
            }
          ]
        },
        {
          "type": "Secondary",
          "title": "Changes in 24 Hour Glucose Area Under Curve (AUCpp)",
          "timeFrame": "baseline, end of study (3 weeks)",
          "participants": 51,
          "measurements": [
            {
              "unit": "mmol*min/L",
              "param": "Mean",
              "dispersion": "Standard Deviation",
              "value": -1.16,
              "spread": 1.24
            }
          ]
        },
        {
          "type": "Secondary",
          "title": "Change in Glycated Serum Albumin (GSA) Levels From Baseline After Treatment",
          "timeFrame": "baseline, 3 weeks (end of study)",
          "participants": 51,
          "measurements": [
            {
              "unit": "percent",
              "param": "Mean",
              "dispersion": "Standard Deviation",
              "value": -2.22,
              "spread": 1.9
            }
          ]
        },
        {
          "type": "Secondary",
          "title": "Change in Insulin Levels (μU/ml) During Standardized Meal Test at Endpoint From Baseline",
          "timeFrame": "baseline, 3 weeks (end of study)",
          "participants": 51,
          "measurements": [
            {
              "subTitle": "0 minutes",
              "unit": "(μU/ml)",
              "param": "Mean",
              "dispersion": "Standard Deviation",
              "value": 0.32,
              "spread": 5.88
            },
            {
              "subTitle": "30 minutes",
              "unit": "(μU/ml)",
              "param": "Mean",
              "dispersion": "Standard Deviation",
              "value": 13.87,
              "spread": 20.98
            },
            {
              "subTitle": "120 minutes",
              "unit": "(μU/ml)",
              "param": "Mean",
              "dispersion": "Standard Deviation",
              "value": 15.03,
              "spread": 31.22
            }
          ]
        },
        {
          "type": "Secondary",
          "title": "Change From Baseline in Low-density Lipoprotein Cholesterol (LDL-C)",
          "timeFrame": "baseline, 3 weeks (end of study)",
          "participants": 51,
          "measurements": [
            {
              "subTitle": "0 minutes",
              "unit": "millimoles per litre (mmol/l)",
              "param": "Mean",
              "dispersion": "Standard Deviation",
              "value": -0.04,
              "spread": 0.65
            },
            {
              "subTitle": "30 minutes",
              "unit": "millimoles per litre (mmol/l)",
              "param": "Mean",
              "dispersion": "Standard Deviation",
              "value": -0.06,
              "spread": 0.63
            },
            {
              "subTitle": "120 minutes",
              "unit": "millimoles per litre (mmol/l)",
              "param": "Mean",
              "dispersion": "Standard Deviation",
              "value": -0.04,
              "spread": 0.56
            }
          ]
        },
        {
          "type": "Secondary",
          "title": "Change of Total Cholesterol in Blood Lipids Levels During Standardized Meal Test at Endpoint From Baseline at Each Time Point",
          "timeFrame": "baseline, 3 weeks (end of study)",
          "participants": 51,
          "measurements": [
            {
              "subTitle": "0 minutes",
              "unit": "millimoles per litre (mmol/l)",
              "param": "Mean",
              "dispersion": "Standard Deviation",
              "value": -0.03,
              "spread": 0.67
            },
            {
              "subTitle": "30 minutes",
              "unit": "millimoles per litre (mmol/l)",
              "param": "Mean",
              "dispersion": "Standard Deviation",
              "value": -0.06,
              "spread": 0.7
            },
            {
              "subTitle": "120 minutes",
              "unit": "millimoles per litre (mmol/l)",
              "param": "Mean",
              "dispersion": "Standard Deviation",
              "value": -0.01,
              "spread": 0.61
            }
          ]
        },
        {
          "type": "Secondary",
          "title": "Change in Triglyceride (TG)Levels in Blood Lipid Levels During Standardized Meal Test at Endpoint",
          "timeFrame": "baseline, 3 weeks (end of study)",
          "participants": 51,
          "measurements": [
            {
              "subTitle": "0 minutes",
              "unit": "millimoles per litre (mmol/l)",
              "param": "Mean",
              "dispersion": "Standard Deviation",
              "value": -0.19,
              "spread": 0.63
            },
            {
              "subTitle": "30 minutes",
              "unit": "millimoles per litre (mmol/l)",
              "param": "Mean",
              "dispersion": "Standard Deviation",
              "value": -0.23,
              "spread": 0.68
            },
            {
              "subTitle": "120 minutes",
              "unit": "millimoles per litre (mmol/l)",
              "param": "Mean",
              "dispersion": "Standard Deviation",
              "value": -0.19,
              "spread": 0.83
            }
          ]
        },
        {
          "type": "Secondary",
          "title": "Change From Baseline in High-density Lipoprotein Cholesterol (HDL-C) at the End of the Study",
          "timeFrame": "baseline, 3 weeks (end of study)",
          "participants": 51,
          "measurements": [
            {
              "subTitle": "0 minutes",
              "unit": "millimoles per litre (mmol/l)",
              "param": "Mean",
              "dispersion": "Standard Deviation",
              "value": 0.2,
              "spread": 0.1
            },
            {
              "subTitle": "30 minutes",
              "unit": "millimoles per litre (mmol/l)",
              "param": "Mean",
              "dispersion": "Standard Deviation",
              "value": 0.02,
              "spread": 0.1
            },
            {
              "subTitle": "120 minutes",
              "unit": "millimoles per litre (mmol/l)",
              "param": "Mean",
              "dispersion": "Standard Deviation",
              "value": 0.03,
              "spread": 0.09
            }
          ]
        },
        {
          "type": "Secondary",
          "title": "Change in Mean Amplitude of Glycaemic Excursion (MAGE)",
          "timeFrame": "baseline, 3 weeks (end of study)",
          "participants": 51,
          "measurements": [
            {
              "unit": "mmol/l",
              "param": "Mean",
              "dispersion": "Standard Deviation",
              "value": 5.27,
              "spread": 2.09
            }
          ]
        },
        {
          "type": "Secondary",
          "title": "The Percent of 24 Hour Hypoglycemic Measurements",
          "timeFrame": "baseline, 3 weeks (end of study)",
          "participants": 39,
          "measurements": [
            {
              "unit": "percent of measurements",
              "param": "Mean",
              "dispersion": "Standard Deviation",
              "value": 0.82,
              "spread": 2.22
            }
          ]
        },
        {
          "type": "Secondary",
          "title": "Change in Percent of 24 Hour Hyperglycemic Measurements",
          "timeFrame": "baseline, 3 weeks (end of study)",
          "participants": 39,
          "measurements": [
            {
              "unit": "percent of measurements",
              "param": "Mean",
              "dispersion": "Standard Deviation",
              "value": -50.83,
              "spread": 64.62
            }
          ]
        }
      ]
    },
    {
      "arm": "2",
      "label": "Acarbose",
      "type": "Active Comparator",
      "controlArm": true,
      "baselines": [
        {
          "title": "Number of Participants",
          "unit": "participants",
          "param": "Number",
          "value": 52.0
        },
        {
          "title": "Age",
          "unit": "years",
          "param": "Mean",
          "dispersion": "Standard Deviation",
          "value": 53.7,
          "spread": 9.36
        },
        {
          "title": "Gender",
          "subTitle": "Female",
          "unit": "participants",
          "param": "Number",
          "value": 23.0,
          "spread": 44.23
        },
        {
          "title": "Gender",
          "subTitle": "Male",
          "unit": "participants",
          "param": "Number",
          "value": 29.0,
          "spread": 55.7
        }
      ],
      "drugs": [
        {
          "name": "Acarbose"
        }
      ],
      "participants": [
        {
          "period": "Overall Study",
          "started": 52,
          "completed": 49,
          "notCompleted": 3,
          "incompleteDetails": [
            {
              "reason": "Protocol Violation",
              "count": 1
            },
            {
              "reason": "Informed consent withdrawal",
              "count": 0
            },
            {
              "reason": "Lost to Follow-up",
              "count": 1
            },
            {
              "reason": "Unexplained",
              "count": 1
            }
          ]
        }
      ],
      "endpoints": [
        {
          "type": "Primary",
          "title": "Change in Area Under Curve of 0-4 Hours Postprandial Glucose (AUCpp0-4hours) in Standardized Meal Test Using Continuous Glucose Monitoring System (CGMS)",
          "timeFrame": "3 weeks (end of study) minus baseline",
          "participants": 42,
          "measurements": [
            {
              "unit": "millimoles hours per litre (mmol*hr/L)",
              "param": "Least Squares Mean",
              "dispersion": "95% Confidence Interval",
              "value": -9.92,
              "spread": 9.97,
              "lowerLimit": -12.407,
              "upperLimit": -7.438
            }
          ]
        },
        {
          "type": "Secondary",
          "title": "Change in Incremental Glucose Peak (IGP) From Baseline",
          "timeFrame": "baseline, 3 weeks (end of study)",
          "participants": 52,
          "measurements": [
            {
              "unit": "millimoles per litre (mmol/L)",
              "param": "Mean",
              "dispersion": "Standard Deviation",
              "value": -1.89,
              "spread": 2.76
            }
          ]
        },
        {
          "type": "Secondary",
          "title": "Change in Mean Blood Glucose (MBG)",
          "timeFrame": "baseline and at 3 weeks (end of study)",
          "participants": 52,
          "measurements": [
            {
              "unit": "millimoles per litre (mmol/l)",
              "param": "Mean",
              "dispersion": "Standard Deviation",
              "value": -0.78,
              "spread": 1.29
            }
          ]
        },
        {
          "type": "Secondary",
          "title": "Change in Standard Deviation (SD) From Baseline of Mean Blood Glucose (MBG) Over 24 Hours.",
          "timeFrame": "baseline, 3 weeks (end of study)",
          "participants": 52,
          "measurements": [
            {
              "unit": "mmol/l",
              "param": "Mean",
              "dispersion": "Standard Deviation",
              "value": -0.63,
              "spread": 0.59
            }
          ]
        },
        {
          "type": "Secondary",
          "title": "Change in Mean of Daily Difference of Paired Blood Glucose Value (MODD)",
          "timeFrame": "baseline, 3 weeks (end of study)",
          "participants": 52,
          "measurements": [
            {
              "unit": "millimoles per litre (mmol/l)",
              "param": "Mean",
              "dispersion": "Standard Deviation",
              "value": -0.21,
              "spread": 0.86
            }
          ]
        },
        {
          "type": "Secondary",
          "title": "Changes in 24 Hour Glucose Area Under Curve (AUCpp)",
          "timeFrame": "baseline, end of study (3 weeks)",
          "participants": 52,
          "measurements": [
            {
              "unit": "mmol*min/L",
              "param": "Mean",
              "dispersion": "Standard Deviation",
              "value": -0.78,
              "spread": 1.29
            }
          ]
        },
        {
          "type": "Secondary",
          "title": "Change in Glycated Serum Albumin (GSA) Levels From Baseline After Treatment",
          "timeFrame": "baseline, 3 weeks (end of study)",
          "participants": 51,
          "measurements": [
            {
              "unit": "percent",
              "param": "Mean",
              "dispersion": "Standard Deviation",
              "value": -1.74,
              "spread": 1.5
            }
          ]
        },
        {
          "type": "Secondary",
          "title": "Change in Insulin Levels (μU/ml) During Standardized Meal Test at Endpoint From Baseline",
          "timeFrame": "baseline, 3 weeks (end of study)",
          "participants": 52,
          "measurements": [
            {
              "subTitle": "0 minutes",
              "unit": "(μU/ml)",
              "param": "Mean",
              "dispersion": "Standard Deviation",
              "value": -0.21,
              "spread": 3.16
            },
            {
              "subTitle": "30 minutes",
              "unit": "(μU/ml)",
              "param": "Mean",
              "dispersion": "Standard Deviation",
              "value": -6.64,
              "spread": 6.44
            },
            {
              "subTitle": "120 minutes",
              "unit": "(μU/ml)",
              "param": "Mean",
              "dispersion": "Standard Deviation",
              "value": -16.24,
              "spread": 22.01
            }
          ]
        },
        {
          "type": "Secondary",
          "title": "Change From Baseline in Low-density Lipoprotein Cholesterol (LDL-C)",
          "timeFrame": "baseline, 3 weeks (end of study)",
          "participants": 52,
          "measurements": [
            {
              "subTitle": "0 minutes",
              "unit": "millimoles per litre (mmol/l)",
              "param": "Mean",
              "dispersion": "Standard Deviation",
              "value": 0.064,
              "spread": 0.44
            },
            {
              "subTitle": "30 minutes",
              "unit": "millimoles per litre (mmol/l)",
              "param": "Mean",
              "dispersion": "Standard Deviation",
              "value": 0.09,
              "spread": 0.44
            },
            {
              "subTitle": "120 minutes",
              "unit": "millimoles per litre (mmol/l)",
              "param": "Mean",
              "dispersion": "Standard Deviation",
              "value": 0.13,
              "spread": 0.42
            }
          ]
        },
        {
          "type": "Secondary",
          "title": "Change of Total Cholesterol in Blood Lipids Levels During Standardized Meal Test at Endpoint From Baseline at Each Time Point",
          "timeFrame": "baseline, 3 weeks (end of study)",
          "participants": 52,
          "measurements": [
            {
              "subTitle": "0 minutes",
              "unit": "millimoles per litre (mmol/l)",
              "param": "Mean",
              "dispersion": "Standard Deviation",
              "value": -0.09,
              "spread": 0.55
            },
            {
              "subTitle": "30 minutes",
              "unit": "millimoles per litre (mmol/l)",
              "param": "Mean",
              "dispersion": "Standard Deviation",
              "value": 0.56,
              "spread": 0.04
            },
            {
              "subTitle": "120 minutes",
              "unit": "millimoles per litre (mmol/l)",
              "param": "Mean",
              "dispersion": "Standard Deviation",
              "value": 0.03,
              "spread": 0.68
            }
          ]
        },
        {
          "type": "Secondary",
          "title": "Change in Triglyceride (TG)Levels in Blood Lipid Levels During Standardized Meal Test at Endpoint",
          "timeFrame": "baseline, 3 weeks (end of study)",
          "participants": 52,
          "measurements": [
            {
              "subTitle": "0 minutes",
              "unit": "millimoles per litre (mmol/l)",
              "param": "Mean",
              "dispersion": "Standard Deviation",
              "value": -0.48,
              "spread": 1.16
            },
            {
              "subTitle": "30 minutes",
              "unit": "millimoles per litre (mmol/l)",
              "param": "Mean",
              "dispersion": "Standard Deviation",
              "value": -0.39,
              "spread": 0.81
            },
            {
              "subTitle": "120 minutes",
              "unit": "millimoles per litre (mmol/l)",
              "param": "Mean",
              "dispersion": "Standard Deviation",
              "value": -0.47,
              "spread": 1.02
            }
          ]
        },
        {
          "type": "Secondary",
          "title": "Change From Baseline in High-density Lipoprotein Cholesterol (HDL-C) at the End of the Study",
          "timeFrame": "baseline, 3 weeks (end of study)",
          "participants": 52,
          "measurements": [
            {
              "subTitle": "0 minutes",
              "unit": "millimoles per litre (mmol/l)",
              "param": "Mean",
              "dispersion": "Standard Deviation",
              "value": -0.02,
              "spread": 0.31
            },
            {
              "subTitle": "30 minutes",
              "unit": "millimoles per litre (mmol/l)",
              "param": "Mean",
              "dispersion": "Standard Deviation",
              "value": 0.01,
              "spread": 0.16
            },
            {
              "subTitle": "120 minutes",
              "unit": "millimoles per litre (mmol/l)",
              "param": "Mean",
              "dispersion": "Standard Deviation",
              "value": 0.0,
              "spread": 0.17
            }
          ]
        },
        {
          "type": "Secondary",
          "title": "Change in Mean Amplitude of Glycaemic Excursion (MAGE)",
          "timeFrame": "baseline, 3 weeks (end of study)",
          "participants": 52,
          "measurements": [
            {
              "unit": "mmol/l",
              "param": "Mean",
              "dispersion": "Standard Deviation",
              "value": 5.03,
              "spread": 1.82
            }
          ]
        },
        {
          "type": "Secondary",
          "title": "The Percent of 24 Hour Hypoglycemic Measurements",
          "timeFrame": "baseline, 3 weeks (end of study)",
          "participants": 42,
          "measurements": [
            {
              "unit": "percent of measurements",
              "param": "Mean",
              "dispersion": "Standard Deviation",
              "value": -0.57,
              "spread": 1.77
            }
          ]
        },
        {
          "type": "Secondary",
          "title": "Change in Percent of 24 Hour Hyperglycemic Measurements",
          "timeFrame": "baseline, 3 weeks (end of study)",
          "participants": 42,
          "measurements": [
            {
              "unit": "percent of measurements",
              "param": "Mean",
              "dispersion": "Standard Deviation",
              "value": -33.82,
              "spread": 75.39
            }
          ]
        }
      ]
    }
  ],
  "analysis": []
}