{
  "source": {
    "sourceNumber": "NCT00824616",
    "authors": [
      "Merck Sharp & Dohme Corp."
    ],
    "publicationYear": "2015",
    "title": "A Phase IIa, Multicenter, Randomized, Double-Blind, Placebo-Controlled Clinical Trial of MK-0941 in Patients With Type 2 Diabetes Mellitus With Inadequate Glycemic Control on Insulin",
    "journal": "clintrials.gov",
    "publicationType": "clintrials",
    "firstAuthor": "Merck Sharp & Dohme Corp.",
    "references": [
      "A Phase IIa, Multicenter, Randomized, Double-Blind, Placebo-Controlled Clinical Trial of MK-0941 in Patients With Type 2 Diabetes Mellitus With Inadequate Glycemic Control on Insulin. clintrials.gov"
    ]
  },
  "trial": {
    "trial": "0941-018",
    "authorTrial": "Merck Sharp & Dohme Corp. 2015 (0941-018)",
    "registryName": "NCT00824616",
    "location": [],
    "sponsor": "Merck Sharp & Dohme Corp.",
    "trialYear": "2009",
    "trialDesign": "Randomized,Parallel Assignment",
    "trialBlinding": "Double Blind (Subject, Investigator)",
    "primaryDrug": "Placebo",
    "trialDuration": "20 Weeks"
  },
  "arms": [
    {
      "arm": "1",
      "label": "Placebo",
      "type": "Placebo Comparator",
      "controlArm": false,
      "baselines": [
        {
          "title": "Number of Participants",
          "unit": "participants",
          "param": "Number",
          "value": 34.0
        },
        {
          "title": "Age",
          "unit": "years",
          "param": "Mean",
          "dispersion": "Standard Deviation",
          "value": 55.5,
          "spread": 8.8
        },
        {
          "title": "Gender",
          "subTitle": "Female",
          "unit": "participants",
          "param": "Number",
          "value": 15.0
        },
        {
          "title": "Gender",
          "subTitle": "Male",
          "unit": "participants",
          "param": "Number",
          "value": 19.0
        }
      ],
      "drugs": [
        {
          "name": "Placebo"
        },
        {
          "name": "Insulin"
        }
      ],
      "participants": [
        {
          "period": "Overall Study",
          "started": 34,
          "completed": 28,
          "notCompleted": 6,
          "incompleteDetails": [
            {
              "reason": "Adverse Event",
              "count": 2
            },
            {
              "reason": "Creatinine/Creatinine Clearance",
              "count": 0
            },
            {
              "reason": "Hyperglycemia",
              "count": 1
            },
            {
              "reason": "Lack of Efficacy",
              "count": 2
            },
            {
              "reason": "Lost to Follow-up",
              "count": 0
            },
            {
              "reason": "Withdrawal by Subject",
              "count": 1
            }
          ]
        }
      ],
      "endpoints": [
        {
          "type": "Primary",
          "title": "Change From Baseline in Hemoglobin A1c (HbA1c) Level",
          "timeFrame": "Baseline (Day 1) and End of Treatment (Week 20)",
          "participants": 34,
          "measurements": [
            {
              "unit": "% HbA1c",
              "param": "Least Squares Mean",
              "dispersion": "95% Confidence Interval",
              "value": -0.15,
              "lowerLimit": -0.65,
              "upperLimit": 0.34
            }
          ]
        },
        {
          "type": "Primary",
          "title": "Number of Participants Who Experienced One or More Episodes of Hypoglycemia (Symptomatic or Asymptomatic)",
          "timeFrame": "From first dose of study drug (Week 0) to last dose of study drug (Week 20)",
          "participants": 34,
          "measurements": [
            {
              "unit": "participants",
              "param": "Number",
              "value": 6.0
            }
          ]
        }
      ]
    },
    {
      "arm": "2",
      "label": "MK-0941",
      "type": "Experimental",
      "controlArm": true,
      "baselines": [
        {
          "title": "Number of Participants",
          "unit": "participants",
          "param": "Number",
          "value": 34.0
        },
        {
          "title": "Age",
          "unit": "years",
          "param": "Mean",
          "dispersion": "Standard Deviation",
          "value": 54.1,
          "spread": 10.2
        },
        {
          "title": "Gender",
          "subTitle": "Female",
          "unit": "participants",
          "param": "Number",
          "value": 16.0
        },
        {
          "title": "Gender",
          "subTitle": "Male",
          "unit": "participants",
          "param": "Number",
          "value": 18.0
        }
      ],
      "drugs": [
        {
          "name": "MK-0941"
        },
        {
          "name": "Insulin"
        }
      ],
      "participants": [
        {
          "period": "Overall Study",
          "started": 34,
          "completed": 27,
          "notCompleted": 7,
          "incompleteDetails": [
            {
              "reason": "Adverse Event",
              "count": 1
            },
            {
              "reason": "Creatinine/Creatinine Clearance",
              "count": 2
            },
            {
              "reason": "Hyperglycemia",
              "count": 1
            },
            {
              "reason": "Lack of Efficacy",
              "count": 1
            },
            {
              "reason": "Lost to Follow-up",
              "count": 1
            },
            {
              "reason": "Withdrawal by Subject",
              "count": 1
            }
          ]
        }
      ],
      "endpoints": [
        {
          "type": "Primary",
          "title": "Change From Baseline in Hemoglobin A1c (HbA1c) Level",
          "timeFrame": "Baseline (Day 1) and End of Treatment (Week 20)",
          "participants": 34,
          "measurements": [
            {
              "unit": "% HbA1c",
              "param": "Least Squares Mean",
              "dispersion": "95% Confidence Interval",
              "value": -0.26,
              "lowerLimit": -0.76,
              "upperLimit": 0.23
            }
          ]
        },
        {
          "type": "Primary",
          "title": "Number of Participants Who Experienced One or More Episodes of Hypoglycemia (Symptomatic or Asymptomatic)",
          "timeFrame": "From first dose of study drug (Week 0) to last dose of study drug (Week 20)",
          "participants": 34,
          "measurements": [
            {
              "unit": "participants",
              "param": "Number",
              "value": 8.0
            }
          ]
        }
      ]
    }
  ],
  "analysis": [
    {
      "title": "Change From Baseline in Hemoglobin A1c (HbA1c) Level",
      "groups": "Placebo vs. MK-0941",
      "values": {
        "p_value": "0.745",
        "method": "Longitudinal Data Analysis (LDA) model",
        "param_type": "Mean Difference (Net)",
        "param_value": "-0.11",
        "ci_percent": "95",
        "ci_n_sides": "2-Sided",
        "ci_lower_limit": "-0.81",
        "ci_upper_limit": "0.58"
      }
    },
    {
      "title": "Number of Participants Who Experienced One or More Episodes of Hypoglycemia (Symptomatic or Asymptomatic)",
      "groups": "Placebo vs. MK-0941",
      "values": {
        "groups_desc": "Between-treatment difference (MK-0941 group minus Placebo group) in the percentage of participants who experienced one or more episodes of hypoglycemia.",
        "p_value": "0.537",
        "method": "Miettinen & Nurminen method",
        "param_type": "Proportions",
        "param_value": "5.9",
        "ci_percent": "95",
        "ci_n_sides": "2-Sided",
        "ci_lower_limit": "-13.7",
        "ci_upper_limit": "25.4"
      }
    }
  ]
}