{
  "source": {
    "sourceNumber": "NCT00634842",
    "authors": [
      "Novo Nordisk A/S"
    ],
    "publicationYear": "2012",
    "title": "Effect of Two Different Fasting Blood Glucose Titration Targets in Glucose Control in Patients With Type 2 Diabetes Using Insulin Detemir Once Daily in Combination With 1-3 Oral Agents",
    "journal": "clintrials.gov",
    "publicationType": "clintrials",
    "firstAuthor": "Novo Nordisk A/S",
    "references": [
      "Effect of Two Different Fasting Blood Glucose Titration Targets in Glucose Control in Patients With Type 2 Diabetes Using Insulin Detemir Once Daily in Combination With 1-3 Oral Agents. clintrials.gov"
    ]
  },
  "trial": {
    "trial": "NN304-3502",
    "authorTrial": "Novo Nordisk A/S 2012 (NN304-3502)",
    "registryName": "NCT00634842",
    "location": [
      "Puerto Rico",
      "United States"
    ],
    "sponsor": "Novo Nordisk A/S",
    "trialYear": "2008",
    "trialDesign": "Randomized,Parallel Assignment",
    "trialBlinding": "Open Label",
    "primaryDrug": "insulin detemir",
    "trialDuration": "20 Weeks"
  },
  "arms": [
    {
      "arm": "1",
      "label": "FPG 70-90 mg/dL",
      "type": "Experimental",
      "controlArm": false,
      "baselines": [
        {
          "title": "Number of Participants",
          "unit": "participants",
          "param": "Number",
          "value": 122.0
        },
        {
          "title": "Age",
          "unit": "years",
          "param": "Mean",
          "dispersion": "Standard Deviation",
          "value": 56.6,
          "spread": 9.4
        },
        {
          "title": "Gender",
          "subTitle": "Female",
          "unit": "participants",
          "param": "Number",
          "value": 54.0
        },
        {
          "title": "Gender",
          "subTitle": "Male",
          "unit": "participants",
          "param": "Number",
          "value": 68.0
        },
        {
          "title": "Fasting plasma glucose (FPG)",
          "unit": "mg/dL",
          "param": "Mean",
          "dispersion": "Standard Deviation",
          "value": 164.0,
          "spread": 43.1
        },
        {
          "title": "Glycosylated haemoglobin (HbA1c)",
          "unit": "percentage",
          "param": "Mean",
          "dispersion": "Standard Deviation",
          "value": 8.0,
          "spread": 0.6
        }
      ],
      "drugs": [
        {
          "name": "insulin detemir"
        }
      ],
      "participants": [
        {
          "period": "Overall Study",
          "started": 122,
          "completed": 107,
          "notCompleted": 15,
          "incompleteDetails": [
            {
              "reason": "Adverse Event",
              "count": 2
            },
            {
              "reason": "Protocol Violation",
              "count": 8
            },
            {
              "reason": "Move to another state",
              "count": 1
            },
            {
              "reason": "Inclusion criteria were not met",
              "count": 1
            },
            {
              "reason": "Lost to Follow-up",
              "count": 1
            },
            {
              "reason": "Physician Decision",
              "count": 1
            },
            {
              "reason": "Withdrawal by Subject",
              "count": 1
            },
            {
              "reason": "Lack of time and intolerance to drug",
              "count": 0
            },
            {
              "reason": "Discontinued due to injection",
              "count": 0
            },
            {
              "reason": "No need of study drug to treat diabetes",
              "count": 0
            },
            {
              "reason": "No wish to keep taking Avandia",
              "count": 0
            },
            {
              "reason": "Subject off study drug for too long",
              "count": 0
            }
          ]
        }
      ],
      "endpoints": [
        {
          "type": "Primary",
          "title": "Percentage of Participants Achieving Glycosylated Haemoglobin A1c (HbA1c) Less Than 7%",
          "timeFrame": "week 20",
          "participants": 112,
          "measurements": [
            {
              "unit": "percentage of participants",
              "param": "Number",
              "value": 64.3
            }
          ]
        },
        {
          "type": "Secondary",
          "title": "Percentage of Participants Achieving Glycosylated Haemoglobin A1c (HbA1c) Less Than or Equal to 6.5%",
          "timeFrame": "week 20",
          "participants": 112,
          "measurements": [
            {
              "unit": "percentage of participants",
              "param": "Number",
              "value": 41.1
            }
          ]
        },
        {
          "type": "Secondary",
          "title": "Change in Glycosylated Haemoglobin A1c (HbA1c) Percentage From Baseline",
          "timeFrame": "week -2, week 20",
          "participants": 111,
          "measurements": [
            {
              "unit": "percentage point change",
              "param": "Least Squares Mean",
              "dispersion": "Standard Error",
              "value": -1.229,
              "spread": 0.061
            }
          ]
        },
        {
          "type": "Secondary",
          "title": "Incidence of Hypoglycaemic Episodes (All, Major, Minor and Symptoms Only)",
          "timeFrame": "weeks 0-20",
          "participants": 121,
          "measurements": [
            {
              "subTitle": "All",
              "unit": "number of events",
              "param": "Number",
              "value": 333.0
            },
            {
              "subTitle": "Major",
              "unit": "number of events",
              "param": "Number",
              "value": 1.0
            },
            {
              "subTitle": "Minor",
              "unit": "number of events",
              "param": "Number",
              "value": 225.0
            },
            {
              "subTitle": "Symptoms only",
              "unit": "number of events",
              "param": "Number",
              "value": 107.0
            }
          ]
        }
      ]
    },
    {
      "arm": "2",
      "label": "FPG 80-110 mg/dL",
      "type": "Experimental",
      "controlArm": false,
      "baselines": [
        {
          "title": "Number of Participants",
          "unit": "participants",
          "param": "Number",
          "value": 122.0
        },
        {
          "title": "Age",
          "unit": "years",
          "param": "Mean",
          "dispersion": "Standard Deviation",
          "value": 57.2,
          "spread": 10.6
        },
        {
          "title": "Gender",
          "subTitle": "Female",
          "unit": "participants",
          "param": "Number",
          "value": 44.0
        },
        {
          "title": "Gender",
          "subTitle": "Male",
          "unit": "participants",
          "param": "Number",
          "value": 78.0
        },
        {
          "title": "Fasting plasma glucose (FPG)",
          "unit": "mg/dL",
          "param": "Mean",
          "dispersion": "Standard Deviation",
          "value": 163.1,
          "spread": 40.4
        },
        {
          "title": "Glycosylated haemoglobin (HbA1c)",
          "unit": "percentage",
          "param": "Mean",
          "dispersion": "Standard Deviation",
          "value": 7.9,
          "spread": 0.6
        }
      ],
      "drugs": [
        {
          "name": "insulin detemir"
        }
      ],
      "participants": [
        {
          "period": "Overall Study",
          "started": 122,
          "completed": 104,
          "notCompleted": 18,
          "incompleteDetails": [
            {
              "reason": "Adverse Event",
              "count": 3
            },
            {
              "reason": "Protocol Violation",
              "count": 4
            },
            {
              "reason": "Move to another state",
              "count": 0
            },
            {
              "reason": "Inclusion criteria were not met",
              "count": 0
            },
            {
              "reason": "Lost to Follow-up",
              "count": 2
            },
            {
              "reason": "Physician Decision",
              "count": 0
            },
            {
              "reason": "Withdrawal by Subject",
              "count": 3
            },
            {
              "reason": "Lack of time and intolerance to drug",
              "count": 1
            },
            {
              "reason": "Discontinued due to injection",
              "count": 2
            },
            {
              "reason": "No need of study drug to treat diabetes",
              "count": 1
            },
            {
              "reason": "No wish to keep taking Avandia",
              "count": 1
            },
            {
              "reason": "Subject off study drug for too long",
              "count": 1
            }
          ]
        }
      ],
      "endpoints": [
        {
          "type": "Primary",
          "title": "Percentage of Participants Achieving Glycosylated Haemoglobin A1c (HbA1c) Less Than 7%",
          "timeFrame": "week 20",
          "participants": 112,
          "measurements": [
            {
              "unit": "percentage of participants",
              "param": "Number",
              "value": 54.5
            }
          ]
        },
        {
          "type": "Secondary",
          "title": "Percentage of Participants Achieving Glycosylated Haemoglobin A1c (HbA1c) Less Than or Equal to 6.5%",
          "timeFrame": "week 20",
          "participants": 112,
          "measurements": [
            {
              "unit": "percentage of participants",
              "param": "Number",
              "value": 26.8
            }
          ]
        },
        {
          "type": "Secondary",
          "title": "Change in Glycosylated Haemoglobin A1c (HbA1c) Percentage From Baseline",
          "timeFrame": "week -2, week 20",
          "participants": 112,
          "measurements": [
            {
              "unit": "percentage point change",
              "param": "Least Squares Mean",
              "dispersion": "Standard Error",
              "value": -0.958,
              "spread": 0.061
            }
          ]
        },
        {
          "type": "Secondary",
          "title": "Incidence of Hypoglycaemic Episodes (All, Major, Minor and Symptoms Only)",
          "timeFrame": "weeks 0-20",
          "participants": 122,
          "measurements": [
            {
              "subTitle": "All",
              "unit": "number of events",
              "param": "Number",
              "value": 227.0
            },
            {
              "subTitle": "Major",
              "unit": "number of events",
              "param": "Number",
              "value": 0.0
            },
            {
              "subTitle": "Minor",
              "unit": "number of events",
              "param": "Number",
              "value": 136.0
            },
            {
              "subTitle": "Symptoms only",
              "unit": "number of events",
              "param": "Number",
              "value": 91.0
            }
          ]
        }
      ]
    }
  ],
  "analysis": [
    {
      "title": "Percentage of Participants Achieving Glycosylated Haemoglobin A1c (HbA1c) Less Than 7%",
      "groups": "FPG 70-90 mg/dL vs. FPG 80-110 mg/dL",
      "values": {
        "groups_desc": "To show non-inferiority for the primary endpoint, 100 subjects per group provides 80% power to show that the 95% CI for the difference of proportions between treatments is within the 20% margin under the assumption of equality of proportions. It is also sufficient to show superiority under the assumption that the first proportion is greater than the second by at least 20%. With a predicted withdrawal rate of 15%, 236 subjects were needed based on a treatment ratio of 1:1 for the two treatments.",
        "non_inferiority_desc": "The primary hypothesis was that there would be no difference in efficacy as measured by the proportion of subjects reaching HbA1c level < 7% between the two FPG titration arms (70-90 mg/dL and 80-110 mg/dL, respectively) with a non-inferiority margin of 20%. If non-inferiority of the 70-90mg/dL arm was established, superiority was to be tested using a Logistic regression model with baseline HbA1c as a covariate. Superiority was to be concluded if the odds ratio was significantly greater than 1.",
        "p_value": "0.0411",
        "method": "Test for Difference in Proportions",
        "param_type": "Odds Ratio (OR)",
        "param_value": "1.86",
        "ci_percent": "95",
        "ci_lower_limit": "1.03",
        "ci_upper_limit": "3.37"
      }
    },
    {
      "title": "Percentage of Participants Achieving Glycosylated Haemoglobin A1c (HbA1c) Less Than or Equal to 6.5%",
      "groups": "FPG 70-90 mg/dL vs. FPG 80-110 mg/dL",
      "values": {
        "non_inferiority_desc": "The hypothesis was that there would be no difference in efficacy as measured by the proportion of subjects reaching HbA1c level <= 6.5% between the two FPG titration arms (70-90 mg/dL and 80-110 mg/dL, respectively) with a non-inferiority margin of 20%. If non-inferiority of the 70-90mg/dL arm was established, superiority was to be tested using a Logistic regression model with baseline HbA1c as a covariate. Superiority was to be concluded if the odds ratio was significantly greater than 1.",
        "p_value": "0.0064",
        "method": "Regression, Logistic",
        "param_type": "Odds Ratio (OR)",
        "param_value": "2.34",
        "ci_percent": "95",
        "ci_lower_limit": "1.27",
        "ci_upper_limit": "4.30"
      }
    },
    {
      "title": "Change in Glycosylated Haemoglobin A1c (HbA1c) Percentage From Baseline",
      "groups": "FPG 70-90 mg/dL vs. FPG 80-110 mg/dL",
      "values": {
        "p_value": "0.0019",
        "method": "ANCOVA",
        "method_desc": "The analyses for HbA1c were adjusted for baseline HbA1c values.",
        "param_type": "LSMean",
        "param_value": "-0.271",
        "ci_percent": "95",
        "ci_lower_limit": "-0.441",
        "ci_upper_limit": "-0.101"
      }
    }
  ]
}