{
  "source": {
    "sourceNumber": "NCT00622284",
    "authors": [
      "Boehringer Ingelheim"
    ],
    "publicationYear": "2013",
    "title": "A Randomised Double-blind, Active-controlled Parallel Group Efficacy and Safety Study of BI 1356 ( 5.0 mg, Administered Orally Once Daily) Compared to Glimepiride Over Two Years in Type 2 Diabetic Patients With Insufficient Glycaemic Control Despite Metformin Therapy",
    "journal": "clintrials.gov",
    "publicationType": "clintrials",
    "firstAuthor": "Boehringer Ingelheim",
    "references": [
      "A Randomised Double-blind, Active-controlled Parallel Group Efficacy and Safety Study of BI 1356 ( 5.0 mg, Administered Orally Once Daily) Compared to Glimepiride Over Two Years in Type 2 Diabetic Patients With Insufficient Glycaemic Control Despite Metformin Therapy. clintrials.gov"
    ]
  },
  "trial": {
    "trial": "1218.20",
    "authorTrial": "Boehringer Ingelheim 2013 (1218.20)",
    "registryName": "NCT00622284",
    "location": [
      "Bulgaria",
      "Denmark",
      "France",
      "Germany",
      "Hong Kong",
      "Hungary",
      "India",
      "Ireland",
      "Italy",
      "Netherlands",
      "Norway",
      "Poland",
      "South Africa",
      "Sweden",
      "United Kingdom",
      "United States"
    ],
    "sponsor": "Boehringer Ingelheim",
    "trialYear": "2008",
    "trialDesign": "Randomized,Parallel Assignment",
    "trialBlinding": "Double-Blind",
    "primaryDrug": "BI 1356, Placebo identical to Glimepiride 1mg or 2mg or 3mg or 4 mg",
    "trialDuration": "104 Weeks"
  },
  "arms": [
    {
      "arm": "1",
      "label": "BI 1356 5mg, once daily",
      "type": "Experimental",
      "controlArm": false,
      "baselines": [
        {
          "title": "Number of Participants",
          "unit": "participants",
          "param": "Number",
          "value": 776.0
        },
        {
          "title": "Age",
          "unit": "Years",
          "param": "Mean",
          "dispersion": "Standard Deviation",
          "value": 59.8,
          "spread": 9.4
        },
        {
          "title": "Gender",
          "subTitle": "Female",
          "unit": "Patients",
          "param": "Number",
          "value": 314.0
        },
        {
          "title": "Gender",
          "subTitle": "Male",
          "unit": "Patients",
          "param": "Number",
          "value": 462.0
        },
        {
          "title": "Body mass index (BMI) continuous",
          "unit": "kg/m^2",
          "param": "Mean",
          "dispersion": "Standard Deviation",
          "value": 30.21,
          "spread": 4.77
        },
        {
          "title": "Weight",
          "unit": "kg",
          "param": "Mean",
          "dispersion": "Standard Deviation",
          "value": 86.14,
          "spread": 17.57
        },
        {
          "title": "Glycosylated haemoglobin (HbA1c)",
          "unit": "Percent",
          "param": "Mean",
          "dispersion": "Standard Deviation",
          "value": 7.69,
          "spread": 0.88
        },
        {
          "title": "Fasting blood plasma glucose (FPG)",
          "unit": "mg/dL",
          "param": "Mean",
          "dispersion": "Standard Deviation",
          "value": 164.46,
          "spread": 42.83
        }
      ],
      "drugs": [
        {
          "name": "Placebo identical to Glimepiride 1mg or 2mg or 3mg or 4 mg"
        },
        {
          "name": "BI 1356"
        }
      ],
      "participants": [
        {
          "period": "Overall Study",
          "started": 776,
          "completed": 587,
          "notCompleted": 189,
          "incompleteDetails": [
            {
              "reason": "Lack of Efficacy",
              "count": 45
            },
            {
              "reason": "Adverse Event",
              "count": 61
            },
            {
              "reason": "Protocol Violation",
              "count": 12
            },
            {
              "reason": "Lost to Follow-up",
              "count": 11
            },
            {
              "reason": "Withdrawal by Subject",
              "count": 27
            },
            {
              "reason": "Other reason (not specified)",
              "count": 33
            }
          ]
        }
      ],
      "endpoints": [
        {
          "type": "Primary",
          "title": "HbA1c Change From Baseline at Week 52",
          "timeFrame": "Baseline and week 52",
          "participants": 764,
          "measurements": [
            {
              "unit": "Percent",
              "param": "Mean",
              "dispersion": "Standard Error",
              "value": -0.36,
              "spread": 0.03
            }
          ]
        },
        {
          "type": "Primary",
          "title": "HbA1c Change From Baseline at Week 104",
          "timeFrame": "Baseline and week 104",
          "participants": 764,
          "measurements": [
            {
              "unit": "Percent",
              "param": "Mean",
              "dispersion": "Standard Error",
              "value": -0.16,
              "spread": 0.03
            }
          ]
        },
        {
          "type": "Secondary",
          "title": "Body Weight Change From Baseline at Week 52",
          "timeFrame": "Baseline and week 52",
          "participants": 733,
          "measurements": [
            {
              "unit": "kg",
              "param": "Mean",
              "dispersion": "Standard Error",
              "value": -1.12,
              "spread": 0.13
            }
          ]
        },
        {
          "type": "Secondary",
          "title": "Body Weight Change From Baseline at Week 104",
          "timeFrame": "Baseline and week 104",
          "participants": 733,
          "measurements": [
            {
              "unit": "kg",
              "param": "Mean",
              "dispersion": "Standard Error",
              "value": -1.39,
              "spread": 0.16
            }
          ]
        },
        {
          "type": "Secondary",
          "title": "Incidence of Hypoglycaemic Events up to 52 Weeks",
          "timeFrame": "Week 52",
          "participants": 776,
          "measurements": [
            {
              "unit": "Patients",
              "param": "Number",
              "value": 41.0
            }
          ]
        },
        {
          "type": "Secondary",
          "title": "Incidence of Hypoglycaemic Events up to 104 Weeks",
          "timeFrame": "Week 104",
          "participants": 776,
          "measurements": [
            {
              "unit": "Patients",
              "param": "Number",
              "value": 58.0
            }
          ]
        },
        {
          "type": "Secondary",
          "title": "Fasting Plasma Glucose (FPG) Change From Baseline at Week 52",
          "timeFrame": "Baseline and week 52",
          "participants": 733,
          "measurements": [
            {
              "unit": "mg/dL",
              "param": "Mean",
              "dispersion": "Standard Error",
              "value": -8.4,
              "spread": 1.25
            }
          ]
        },
        {
          "type": "Secondary",
          "title": "Fasting Plasma Glucose (FPG) Change From Baseline at Week 104",
          "timeFrame": "Baseline and week 104",
          "participants": 733,
          "measurements": [
            {
              "unit": "mg/dL",
              "param": "Mean",
              "dispersion": "Standard Error",
              "value": -2.34,
              "spread": 1.46
            }
          ]
        },
        {
          "type": "Secondary",
          "title": "Percentage of Patients With HbA1c <7.0% at Week 52",
          "timeFrame": "Week 52",
          "participants": 592,
          "measurements": [
            {
              "unit": "Percentage of patients",
              "param": "Number",
              "value": 29.6
            }
          ]
        },
        {
          "type": "Secondary",
          "title": "Percentage of Patients With HbA1c <7.0% at Week 104",
          "timeFrame": "Week 104",
          "participants": 591,
          "measurements": [
            {
              "unit": "Percentage of patients",
              "param": "Number",
              "value": 21.0
            }
          ]
        },
        {
          "type": "Secondary",
          "title": "Percentage of Patients With HbA1c <6.5% at Week 52",
          "timeFrame": "Week 52",
          "participants": 738,
          "measurements": [
            {
              "unit": "Percentage of patients",
              "param": "Number",
              "value": 16.9
            }
          ]
        },
        {
          "type": "Secondary",
          "title": "Percentage of Patients With HbA1c <6.5% at Week 104",
          "timeFrame": "Week 104",
          "participants": 736,
          "measurements": [
            {
              "unit": "Percentage of patients",
              "param": "Number",
              "value": 10.9
            }
          ]
        },
        {
          "type": "Secondary",
          "title": "Percentage of Patients With HbA1c Lowering by 0.5% at Week 104",
          "timeFrame": "Week 104",
          "participants": 764,
          "measurements": [
            {
              "unit": "Percentage of patients",
              "param": "Number",
              "value": 26.2
            }
          ]
        },
        {
          "type": "Secondary",
          "title": "2 hr Postprandial Glucose (PPG) Change From Baseline at Week 104",
          "timeFrame": "Baseline and week 104",
          "participants": 212,
          "measurements": [
            {
              "unit": "mg/dL",
              "param": "Mean",
              "dispersion": "Standard Error",
              "value": -28.47,
              "spread": 4.32
            }
          ]
        },
        {
          "type": "Secondary",
          "title": "HbA1c Change at Week 4",
          "timeFrame": "Baseline and week 4",
          "participants": 764,
          "measurements": [
            {
              "unit": "Percent",
              "param": "Mean",
              "dispersion": "Standard Deviation",
              "value": -0.26,
              "spread": 0.41
            }
          ]
        },
        {
          "type": "Secondary",
          "title": "HbA1c Change at Week 8",
          "timeFrame": "Baseline and week 8",
          "participants": 764,
          "measurements": [
            {
              "unit": "Percent",
              "param": "Mean",
              "dispersion": "Standard Deviation",
              "value": -0.37,
              "spread": 0.59
            }
          ]
        },
        {
          "type": "Secondary",
          "title": "HbA1c Change at Week 12",
          "timeFrame": "Baseline and week 12",
          "participants": 764,
          "measurements": [
            {
              "unit": "Percent",
              "param": "Mean",
              "dispersion": "Standard Deviation",
              "value": -0.43,
              "spread": 0.64
            }
          ]
        },
        {
          "type": "Secondary",
          "title": "HbA1c Change at Week 16",
          "timeFrame": "Baseline and week 16",
          "participants": 764,
          "measurements": [
            {
              "unit": "Percent",
              "param": "Mean",
              "dispersion": "Standard Deviation",
              "value": -0.45,
              "spread": 0.66
            }
          ]
        },
        {
          "type": "Secondary",
          "title": "HbA1c Change at Week 28",
          "timeFrame": "Baseline and week 28",
          "participants": 764,
          "measurements": [
            {
              "unit": "Percent",
              "param": "Mean",
              "dispersion": "Standard Deviation",
              "value": -0.43,
              "spread": 0.73
            }
          ]
        },
        {
          "type": "Secondary",
          "title": "HbA1c Change at Week 40",
          "timeFrame": "Baseline and week 40",
          "participants": 764,
          "measurements": [
            {
              "unit": "Percent",
              "param": "Mean",
              "dispersion": "Standard Deviation",
              "value": -0.42,
              "spread": 0.77
            }
          ]
        },
        {
          "type": "Secondary",
          "title": "HbA1c Change at Week 52",
          "timeFrame": "Baseline and week 52",
          "participants": 764,
          "measurements": [
            {
              "unit": "Percent",
              "param": "Mean",
              "dispersion": "Standard Deviation",
              "value": -0.41,
              "spread": 0.82
            }
          ]
        },
        {
          "type": "Secondary",
          "title": "HbA1c Change at Week 65",
          "timeFrame": "Baseline and week 65",
          "participants": 764,
          "measurements": [
            {
              "unit": "Percent",
              "param": "Mean",
              "dispersion": "Standard Deviation",
              "value": -0.32,
              "spread": 0.91
            }
          ]
        },
        {
          "type": "Secondary",
          "title": "HbA1c Change at Week 78",
          "timeFrame": "Baseline and week 78",
          "participants": 764,
          "measurements": [
            {
              "unit": "Percent",
              "param": "Mean",
              "dispersion": "Standard Deviation",
              "value": -0.22,
              "spread": 0.92
            }
          ]
        },
        {
          "type": "Secondary",
          "title": "HbA1c Change at Week 91",
          "timeFrame": "Baseline and week 91",
          "participants": 764,
          "measurements": [
            {
              "unit": "Percent",
              "param": "Mean",
              "dispersion": "Standard Deviation",
              "value": -0.21,
              "spread": 0.94
            }
          ]
        },
        {
          "type": "Secondary",
          "title": "HbA1c Change at Week 104",
          "timeFrame": "Baseline and week 104",
          "participants": 764,
          "measurements": [
            {
              "unit": "Percent",
              "param": "Mean",
              "dispersion": "Standard Deviation",
              "value": -0.21,
              "spread": 0.95
            }
          ]
        },
        {
          "type": "Secondary",
          "title": "Change in Baseline Lipid Parameter Cholesterol at Week 104",
          "timeFrame": "Baseline and week 104",
          "participants": 741,
          "measurements": [
            {
              "unit": "mg/dL",
              "param": "Mean",
              "dispersion": "Standard Deviation",
              "value": 0.0,
              "spread": 14.0
            }
          ]
        },
        {
          "type": "Secondary",
          "title": "Change in Baseline Lipid Parameter HDL at Week 104",
          "timeFrame": "Baseline and week 104",
          "participants": 740,
          "measurements": [
            {
              "unit": "mg/dl",
              "param": "Mean",
              "dispersion": "Standard Deviation",
              "value": 1.0,
              "spread": 9.0
            }
          ]
        },
        {
          "type": "Secondary",
          "title": "Change in Baseline Lipid Parameter Low Density Lipoprotein (LDL) at Week 104",
          "timeFrame": "Baseline and week 104",
          "participants": 734,
          "measurements": [
            {
              "unit": "mg/dL",
              "param": "Mean",
              "dispersion": "Standard Deviation",
              "value": 1.0,
              "spread": 23.0
            }
          ]
        },
        {
          "type": "Secondary",
          "title": "Change in Baseline Lipid Parameter Triglyceride at Week 104",
          "timeFrame": "Baseline and week 104",
          "participants": 740,
          "measurements": [
            {
              "unit": "mg/dL",
              "param": "Mean",
              "dispersion": "Standard Deviation",
              "value": -11.0,
              "spread": 153.0
            }
          ]
        }
      ]
    },
    {
      "arm": "2",
      "label": "Glimepiride",
      "type": "Active Comparator",
      "controlArm": true,
      "baselines": [
        {
          "title": "Number of Participants",
          "unit": "participants",
          "param": "Number",
          "value": 775.0
        },
        {
          "title": "Age",
          "unit": "Years",
          "param": "Mean",
          "dispersion": "Standard Deviation",
          "value": 59.8,
          "spread": 9.4
        },
        {
          "title": "Gender",
          "subTitle": "Female",
          "unit": "Patients",
          "param": "Number",
          "value": 304.0
        },
        {
          "title": "Gender",
          "subTitle": "Male",
          "unit": "Patients",
          "param": "Number",
          "value": 471.0
        },
        {
          "title": "Body mass index (BMI) continuous",
          "unit": "kg/m^2",
          "param": "Mean",
          "dispersion": "Standard Deviation",
          "value": 30.31,
          "spread": 4.57
        },
        {
          "title": "Weight",
          "unit": "kg",
          "param": "Mean",
          "dispersion": "Standard Deviation",
          "value": 86.77,
          "spread": 16.69
        },
        {
          "title": "Glycosylated haemoglobin (HbA1c)",
          "unit": "Percent",
          "param": "Mean",
          "dispersion": "Standard Deviation",
          "value": 7.69,
          "spread": 0.86
        },
        {
          "title": "Fasting blood plasma glucose (FPG)",
          "unit": "mg/dL",
          "param": "Mean",
          "dispersion": "Standard Deviation",
          "value": 166.09,
          "spread": 42.05
        }
      ],
      "drugs": [
        {
          "name": "Placebo identical to BI 1356 5mg"
        },
        {
          "name": "Glimepiride"
        }
      ],
      "participants": [
        {
          "period": "Overall Study",
          "started": 775,
          "completed": 604,
          "notCompleted": 171,
          "incompleteDetails": [
            {
              "reason": "Lack of Efficacy",
              "count": 15
            },
            {
              "reason": "Adverse Event",
              "count": 90
            },
            {
              "reason": "Protocol Violation",
              "count": 5
            },
            {
              "reason": "Lost to Follow-up",
              "count": 13
            },
            {
              "reason": "Withdrawal by Subject",
              "count": 24
            },
            {
              "reason": "Other reason (not specified)",
              "count": 24
            }
          ]
        }
      ],
      "endpoints": [
        {
          "type": "Primary",
          "title": "HbA1c Change From Baseline at Week 52",
          "timeFrame": "Baseline and week 52",
          "participants": 755,
          "measurements": [
            {
              "unit": "Percent",
              "param": "Mean",
              "dispersion": "Standard Error",
              "value": -0.57,
              "spread": 0.03
            }
          ]
        },
        {
          "type": "Primary",
          "title": "HbA1c Change From Baseline at Week 104",
          "timeFrame": "Baseline and week 104",
          "participants": 755,
          "measurements": [
            {
              "unit": "Percent",
              "param": "Mean",
              "dispersion": "Standard Error",
              "value": -0.36,
              "spread": 0.03
            }
          ]
        },
        {
          "type": "Secondary",
          "title": "Body Weight Change From Baseline at Week 52",
          "timeFrame": "Baseline and week 52",
          "participants": 722,
          "measurements": [
            {
              "unit": "kg",
              "param": "Mean",
              "dispersion": "Standard Error",
              "value": 1.38,
              "spread": 0.14
            }
          ]
        },
        {
          "type": "Secondary",
          "title": "Body Weight Change From Baseline at Week 104",
          "timeFrame": "Baseline and week 104",
          "participants": 722,
          "measurements": [
            {
              "unit": "kg",
              "param": "Mean",
              "dispersion": "Standard Error",
              "value": 1.29,
              "spread": 0.16
            }
          ]
        },
        {
          "type": "Secondary",
          "title": "Incidence of Hypoglycaemic Events up to 52 Weeks",
          "timeFrame": "Week 52",
          "participants": 775,
          "measurements": [
            {
              "unit": "Patients",
              "param": "Number",
              "value": 249.0
            }
          ]
        },
        {
          "type": "Secondary",
          "title": "Incidence of Hypoglycaemic Events up to 104 Weeks",
          "timeFrame": "Week 104",
          "participants": 775,
          "measurements": [
            {
              "unit": "Patients",
              "param": "Number",
              "value": 280.0
            }
          ]
        },
        {
          "type": "Secondary",
          "title": "Fasting Plasma Glucose (FPG) Change From Baseline at Week 52",
          "timeFrame": "Baseline and week 52",
          "participants": 725,
          "measurements": [
            {
              "unit": "mg/dL",
              "param": "Mean",
              "dispersion": "Standard Error",
              "value": -15.24,
              "spread": 1.26
            }
          ]
        },
        {
          "type": "Secondary",
          "title": "Fasting Plasma Glucose (FPG) Change From Baseline at Week 104",
          "timeFrame": "Baseline and week 104",
          "participants": 725,
          "measurements": [
            {
              "unit": "mg/dL",
              "param": "Mean",
              "dispersion": "Standard Error",
              "value": -8.72,
              "spread": 1.47
            }
          ]
        },
        {
          "type": "Secondary",
          "title": "Percentage of Patients With HbA1c <7.0% at Week 52",
          "timeFrame": "Week 52",
          "participants": 599,
          "measurements": [
            {
              "unit": "Percentage of patients",
              "param": "Number",
              "value": 38.9
            }
          ]
        },
        {
          "type": "Secondary",
          "title": "Percentage of Patients With HbA1c <7.0% at Week 104",
          "timeFrame": "Week 104",
          "participants": 593,
          "measurements": [
            {
              "unit": "Percentage of patients",
              "param": "Number",
              "value": 28.3
            }
          ]
        },
        {
          "type": "Secondary",
          "title": "Percentage of Patients With HbA1c <6.5% at Week 52",
          "timeFrame": "Week 52",
          "participants": 740,
          "measurements": [
            {
              "unit": "Percentage of patients",
              "param": "Number",
              "value": 22.7
            }
          ]
        },
        {
          "type": "Secondary",
          "title": "Percentage of Patients With HbA1c <6.5% at Week 104",
          "timeFrame": "Week 104",
          "participants": 734,
          "measurements": [
            {
              "unit": "Percentage of patients",
              "param": "Number",
              "value": 14.7
            }
          ]
        },
        {
          "type": "Secondary",
          "title": "Percentage of Patients With HbA1c Lowering by 0.5% at Week 104",
          "timeFrame": "Week 104",
          "participants": 755,
          "measurements": [
            {
              "unit": "Percentage of patients",
              "param": "Number",
              "value": 33.5
            }
          ]
        },
        {
          "type": "Secondary",
          "title": "2 hr Postprandial Glucose (PPG) Change From Baseline at Week 104",
          "timeFrame": "Baseline and week 104",
          "participants": 222,
          "measurements": [
            {
              "unit": "mg/dL",
              "param": "Mean",
              "dispersion": "Standard Error",
              "value": -18.72,
              "spread": 4.28
            }
          ]
        },
        {
          "type": "Secondary",
          "title": "HbA1c Change at Week 4",
          "timeFrame": "Baseline and week 4",
          "participants": 755,
          "measurements": [
            {
              "unit": "Percent",
              "param": "Mean",
              "dispersion": "Standard Deviation",
              "value": -0.33,
              "spread": 0.46
            }
          ]
        },
        {
          "type": "Secondary",
          "title": "HbA1c Change at Week 8",
          "timeFrame": "Baseline and week 8",
          "participants": 755,
          "measurements": [
            {
              "unit": "Percent",
              "param": "Mean",
              "dispersion": "Standard Deviation",
              "value": -0.58,
              "spread": 0.62
            }
          ]
        },
        {
          "type": "Secondary",
          "title": "HbA1c Change at Week 12",
          "timeFrame": "Baseline and week 12",
          "participants": 755,
          "measurements": [
            {
              "unit": "Percent",
              "param": "Mean",
              "dispersion": "Standard Deviation",
              "value": -0.75,
              "spread": 0.69
            }
          ]
        },
        {
          "type": "Secondary",
          "title": "HbA1c Change at Week 16",
          "timeFrame": "Baseline and week 16",
          "participants": 755,
          "measurements": [
            {
              "unit": "Percent",
              "param": "Mean",
              "dispersion": "Standard Deviation",
              "value": -0.78,
              "spread": 0.73
            }
          ]
        },
        {
          "type": "Secondary",
          "title": "HbA1c Change at Week 28",
          "timeFrame": "Baseline and week 28",
          "participants": 755,
          "measurements": [
            {
              "unit": "Percent",
              "param": "Mean",
              "dispersion": "Standard Deviation",
              "value": -0.74,
              "spread": 0.81
            }
          ]
        },
        {
          "type": "Secondary",
          "title": "HbA1c Change at Week 40",
          "timeFrame": "Baseline and week 40",
          "participants": 755,
          "measurements": [
            {
              "unit": "Percent",
              "param": "Mean",
              "dispersion": "Standard Deviation",
              "value": -0.69,
              "spread": 0.83
            }
          ]
        },
        {
          "type": "Secondary",
          "title": "HbA1c Change at Week 52",
          "timeFrame": "Baseline and week 52",
          "participants": 755,
          "measurements": [
            {
              "unit": "Percent",
              "param": "Mean",
              "dispersion": "Standard Deviation",
              "value": -0.63,
              "spread": 0.85
            }
          ]
        },
        {
          "type": "Secondary",
          "title": "HbA1c Change at Week 65",
          "timeFrame": "Baseline and week 65",
          "participants": 755,
          "measurements": [
            {
              "unit": "Percent",
              "param": "Mean",
              "dispersion": "Standard Deviation",
              "value": -0.53,
              "spread": 0.87
            }
          ]
        },
        {
          "type": "Secondary",
          "title": "HbA1c Change at Week 78",
          "timeFrame": "Baseline and week 78",
          "participants": 755,
          "measurements": [
            {
              "unit": "Percent",
              "param": "Mean",
              "dispersion": "Standard Deviation",
              "value": -0.43,
              "spread": 0.9
            }
          ]
        },
        {
          "type": "Secondary",
          "title": "HbA1c Change at Week 91",
          "timeFrame": "Baseline and week 91",
          "participants": 755,
          "measurements": [
            {
              "unit": "Percent",
              "param": "Mean",
              "dispersion": "Standard Deviation",
              "value": -0.43,
              "spread": 0.9
            }
          ]
        },
        {
          "type": "Secondary",
          "title": "HbA1c Change at Week 104",
          "timeFrame": "Baseline and week 104",
          "participants": 755,
          "measurements": [
            {
              "unit": "Percent",
              "param": "Mean",
              "dispersion": "Standard Deviation",
              "value": -0.41,
              "spread": 0.93
            }
          ]
        },
        {
          "type": "Secondary",
          "title": "Change in Baseline Lipid Parameter Cholesterol at Week 104",
          "timeFrame": "Baseline and week 104",
          "participants": 726,
          "measurements": [
            {
              "unit": "mg/dL",
              "param": "Mean",
              "dispersion": "Standard Deviation",
              "value": 1.0,
              "spread": 14.0
            }
          ]
        },
        {
          "type": "Secondary",
          "title": "Change in Baseline Lipid Parameter HDL at Week 104",
          "timeFrame": "Baseline and week 104",
          "participants": 725,
          "measurements": [
            {
              "unit": "mg/dl",
              "param": "Mean",
              "dispersion": "Standard Deviation",
              "value": 0.0,
              "spread": 9.0
            }
          ]
        },
        {
          "type": "Secondary",
          "title": "Change in Baseline Lipid Parameter Low Density Lipoprotein (LDL) at Week 104",
          "timeFrame": "Baseline and week 104",
          "participants": 720,
          "measurements": [
            {
              "unit": "mg/dL",
              "param": "Mean",
              "dispersion": "Standard Deviation",
              "value": 3.0,
              "spread": 25.0
            }
          ]
        },
        {
          "type": "Secondary",
          "title": "Change in Baseline Lipid Parameter Triglyceride at Week 104",
          "timeFrame": "Baseline and week 104",
          "participants": 725,
          "measurements": [
            {
              "unit": "mg/dL",
              "param": "Mean",
              "dispersion": "Standard Deviation",
              "value": -7.0,
              "spread": 148.0
            }
          ]
        }
      ]
    }
  ],
  "analysis": [
    {
      "title": "HbA1c Change From Baseline at Week 52",
      "groups": "Linagliptin vs. Glimepiride",
      "values": {
        "groups_desc": "Linagliptin versus Glimepiride",
        "non_inferiority_desc": "The null hypothesis of non-inferiority is rejected if the upper bound of the two-sided 97.5% confidence interval is less than 0.35%. Superiority testing was not part of the pre-specified Week 52 confirmatory analysis.",
        "p_value": "0.0005",
        "p_value_desc": "Due to multiple testing of the primary endpoints at weeks 52 and 104 a Bonferroni correction was applied and 97.5% confidence intervals produced. This 1-sided p-value for non-inferiority should be compared to the 1-sided threshold of 0.0125.",
        "method": "ANCOVA",
        "param_type": "Least Squares Mean Difference",
        "param_value": "0.22",
        "dispersion_type": "Standard Error of the Mean",
        "dispersion_value": "0.04",
        "ci_percent": "97.5",
        "ci_lower_limit": "0.13",
        "ci_upper_limit": "0.31"
      }
    },
    {
      "title": "HbA1c Change From Baseline at Week 104",
      "groups": "Linagliptin vs. Glimepiride",
      "values": {
        "groups_desc": "Linagliptin versus Glimepiride",
        "non_inferiority_desc": "The null hypothesis of non-inferiority is rejected if the upper bound of the two-sided 97.5% confidence interval is less than 0.35%. However, superiority testing is only applicable if the Linagliptin decrease is greater than that in Glimepiride.",
        "p_value": "0.0004",
        "p_value_desc": "This 1-sided p-value should be compared to the 1-sided threshold of 0.0125 for non-inferiority. Due to the pre-specified hierarchial approach, further confirmatory analysis on the Week24 endpoints is only applicable if superiority is already met.",
        "method": "ANCOVA",
        "param_type": "Least Squares Mean Difference",
        "param_value": "0.20",
        "dispersion_type": "Standard Error of the Mean",
        "dispersion_value": "0.05",
        "ci_percent": "97.5",
        "ci_lower_limit": "0.09",
        "ci_upper_limit": "0.30"
      }
    },
    {
      "title": "Body Weight Change From Baseline at Week 52",
      "groups": "Linagliptin vs. Glimepiride",
      "values": {
        "groups_desc": "Linagliptin versus Glimepiride",
        "p_value": "<0.0001",
        "p_value_desc": "This Week52 key secondary endpoint was only to be tested (2-sided threshold of 0.025 to allow for multiple testing within a visit) if the Week52 primary hypothesis was rejected.",
        "method": "ANCOVA",
        "param_type": "Least Squares Mean Difference",
        "param_value": "-2.50",
        "dispersion_type": "Standard Error of the Mean",
        "dispersion_value": "0.18",
        "ci_percent": "97.5",
        "ci_lower_limit": "-2.91",
        "ci_upper_limit": "-2.09"
      }
    },
    {
      "title": "Body Weight Change From Baseline at Week 104",
      "groups": "Linagliptin vs. Glimepiride",
      "values": {
        "groups_desc": "Linagliptin versus Glimepiride",
        "p_value": "<0.0001",
        "p_value_desc": "Due to testing of multiple endpoints within a visit a sequential testing strategy (at 2-sided threshold of 0.025) was applied to the key secondary endpoints.",
        "method": "ANCOVA",
        "param_type": "Least Squares Mean Difference",
        "param_value": "-2.68",
        "dispersion_type": "Standard Error of the Mean",
        "dispersion_value": "0.22",
        "ci_percent": "97.5",
        "ci_lower_limit": "-3.17",
        "ci_upper_limit": "-2.19"
      }
    },
    {
      "title": "Incidence of Hypoglycaemic Events up to 52 Weeks",
      "groups": "Linagliptin vs. Glimepiride",
      "values": {
        "groups_desc": "Linagliptin versus Glimepiride",
        "p_value": "<0.0001",
        "p_value_desc": "This key secondary endpoint was only to be tested (comparing to a 2-sided threshold of 0.025) if the Week52 body weight change from baseline was confirmatory.",
        "method": "Cochran-Mantel-Haenszel"
      }
    },
    {
      "title": "Incidence of Hypoglycaemic Events up to 104 Weeks",
      "groups": "Linagliptin vs. Glimepiride",
      "values": {
        "groups_desc": "Linagliptin versus Glimepiride",
        "p_value": "<0.0001",
        "p_value_desc": "Due to testing of multiple endpoints within a visit a sequential testing strategy (at 2-sided threshold of 0.025) was applied to the key secondary endpoints.",
        "method": "Cochran-Mantel-Haenszel"
      }
    },
    {
      "title": "Fasting Plasma Glucose (FPG) Change From Baseline at Week 52",
      "groups": "Linagliptin vs. Glimepiride",
      "values": {
        "groups_desc": "Linagliptin versus Glimepiride",
        "p_value": "<0.0001",
        "method": "ANCOVA",
        "param_type": "Least Squares Mean Difference",
        "param_value": "6.84",
        "dispersion_type": "Standard Error of the Mean",
        "dispersion_value": "1.70",
        "ci_percent": "95",
        "ci_lower_limit": "3.51",
        "ci_upper_limit": "10.16"
      }
    },
    {
      "title": "Fasting Plasma Glucose (FPG) Change From Baseline at Week 104",
      "groups": "Linagliptin vs. Glimepiride",
      "values": {
        "groups_desc": "Linagliptin versus Glimepiride",
        "p_value": "0.0012",
        "method": "ANCOVA",
        "param_type": "Least Squares Mean Difference",
        "param_value": "6.38",
        "dispersion_type": "Standard Error of the Mean",
        "dispersion_value": "1.97",
        "ci_percent": "95",
        "ci_lower_limit": "2.51",
        "ci_upper_limit": "10.25"
      }
    },
    {
      "title": "Percentage of Patients With HbA1c <7.0% at Week 52",
      "groups": "Linagliptin vs. Glimepiride",
      "values": {
        "groups_desc": "Linagliptin versus Glimepiride",
        "p_value": "0.0004",
        "method": "Regression, Logistic",
        "method_desc": "The odds ratio is treatment adjusted for baseline HbA1c and the number of previous anti-diabetic medications.",
        "param_type": "Odds Ratio (OR)",
        "param_value": "0.625",
        "ci_percent": "95",
        "ci_lower_limit": "0.482",
        "ci_upper_limit": "0.811"
      }
    },
    {
      "title": "Percentage of Patients With HbA1c <7.0% at Week 104",
      "groups": "Linagliptin vs. Glimepiride",
      "values": {
        "groups_desc": "Linagliptin versus Glimepiride",
        "p_value": "0.0030",
        "method": "Regression, Logistic",
        "method_desc": "The odds ratio is treatment adjusted for baseline HbA1c and the number of previous anti-diabetic medications.",
        "param_type": "Odds Ratio (OR)",
        "param_value": "0.654",
        "ci_percent": "95",
        "ci_lower_limit": "0.494",
        "ci_upper_limit": "0.866"
      }
    },
    {
      "title": "Percentage of Patients With HbA1c <6.5% at Week 52",
      "groups": "Linagliptin vs. Glimepiride",
      "values": {
        "groups_desc": "Linagliptin versus Glimepiride",
        "p_value": "0.0025",
        "method": "Regression, Logistic",
        "method_desc": "The odds ratio is treatment adjusted for baseline HbA1c and the number of previous anti-diabetic medications.",
        "param_type": "Odds Ratio (OR)",
        "param_value": "0.648",
        "ci_percent": "95",
        "ci_lower_limit": "0.489",
        "ci_upper_limit": "0.859"
      }
    },
    {
      "title": "Percentage of Patients With HbA1c <6.5% at Week 104",
      "groups": "Linagliptin vs. Glimepiride",
      "values": {
        "groups_desc": "Linagliptin versus Glimepiride",
        "p_value": "0.0240",
        "method": "Regression, Logistic",
        "method_desc": "The odds ratio is treatment adjusted for baseline HbA1c and the number of previous anti-diabetic medications.",
        "param_type": "Odds Ratio (OR)",
        "param_value": "0.689",
        "ci_percent": "95",
        "ci_lower_limit": "0.498",
        "ci_upper_limit": "0.952"
      }
    },
    {
      "title": "Percentage of Patients With HbA1c Lowering by 0.5% at Week 104",
      "groups": "Linagliptin vs. Glimepiride",
      "values": {
        "groups_desc": "Linagliptin versus Glimepiride",
        "p_value": "0.0018",
        "method": "Regression, Logistic",
        "method_desc": "The odds ratio is treatment adjusted for baseline HbA1c and the number of previous anti-diabetic medications.",
        "param_type": "Odds Ratio (OR)",
        "param_value": "0.700",
        "ci_percent": "95",
        "ci_lower_limit": "0.560",
        "ci_upper_limit": "0.875"
      }
    },
    {
      "title": "2 hr Postprandial Glucose (PPG) Change From Baseline at Week 104",
      "groups": "Linagliptin vs. Glimepiride",
      "values": {
        "groups_desc": "Linagliptin versus Glimepiride",
        "p_value": "0.0918",
        "method": "ANCOVA",
        "param_type": "Least Squares Mean Difference",
        "param_value": "-9.47",
        "dispersion_type": "Standard Error of the Mean",
        "dispersion_value": "5.77",
        "ci_percent": "95",
        "ci_lower_limit": "-21.07",
        "ci_upper_limit": "1.59"
      }
    }
  ]
}