{
  "source": {
    "sourceNumber": "NCT00360334",
    "authors": [
      "AstraZeneca"
    ],
    "publicationYear": "2015",
    "title": "An Open Label Study Comparing Exenatide With Basal Insulin in Achieving an HbA1c of ≤ 7.4% With Minimum Weight Gain, in Type 2 Diabetes Patients Who Are Not Achieving Adequate HbA1c Control on Oral Anti Diabetic Therapies Alone",
    "journal": "clintrials.gov",
    "publicationType": "clintrials",
    "firstAuthor": "AstraZeneca",
    "references": [
      "An Open Label Study Comparing Exenatide With Basal Insulin in Achieving an HbA1c of ≤ 7.4% With Minimum Weight Gain, in Type 2 Diabetes Patients Who Are Not Achieving Adequate HbA1c Control on Oral Anti Diabetic Therapies Alone. clintrials.gov"
    ]
  },
  "trial": {
    "trial": "H8O-BP-GWBG",
    "authorTrial": "AstraZeneca 2015 (H8O-BP-GWBG)",
    "registryName": "NCT00360334",
    "location": [
      "United Kingdom"
    ],
    "sponsor": "AstraZeneca",
    "trialYear": "2006",
    "trialDesign": "Randomized,Parallel Assignment",
    "trialBlinding": "Open Label",
    "primaryDrug": "exenatide",
    "trialDuration": "26 Weeks"
  },
  "arms": [
    {
      "arm": "1",
      "label": "1",
      "type": "Experimental",
      "controlArm": false,
      "baselines": [
        {
          "title": "Number of Participants",
          "unit": "participants",
          "param": "Number",
          "value": 118.0
        },
        {
          "title": "Age",
          "unit": "years",
          "param": "Mean",
          "dispersion": "Standard Deviation",
          "value": 56.8,
          "spread": 10.2
        },
        {
          "title": "Gender",
          "subTitle": "Female",
          "unit": "participants",
          "param": "Number",
          "value": 35.0
        },
        {
          "title": "Gender",
          "subTitle": "Male",
          "unit": "participants",
          "param": "Number",
          "value": 83.0
        },
        {
          "title": "Region of Enrollment",
          "subTitle": "United Kingdom",
          "unit": "participants",
          "param": "Number",
          "value": 118.0
        },
        {
          "title": "Types of oral antidiabetic medication combinations administered at baseline",
          "subTitle": "metformin and sulfonylurea",
          "unit": "participants",
          "param": "Number",
          "value": 50.0
        },
        {
          "title": "Types of oral antidiabetic medication combinations administered at baseline",
          "subTitle": "metformin and thiazolidinedione",
          "unit": "participants",
          "param": "Number",
          "value": 17.0
        },
        {
          "title": "Types of oral antidiabetic medication combinations administered at baseline",
          "subTitle": "sulfonylurea and thiazolidinedione",
          "unit": "participants",
          "param": "Number",
          "value": 2.0
        },
        {
          "title": "Types of oral antidiabetic medication combinations administered at baseline",
          "subTitle": "metformin, sulfonylurea, and thiazolidinedione",
          "unit": "participants",
          "param": "Number",
          "value": 48.0
        },
        {
          "title": "Types of oral antidiabetic medication combinations administered at baseline",
          "subTitle": "other",
          "unit": "participants",
          "param": "Number",
          "value": 1.0
        },
        {
          "title": "Baseline apolipoprotein-B",
          "unit": "g/L",
          "param": "Mean",
          "dispersion": "Standard Deviation",
          "value": 0.84,
          "spread": 0.24
        },
        {
          "title": "Baseline fasting serum glucose",
          "unit": "mmol/L",
          "param": "Mean",
          "dispersion": "Standard Deviation",
          "value": 10.84,
          "spread": 2.23
        },
        {
          "title": "Baseline fasting serum total cholesterol (TC)",
          "unit": "mmol/L",
          "param": "Mean",
          "dispersion": "Standard Deviation",
          "value": 4.45,
          "spread": 1.05
        },
        {
          "title": "Baseline fasting serum triglycerides",
          "unit": "mmol/L",
          "param": "Mean",
          "dispersion": "Standard Deviation",
          "value": 1.94,
          "spread": 1.01
        },
        {
          "title": "Baseline high density lipoprotein (HDL) cholesterol",
          "unit": "mmol/L",
          "param": "Mean",
          "dispersion": "Standard Deviation",
          "value": 1.14,
          "spread": 0.24
        },
        {
          "title": "Baseline low density lipoprotein (LDL) cholesterol",
          "unit": "mmol/L",
          "param": "Mean",
          "dispersion": "Standard Deviation",
          "value": 2.38,
          "spread": 0.82
        },
        {
          "title": "Baseline total cholesterol to high density lipoprotein cholesterol ratio",
          "unit": "ratio",
          "param": "Mean",
          "dispersion": "Standard Deviation",
          "value": 4.0,
          "spread": 1.1
        }
      ],
      "drugs": [
        {
          "name": "exenatide"
        }
      ],
      "participants": [
        {
          "period": "Overall Study",
          "started": 118,
          "completed": 99,
          "notCompleted": 19,
          "incompleteDetails": [
            {
              "reason": "Full Analysis Set (FAS)",
              "count": 118
            },
            {
              "reason": "Adverse Event",
              "count": 7
            },
            {
              "reason": "Protocol Violation",
              "count": 1
            },
            {
              "reason": "Physician Decision",
              "count": 2
            },
            {
              "reason": "Lack of Efficacy",
              "count": 0
            },
            {
              "reason": "Entry criterion not met",
              "count": 1
            },
            {
              "reason": "Subject decision",
              "count": 8
            }
          ]
        }
      ],
      "endpoints": [
        {
          "type": "Primary",
          "title": "Percent of Patients Who Achieved HbA1c ≤ 7.4% With Minimal Weight Gain (≤ 1kg)",
          "timeFrame": "26 weeks",
          "participants": 118,
          "measurements": [
            {
              "unit": "percentage of participants",
              "param": "Number",
              "value": 53.4
            }
          ]
        },
        {
          "type": "Secondary",
          "title": "Percent of Patients Who Achieved HbA1c ≤ 7.4% and Weight Gain ≤ 0.5kg",
          "timeFrame": "26 weeks",
          "participants": 118,
          "measurements": [
            {
              "unit": "Percentage of participants",
              "param": "Number",
              "value": 52.5
            }
          ]
        },
        {
          "type": "Secondary",
          "title": "Change in Fasting Serum Glucose",
          "timeFrame": "26 weeks",
          "participants": 103,
          "measurements": [
            {
              "unit": "mmol/L",
              "param": "Least Squares Mean",
              "dispersion": "Standard Error",
              "value": -2.12,
              "spread": 0.25
            }
          ]
        },
        {
          "type": "Secondary",
          "title": "Percent of Patients Achieving HbA1c ≤ 7.4%",
          "timeFrame": "26 weeks",
          "participants": 118,
          "measurements": [
            {
              "unit": "Percentage of participants",
              "param": "Number",
              "value": 54.2
            }
          ]
        },
        {
          "type": "Secondary",
          "title": "Percent of Patients Achieving HbA1c < 7%",
          "timeFrame": "26 weeks",
          "participants": 118,
          "measurements": [
            {
              "unit": "Percentage of participants",
              "param": "Number",
              "value": 34.7
            }
          ]
        },
        {
          "type": "Secondary",
          "title": "Percent of Patients Achieving HbA1c < 6.5%",
          "timeFrame": "26 weeks",
          "participants": 118,
          "measurements": [
            {
              "unit": "Percentage of participants",
              "param": "Number",
              "value": 15.3
            }
          ]
        },
        {
          "type": "Secondary",
          "title": "Change in 7 Point Self Monitored Blood Glucose Profile",
          "timeFrame": "26 weeks",
          "participants": 118,
          "measurements": [
            {
              "subTitle": "Pre-breakfast: Baseline (Week 0)",
              "unit": "mmol/L",
              "param": "Mean",
              "dispersion": "Standard Deviation",
              "value": 9.98,
              "spread": 2.11
            },
            {
              "subTitle": "Pre-breakfast: Change at endpoint (Week 26)",
              "unit": "mmol/L",
              "param": "Mean",
              "dispersion": "Standard Deviation",
              "value": -2.01,
              "spread": 2.14
            },
            {
              "subTitle": "2 hrs after breakfast: Baseline (Week 0)",
              "unit": "mmol/L",
              "param": "Mean",
              "dispersion": "Standard Deviation",
              "value": 13.53,
              "spread": 3.07
            },
            {
              "subTitle": "2 hrs after breakfast: Change at endpt (Week 26)",
              "unit": "mmol/L",
              "param": "Mean",
              "dispersion": "Standard Deviation",
              "value": -5.09,
              "spread": 3.52
            },
            {
              "subTitle": "Pre-lunch: Baseline (Week 0)",
              "unit": "mmol/L",
              "param": "Mean",
              "dispersion": "Standard Deviation",
              "value": 9.95,
              "spread": 3.24
            },
            {
              "subTitle": "Pre-lunch: Change at endpoint (Week 26)",
              "unit": "mmol/L",
              "param": "Mean",
              "dispersion": "Standard Deviation",
              "value": -2.21,
              "spread": 3.11
            },
            {
              "subTitle": "2 hrs after lunch: Baseline (Week 0)",
              "unit": "mmol/L",
              "param": "Mean",
              "dispersion": "Standard Deviation",
              "value": 12.07,
              "spread": 3.27
            },
            {
              "subTitle": "2 hrs after lunch: Change at endpoint (Week 26)",
              "unit": "mmol/L",
              "param": "Mean",
              "dispersion": "Standard Deviation",
              "value": -3.2,
              "spread": 3.3
            },
            {
              "subTitle": "Pre-dinner: Baseline (Week 0)",
              "unit": "mmol/L",
              "param": "Mean",
              "dispersion": "Standard Deviation",
              "value": 9.95,
              "spread": 2.97
            },
            {
              "subTitle": "Pre-dinner: Change at endpoint (Week 26)",
              "unit": "mmol/L",
              "param": "Mean",
              "dispersion": "Standard Deviation",
              "value": -2.13,
              "spread": 2.89
            },
            {
              "subTitle": "2 hrs after dinner: Baseline (Week 0)",
              "unit": "mmol/L",
              "param": "Mean",
              "dispersion": "Standard Deviation",
              "value": 12.59,
              "spread": 3.28
            },
            {
              "subTitle": "2 hrs after dinner: Change at endpoint (Week 26)",
              "unit": "mmol/L",
              "param": "Mean",
              "dispersion": "Standard Deviation",
              "value": -4.59,
              "spread": 3.3
            },
            {
              "subTitle": "Bedtime: Baseline (Week 0)",
              "unit": "mmol/L",
              "param": "Mean",
              "dispersion": "Standard Deviation",
              "value": 11.63,
              "spread": 3.23
            },
            {
              "subTitle": "Bedtime: Change at endpoint (Week 26)",
              "unit": "mmol/L",
              "param": "Mean",
              "dispersion": "Standard Deviation",
              "value": -3.56,
              "spread": 3.19
            }
          ]
        },
        {
          "type": "Secondary",
          "title": "Change in Body Mass Index (BMI)",
          "timeFrame": "26 weeks",
          "participants": 117,
          "measurements": [
            {
              "subTitle": "Baseline (Week 0)",
              "unit": "kg/m^2",
              "param": "Least Squares Mean",
              "dispersion": "Standard Error",
              "value": 34.49,
              "spread": 0.49
            },
            {
              "subTitle": "Change at endpoint (Week 26)",
              "unit": "kg/m^2",
              "param": "Least Squares Mean",
              "dispersion": "Standard Error",
              "value": -0.95,
              "spread": 0.11
            }
          ]
        },
        {
          "type": "Secondary",
          "title": "Change in Waist Circumference",
          "timeFrame": "26 Weeks",
          "participants": 117,
          "measurements": [
            {
              "subTitle": "Baseline (Week 0)",
              "unit": "cm",
              "param": "Least Squares Mean",
              "dispersion": "Standard Error",
              "value": 112.07,
              "spread": 1.3
            },
            {
              "subTitle": "Change at endpoint (Week 26)",
              "unit": "cm",
              "param": "Least Squares Mean",
              "dispersion": "Standard Error",
              "value": -2.19,
              "spread": 0.54
            }
          ]
        },
        {
          "type": "Secondary",
          "title": "Change in Waist-to-hip Ratio",
          "timeFrame": "26 weeks",
          "participants": 117,
          "measurements": [
            {
              "subTitle": "Baseline (Week 0)",
              "unit": "Ratio",
              "param": "Least Squares Mean",
              "dispersion": "Standard Error",
              "value": 0.99,
              "spread": 0.01
            },
            {
              "subTitle": "Change at endpoint (Week 26)",
              "unit": "Ratio",
              "param": "Least Squares Mean",
              "dispersion": "Standard Error",
              "value": -0.02,
              "spread": 0.0
            }
          ]
        },
        {
          "type": "Secondary",
          "title": "Change in Body Weight",
          "timeFrame": "26 weeks",
          "participants": 117,
          "measurements": [
            {
              "subTitle": "Baseline (Week 0)",
              "unit": "kg",
              "param": "Least Squares Mean",
              "dispersion": "Standard Error",
              "value": 101.19,
              "spread": 1.68
            },
            {
              "subTitle": "Change at endpoint (Week 26)",
              "unit": "kg",
              "param": "Least Squares Mean",
              "dispersion": "Standard Error",
              "value": -2.73,
              "spread": 0.31
            }
          ]
        },
        {
          "type": "Secondary",
          "title": "Percent Change in Body Weight",
          "timeFrame": "26 Weeks",
          "participants": 117,
          "measurements": [
            {
              "unit": "Percentage",
              "param": "Least Squares Mean",
              "dispersion": "Standard Error",
              "value": -2.8,
              "spread": 0.3
            }
          ]
        },
        {
          "type": "Secondary",
          "title": "Percent of Patients Achieving 5% Weight Loss",
          "timeFrame": "26 weeks",
          "participants": 118,
          "measurements": [
            {
              "unit": "Percentage of participants",
              "param": "Number",
              "value": 19.5
            }
          ]
        },
        {
          "type": "Secondary",
          "title": "Percent of Patients Achieving 10% Weight Loss",
          "timeFrame": "26 weeks",
          "participants": 118,
          "measurements": [
            {
              "unit": "Percentage of participants",
              "param": "Number",
              "value": 4.2
            }
          ]
        },
        {
          "type": "Secondary",
          "title": "Change in Systolic Blood Pressure",
          "timeFrame": "26 weeks",
          "participants": 117,
          "measurements": [
            {
              "subTitle": "Baseline (Week 0)",
              "unit": "mmHg",
              "param": "Least Squares Mean",
              "dispersion": "Standard Error",
              "value": 134.0,
              "spread": 1.5
            },
            {
              "subTitle": "Change at endpoint (Week 26)",
              "unit": "mmHg",
              "param": "Least Squares Mean",
              "dispersion": "Standard Error",
              "value": -3.6,
              "spread": 1.2
            }
          ]
        },
        {
          "type": "Secondary",
          "title": "Change in Diastolic Blood Pressure",
          "timeFrame": "26 weeks",
          "participants": 117,
          "measurements": [
            {
              "subTitle": "Baseline (Week 0)",
              "unit": "mmHg",
              "param": "Least Squares Mean",
              "dispersion": "Standard Error",
              "value": 79.6,
              "spread": 0.8
            },
            {
              "subTitle": "Change at endpoint (Week 26)",
              "unit": "mmHg",
              "param": "Least Squares Mean",
              "dispersion": "Standard Error",
              "value": -0.8,
              "spread": 0.7
            }
          ]
        },
        {
          "type": "Secondary",
          "title": "Change in Fasting Serum Total Cholesterol (TC)",
          "timeFrame": "26 weeks",
          "participants": 105,
          "measurements": [
            {
              "unit": "mmol/L",
              "param": "Least Squares Mean",
              "dispersion": "Standard Error",
              "value": -0.36,
              "spread": 0.07
            }
          ]
        },
        {
          "type": "Secondary",
          "title": "Change in High Density Lipoprotein (HDL) Cholesterol",
          "timeFrame": "26 weeks",
          "participants": 101,
          "measurements": [
            {
              "unit": "mmol/L",
              "param": "Least Squares Mean",
              "dispersion": "Standard Error",
              "value": 0.01,
              "spread": 0.01
            }
          ]
        },
        {
          "type": "Secondary",
          "title": "Change in TC to HDL Cholesterol Ratio",
          "timeFrame": "26 weeks",
          "participants": 101,
          "measurements": [
            {
              "unit": "Ratio",
              "param": "Least Squares Mean",
              "dispersion": "Standard Error",
              "value": -0.4,
              "spread": 0.1
            }
          ]
        },
        {
          "type": "Secondary",
          "title": "Change in Fasting Serum Triglycerides",
          "timeFrame": "26 weeks",
          "participants": 105,
          "measurements": [
            {
              "unit": "mmol/L",
              "param": "Least Squares Mean",
              "dispersion": "Standard Error",
              "value": -0.33,
              "spread": 0.08
            }
          ]
        },
        {
          "type": "Secondary",
          "title": "Change in Low Density Lipoprotein (LDL) Cholesterol",
          "timeFrame": "26 weeks",
          "participants": 95,
          "measurements": [
            {
              "unit": "mmol/L",
              "param": "Least Squares Mean",
              "dispersion": "Standard Error",
              "value": -0.25,
              "spread": 0.06
            }
          ]
        },
        {
          "type": "Secondary",
          "title": "Change in Apolipoprotein-B",
          "timeFrame": "26 weeks",
          "participants": 104,
          "measurements": [
            {
              "unit": "g/L",
              "param": "Least Squares Mean",
              "dispersion": "Standard Error",
              "value": -0.09,
              "spread": 0.02
            }
          ]
        },
        {
          "type": "Secondary",
          "title": "Incidence of Hypoglycemic Episodes",
          "timeFrame": "26 weeks",
          "participants": 118,
          "measurements": [
            {
              "unit": "percent",
              "param": "Number",
              "value": 50.0
            }
          ]
        },
        {
          "type": "Secondary",
          "title": "Incidence of Nocturnal Hypoglycemic Episodes",
          "timeFrame": "26 weeks",
          "participants": 118,
          "measurements": [
            {
              "unit": "percent",
              "param": "Number",
              "value": 11.9
            }
          ]
        },
        {
          "type": "Secondary",
          "title": "Incidence of Severe Hypoglycemic Episodes",
          "timeFrame": "26 weeks",
          "participants": 118,
          "measurements": [
            {
              "unit": "percent",
              "param": "Number",
              "value": 4.2
            }
          ]
        },
        {
          "type": "Secondary",
          "title": "Hypoglycemic Rate Per 30 Days",
          "timeFrame": "26 weeks",
          "participants": 118,
          "measurements": [
            {
              "unit": "Number of episodes per 30 days",
              "param": "Median",
              "dispersion": "Inter-Quartile Range",
              "value": 0.069,
              "lowerLimit": 0.0,
              "upperLimit": 0.495
            }
          ]
        },
        {
          "type": "Secondary",
          "title": "Nocturnal Hypoglycemic Rate Per 30 Days",
          "timeFrame": "26 weeks",
          "participants": 118,
          "measurements": [
            {
              "unit": "Number of episodes per 30 days",
              "param": "Median",
              "dispersion": "Inter-Quartile Range",
              "value": 0.0,
              "lowerLimit": 0.0,
              "upperLimit": 0.0
            }
          ]
        },
        {
          "type": "Secondary",
          "title": "Severe Hypoglycemic Rate Per 30 Days",
          "timeFrame": "26 weeks",
          "participants": 118,
          "measurements": [
            {
              "unit": "Number of episodes per 30 days",
              "param": "Median",
              "dispersion": "Full Range",
              "value": 0.0,
              "lowerLimit": 0.0,
              "upperLimit": 0.989
            }
          ]
        }
      ]
    },
    {
      "arm": "2",
      "label": "2",
      "type": "Active Comparator",
      "controlArm": true,
      "baselines": [
        {
          "title": "Number of Participants",
          "unit": "participants",
          "param": "Number",
          "value": 116.0
        },
        {
          "title": "Age",
          "unit": "years",
          "param": "Mean",
          "dispersion": "Standard Deviation",
          "value": 56.2,
          "spread": 7.9
        },
        {
          "title": "Gender",
          "subTitle": "Female",
          "unit": "participants",
          "param": "Number",
          "value": 39.0
        },
        {
          "title": "Gender",
          "subTitle": "Male",
          "unit": "participants",
          "param": "Number",
          "value": 77.0
        },
        {
          "title": "Region of Enrollment",
          "subTitle": "United Kingdom",
          "unit": "participants",
          "param": "Number",
          "value": 116.0
        },
        {
          "title": "Types of oral antidiabetic medication combinations administered at baseline",
          "subTitle": "metformin and sulfonylurea",
          "unit": "participants",
          "param": "Number",
          "value": 49.0
        },
        {
          "title": "Types of oral antidiabetic medication combinations administered at baseline",
          "subTitle": "metformin and thiazolidinedione",
          "unit": "participants",
          "param": "Number",
          "value": 15.0
        },
        {
          "title": "Types of oral antidiabetic medication combinations administered at baseline",
          "subTitle": "sulfonylurea and thiazolidinedione",
          "unit": "participants",
          "param": "Number",
          "value": 4.0
        },
        {
          "title": "Types of oral antidiabetic medication combinations administered at baseline",
          "subTitle": "metformin, sulfonylurea, and thiazolidinedione",
          "unit": "participants",
          "param": "Number",
          "value": 47.0
        },
        {
          "title": "Types of oral antidiabetic medication combinations administered at baseline",
          "subTitle": "other",
          "unit": "participants",
          "param": "Number",
          "value": 1.0
        },
        {
          "title": "Baseline apolipoprotein-B",
          "unit": "g/L",
          "param": "Mean",
          "dispersion": "Standard Deviation",
          "value": 0.88,
          "spread": 0.24
        },
        {
          "title": "Baseline fasting serum glucose",
          "unit": "mmol/L",
          "param": "Mean",
          "dispersion": "Standard Deviation",
          "value": 10.12,
          "spread": 2.22
        },
        {
          "title": "Baseline fasting serum total cholesterol (TC)",
          "unit": "mmol/L",
          "param": "Mean",
          "dispersion": "Standard Deviation",
          "value": 4.63,
          "spread": 1.2
        },
        {
          "title": "Baseline fasting serum triglycerides",
          "unit": "mmol/L",
          "param": "Mean",
          "dispersion": "Standard Deviation",
          "value": 2.31,
          "spread": 2.24
        },
        {
          "title": "Baseline high density lipoprotein (HDL) cholesterol",
          "unit": "mmol/L",
          "param": "Mean",
          "dispersion": "Standard Deviation",
          "value": 1.15,
          "spread": 0.29
        },
        {
          "title": "Baseline low density lipoprotein (LDL) cholesterol",
          "unit": "mmol/L",
          "param": "Mean",
          "dispersion": "Standard Deviation",
          "value": 2.49,
          "spread": 1.02
        },
        {
          "title": "Baseline total cholesterol to high density lipoprotein cholesterol ratio",
          "unit": "ratio",
          "param": "Mean",
          "dispersion": "Standard Deviation",
          "value": 4.29,
          "spread": 2.15
        }
      ],
      "drugs": [
        {
          "name": "insulin glargine"
        }
      ],
      "participants": [
        {
          "period": "Overall Study",
          "started": 117,
          "completed": 104,
          "notCompleted": 13,
          "incompleteDetails": [
            {
              "reason": "Full Analysis Set (FAS)",
              "count": 116
            },
            {
              "reason": "Adverse Event",
              "count": 4
            },
            {
              "reason": "Protocol Violation",
              "count": 1
            },
            {
              "reason": "Physician Decision",
              "count": 3
            },
            {
              "reason": "Lack of Efficacy",
              "count": 1
            },
            {
              "reason": "Entry criterion not met",
              "count": 2
            },
            {
              "reason": "Subject decision",
              "count": 2
            }
          ]
        }
      ],
      "endpoints": [
        {
          "type": "Primary",
          "title": "Percent of Patients Who Achieved HbA1c ≤ 7.4% With Minimal Weight Gain (≤ 1kg)",
          "timeFrame": "26 weeks",
          "participants": 116,
          "measurements": [
            {
              "unit": "percentage of participants",
              "param": "Number",
              "value": 19.8
            }
          ]
        },
        {
          "type": "Secondary",
          "title": "Percent of Patients Who Achieved HbA1c ≤ 7.4% and Weight Gain ≤ 0.5kg",
          "timeFrame": "26 weeks",
          "participants": 116,
          "measurements": [
            {
              "unit": "Percentage of participants",
              "param": "Number",
              "value": 16.4
            }
          ]
        },
        {
          "type": "Secondary",
          "title": "Change in Fasting Serum Glucose",
          "timeFrame": "26 weeks",
          "participants": 101,
          "measurements": [
            {
              "unit": "mmol/L",
              "param": "Least Squares Mean",
              "dispersion": "Standard Error",
              "value": -3.61,
              "spread": 0.25
            }
          ]
        },
        {
          "type": "Secondary",
          "title": "Percent of Patients Achieving HbA1c ≤ 7.4%",
          "timeFrame": "26 weeks",
          "participants": 116,
          "measurements": [
            {
              "unit": "Percentage of participants",
              "param": "Number",
              "value": 61.2
            }
          ]
        },
        {
          "type": "Secondary",
          "title": "Percent of Patients Achieving HbA1c < 7%",
          "timeFrame": "26 weeks",
          "participants": 116,
          "measurements": [
            {
              "unit": "Percentage of participants",
              "param": "Number",
              "value": 43.1
            }
          ]
        },
        {
          "type": "Secondary",
          "title": "Percent of Patients Achieving HbA1c < 6.5%",
          "timeFrame": "26 weeks",
          "participants": 116,
          "measurements": [
            {
              "unit": "Percentage of participants",
              "param": "Number",
              "value": 11.2
            }
          ]
        },
        {
          "type": "Secondary",
          "title": "Change in 7 Point Self Monitored Blood Glucose Profile",
          "timeFrame": "26 weeks",
          "participants": 116,
          "measurements": [
            {
              "subTitle": "Pre-breakfast: Baseline (Week 0)",
              "unit": "mmol/L",
              "param": "Mean",
              "dispersion": "Standard Deviation",
              "value": 9.88,
              "spread": 2.07
            },
            {
              "subTitle": "Pre-breakfast: Change at endpoint (Week 26)",
              "unit": "mmol/L",
              "param": "Mean",
              "dispersion": "Standard Deviation",
              "value": -3.99,
              "spread": 2.39
            },
            {
              "subTitle": "2 hrs after breakfast: Baseline (Week 0)",
              "unit": "mmol/L",
              "param": "Mean",
              "dispersion": "Standard Deviation",
              "value": 13.33,
              "spread": 2.87
            },
            {
              "subTitle": "2 hrs after breakfast: Change at endpt (Week 26)",
              "unit": "mmol/L",
              "param": "Mean",
              "dispersion": "Standard Deviation",
              "value": -3.95,
              "spread": 3.89
            },
            {
              "subTitle": "Pre-lunch: Baseline (Week 0)",
              "unit": "mmol/L",
              "param": "Mean",
              "dispersion": "Standard Deviation",
              "value": 9.54,
              "spread": 2.71
            },
            {
              "subTitle": "Pre-lunch: Change at endpoint (Week 26)",
              "unit": "mmol/L",
              "param": "Mean",
              "dispersion": "Standard Deviation",
              "value": -2.59,
              "spread": 3.27
            },
            {
              "subTitle": "2 hrs after lunch: Baseline (Week 0)",
              "unit": "mmol/L",
              "param": "Mean",
              "dispersion": "Standard Deviation",
              "value": 11.15,
              "spread": 2.59
            },
            {
              "subTitle": "2 hrs after lunch: Change at endpoint (Week 26)",
              "unit": "mmol/L",
              "param": "Mean",
              "dispersion": "Standard Deviation",
              "value": -2.48,
              "spread": 3.17
            },
            {
              "subTitle": "Pre-dinner: Baseline (Week 0)",
              "unit": "mmol/L",
              "param": "Mean",
              "dispersion": "Standard Deviation",
              "value": 9.37,
              "spread": 2.73
            },
            {
              "subTitle": "Pre-dinner: Change at endpoint (Week 26)",
              "unit": "mmol/L",
              "param": "Mean",
              "dispersion": "Standard Deviation",
              "value": -1.46,
              "spread": 4.76
            },
            {
              "subTitle": "2 hrs after dinner: Baseline (Week 0)",
              "unit": "mmol/L",
              "param": "Mean",
              "dispersion": "Standard Deviation",
              "value": 11.8,
              "spread": 2.62
            },
            {
              "subTitle": "2 hrs after dinner: Change at endpoint (Week 26)",
              "unit": "mmol/L",
              "param": "Mean",
              "dispersion": "Standard Deviation",
              "value": -2.06,
              "spread": 3.22
            },
            {
              "subTitle": "Bedtime: Baseline (Week 0)",
              "unit": "mmol/L",
              "param": "Mean",
              "dispersion": "Standard Deviation",
              "value": 11.24,
              "spread": 3.05
            },
            {
              "subTitle": "Bedtime: Change at endpoint (Week 26)",
              "unit": "mmol/L",
              "param": "Mean",
              "dispersion": "Standard Deviation",
              "value": -2.2,
              "spread": 3.47
            }
          ]
        },
        {
          "type": "Secondary",
          "title": "Change in Body Mass Index (BMI)",
          "timeFrame": "26 weeks",
          "participants": 114,
          "measurements": [
            {
              "subTitle": "Baseline (Week 0)",
              "unit": "kg/m^2",
              "param": "Least Squares Mean",
              "dispersion": "Standard Error",
              "value": 33.71,
              "spread": 0.49
            },
            {
              "subTitle": "Change at endpoint (Week 26)",
              "unit": "kg/m^2",
              "param": "Least Squares Mean",
              "dispersion": "Standard Error",
              "value": 1.01,
              "spread": 0.11
            }
          ]
        },
        {
          "type": "Secondary",
          "title": "Change in Waist Circumference",
          "timeFrame": "26 Weeks",
          "participants": 113,
          "measurements": [
            {
              "subTitle": "Baseline (Week 0)",
              "unit": "cm",
              "param": "Least Squares Mean",
              "dispersion": "Standard Error",
              "value": 110.64,
              "spread": 1.32
            },
            {
              "subTitle": "Change at endpoint (Week 26)",
              "unit": "cm",
              "param": "Least Squares Mean",
              "dispersion": "Standard Error",
              "value": 1.97,
              "spread": 0.54
            }
          ]
        },
        {
          "type": "Secondary",
          "title": "Change in Waist-to-hip Ratio",
          "timeFrame": "26 weeks",
          "participants": 112,
          "measurements": [
            {
              "subTitle": "Baseline (Week 0)",
              "unit": "Ratio",
              "param": "Least Squares Mean",
              "dispersion": "Standard Error",
              "value": 0.98,
              "spread": 0.01
            },
            {
              "subTitle": "Change at endpoint (Week 26)",
              "unit": "Ratio",
              "param": "Least Squares Mean",
              "dispersion": "Standard Error",
              "value": 0.01,
              "spread": 0.0
            }
          ]
        },
        {
          "type": "Secondary",
          "title": "Change in Body Weight",
          "timeFrame": "26 weeks",
          "participants": 113,
          "measurements": [
            {
              "subTitle": "Baseline (Week 0)",
              "unit": "kg",
              "param": "Least Squares Mean",
              "dispersion": "Standard Error",
              "value": 97.93,
              "spread": 1.7
            },
            {
              "subTitle": "Change at endpoint (Week 26)",
              "unit": "kg",
              "param": "Least Squares Mean",
              "dispersion": "Standard Error",
              "value": 2.98,
              "spread": 0.31
            }
          ]
        },
        {
          "type": "Secondary",
          "title": "Percent Change in Body Weight",
          "timeFrame": "26 Weeks",
          "participants": 113,
          "measurements": [
            {
              "unit": "Percentage",
              "param": "Least Squares Mean",
              "dispersion": "Standard Error",
              "value": 3.1,
              "spread": 0.3
            }
          ]
        },
        {
          "type": "Secondary",
          "title": "Percent of Patients Achieving 5% Weight Loss",
          "timeFrame": "26 weeks",
          "participants": 116,
          "measurements": [
            {
              "unit": "Percentage of participants",
              "param": "Number",
              "value": 0.9
            }
          ]
        },
        {
          "type": "Secondary",
          "title": "Percent of Patients Achieving 10% Weight Loss",
          "timeFrame": "26 weeks",
          "participants": 116,
          "measurements": [
            {
              "unit": "Percentage of participants",
              "param": "Number",
              "value": 0.0
            }
          ]
        },
        {
          "type": "Secondary",
          "title": "Change in Systolic Blood Pressure",
          "timeFrame": "26 weeks",
          "participants": 113,
          "measurements": [
            {
              "subTitle": "Baseline (Week 0)",
              "unit": "mmHg",
              "param": "Least Squares Mean",
              "dispersion": "Standard Error",
              "value": 134.7,
              "spread": 1.5
            },
            {
              "subTitle": "Change at endpoint (Week 26)",
              "unit": "mmHg",
              "param": "Least Squares Mean",
              "dispersion": "Standard Error",
              "value": 0.6,
              "spread": 1.2
            }
          ]
        },
        {
          "type": "Secondary",
          "title": "Change in Diastolic Blood Pressure",
          "timeFrame": "26 weeks",
          "participants": 113,
          "measurements": [
            {
              "subTitle": "Baseline (Week 0)",
              "unit": "mmHg",
              "param": "Least Squares Mean",
              "dispersion": "Standard Error",
              "value": 79.7,
              "spread": 0.8
            },
            {
              "subTitle": "Change at endpoint (Week 26)",
              "unit": "mmHg",
              "param": "Least Squares Mean",
              "dispersion": "Standard Error",
              "value": 0.9,
              "spread": 0.7
            }
          ]
        },
        {
          "type": "Secondary",
          "title": "Change in Fasting Serum Total Cholesterol (TC)",
          "timeFrame": "26 weeks",
          "participants": 108,
          "measurements": [
            {
              "unit": "mmol/L",
              "param": "Least Squares Mean",
              "dispersion": "Standard Error",
              "value": -0.21,
              "spread": 0.07
            }
          ]
        },
        {
          "type": "Secondary",
          "title": "Change in High Density Lipoprotein (HDL) Cholesterol",
          "timeFrame": "26 weeks",
          "participants": 106,
          "measurements": [
            {
              "unit": "mmol/L",
              "param": "Least Squares Mean",
              "dispersion": "Standard Error",
              "value": 0.02,
              "spread": 0.01
            }
          ]
        },
        {
          "type": "Secondary",
          "title": "Change in TC to HDL Cholesterol Ratio",
          "timeFrame": "26 weeks",
          "participants": 106,
          "measurements": [
            {
              "unit": "Ratio",
              "param": "Least Squares Mean",
              "dispersion": "Standard Error",
              "value": -0.34,
              "spread": 0.09
            }
          ]
        },
        {
          "type": "Secondary",
          "title": "Change in Fasting Serum Triglycerides",
          "timeFrame": "26 weeks",
          "participants": 108,
          "measurements": [
            {
              "unit": "mmol/L",
              "param": "Least Squares Mean",
              "dispersion": "Standard Error",
              "value": -0.38,
              "spread": 0.08
            }
          ]
        },
        {
          "type": "Secondary",
          "title": "Change in Low Density Lipoprotein (LDL) Cholesterol",
          "timeFrame": "26 weeks",
          "participants": 101,
          "measurements": [
            {
              "unit": "mmol/L",
              "param": "Least Squares Mean",
              "dispersion": "Standard Error",
              "value": -0.07,
              "spread": 0.05
            }
          ]
        },
        {
          "type": "Secondary",
          "title": "Change in Apolipoprotein-B",
          "timeFrame": "26 weeks",
          "participants": 109,
          "measurements": [
            {
              "unit": "g/L",
              "param": "Least Squares Mean",
              "dispersion": "Standard Error",
              "value": -0.08,
              "spread": 0.02
            }
          ]
        },
        {
          "type": "Secondary",
          "title": "Incidence of Hypoglycemic Episodes",
          "timeFrame": "26 weeks",
          "participants": 114,
          "measurements": [
            {
              "unit": "percent",
              "param": "Number",
              "value": 59.6
            }
          ]
        },
        {
          "type": "Secondary",
          "title": "Incidence of Nocturnal Hypoglycemic Episodes",
          "timeFrame": "26 weeks",
          "participants": 114,
          "measurements": [
            {
              "unit": "percent",
              "param": "Number",
              "value": 29.8
            }
          ]
        },
        {
          "type": "Secondary",
          "title": "Incidence of Severe Hypoglycemic Episodes",
          "timeFrame": "26 weeks",
          "participants": 114,
          "measurements": [
            {
              "unit": "percent",
              "param": "Number",
              "value": 5.3
            }
          ]
        },
        {
          "type": "Secondary",
          "title": "Hypoglycemic Rate Per 30 Days",
          "timeFrame": "26 weeks",
          "participants": 114,
          "measurements": [
            {
              "unit": "Number of episodes per 30 days",
              "param": "Median",
              "dispersion": "Inter-Quartile Range",
              "value": 0.164,
              "lowerLimit": 0.0,
              "upperLimit": 0.686
            }
          ]
        },
        {
          "type": "Secondary",
          "title": "Nocturnal Hypoglycemic Rate Per 30 Days",
          "timeFrame": "26 weeks",
          "participants": 114,
          "measurements": [
            {
              "unit": "Number of episodes per 30 days",
              "param": "Median",
              "dispersion": "Inter-Quartile Range",
              "value": 0.0,
              "lowerLimit": 0.0,
              "upperLimit": 0.163
            }
          ]
        },
        {
          "type": "Secondary",
          "title": "Severe Hypoglycemic Rate Per 30 Days",
          "timeFrame": "26 weeks",
          "participants": 114,
          "measurements": [
            {
              "unit": "Number of episodes per 30 days",
              "param": "Median",
              "dispersion": "Full Range",
              "value": 0.0,
              "lowerLimit": 0.0,
              "upperLimit": 0.328
            }
          ]
        }
      ]
    }
  ],
  "analysis": [
    {
      "title": "Percent of Patients Who Achieved HbA1c ≤ 7.4% With Minimal Weight Gain (≤ 1kg)",
      "groups": "Exenatide vs. Insulin Glargine",
      "values": {
        "groups_desc": "Odds Ratio (OR) = odds of a patient in the exenatide arm achieving the primary outcome divided by the odds of a patient in the insulin glargine arm achieving the primary outcome",
        "p_value": "<0.001",
        "method": "Regression, Logistic",
        "param_type": "Odds Ratio (OR)",
        "param_value": "4.71",
        "ci_percent": "95",
        "ci_lower_limit": "2.62",
        "ci_upper_limit": "8.46"
      }
    },
    {
      "title": "Percent of Patients Who Achieved HbA1c ≤ 7.4% and Weight Gain ≤ 0.5kg",
      "groups": "Exenatide vs. Insulin Glargine",
      "values": {
        "groups_desc": "Odds Ratio (OR) = odds of a patient in the exenatide arm achieving the secondary outcome divided by the odds of a patient in the insulin glargine arm achieving the secondary outcome",
        "p_value": "<0.001",
        "method": "Regression, Logistic",
        "param_type": "Odds Ratio (OR)",
        "param_value": "5.76",
        "ci_percent": "95",
        "ci_lower_limit": "3.11",
        "ci_upper_limit": "10.64"
      }
    },
    {
      "title": "Change in Fasting Serum Glucose",
      "groups": "Exenatide vs. Insulin Glargine",
      "values": {
        "p_value": "<0.001",
        "method": "ANCOVA"
      }
    },
    {
      "title": "Percent of Patients Achieving HbA1c ≤ 7.4%",
      "groups": "Exenatide vs. Insulin Glargine",
      "values": {
        "groups_desc": "Odds Ratio (OR) = odds of a patient in the exenatide arm achieving the secondary outcome divided by the odds of a patient in the insulin glargine arm achieving the secondary outcome",
        "p_value": "0.280",
        "method": "Regression, Logistic",
        "param_type": "Odds Ratio (OR)",
        "param_value": "0.75",
        "ci_percent": "95",
        "ci_lower_limit": "0.44",
        "ci_upper_limit": "1.26"
      }
    },
    {
      "title": "Percent of Patients Achieving HbA1c < 7%",
      "groups": "Exenatide vs. Insulin Glargine",
      "values": {
        "groups_desc": "Odds Ratio (OR) = odds of a patient in the exenatide arm achieving the secondary outcome divided by the odds of a patient in the insulin glargine arm achieving the secondary outcome",
        "p_value": "0.191",
        "method": "Regression, Logistic",
        "param_type": "Odds Ratio (OR)",
        "param_value": "0.70",
        "ci_percent": "95",
        "ci_lower_limit": "0.42",
        "ci_upper_limit": "1.19"
      }
    },
    {
      "title": "Percent of Patients Achieving HbA1c < 6.5%",
      "groups": "Exenatide vs. Insulin Glargine",
      "values": {
        "groups_desc": "Odds Ratio (OR) = odds of a patient in the exenatide arm achieving the secondary outcome divided by the odds of a patient in the insulin glargine arm achieving the secondary outcome",
        "p_value": "0.363",
        "method": "Regression, Logistic",
        "param_type": "Odds Ratio (OR)",
        "param_value": "1.43",
        "ci_percent": "95",
        "ci_lower_limit": "0.66",
        "ci_upper_limit": "3.07"
      }
    },
    {
      "title": "Change in Body Mass Index (BMI)",
      "groups": "Exenatide vs. Insulin Glargine",
      "values": {
        "p_value": "<0.001",
        "method": "Mixed Model Repeated Measures"
      }
    },
    {
      "title": "Change in Waist Circumference",
      "groups": "Exenatide vs. Insulin Glargine",
      "values": {
        "p_value": "<0.001",
        "method": "Mixed Model Repeated Measures"
      }
    },
    {
      "title": "Change in Waist-to-hip Ratio",
      "groups": "Exenatide vs. Insulin Glargine",
      "values": {
        "p_value": "<0.001",
        "method": "Mixed Model Repeated Measures"
      }
    },
    {
      "title": "Change in Body Weight",
      "groups": "Exenatide vs. Insulin Glargine",
      "values": {
        "p_value": "<0.001",
        "method": "Mixed Model Repeated Measures"
      }
    },
    {
      "title": "Percent Change in Body Weight",
      "groups": "Exenatide vs. Insulin Glargine",
      "values": {
        "p_value": "<0.001",
        "method": "Mixed Models Repeated Measures"
      }
    },
    {
      "title": "Percent of Patients Achieving 5% Weight Loss",
      "groups": "Exenatide vs. Insulin Glargine",
      "values": {
        "groups_desc": "Odds Ratio (OR) = odds of a patient in the exenatide arm achieving the secondary outcome divided by the odds of a patient in the insulin glargine arm achieving the secondary outcome",
        "p_value": "0.001",
        "method": "Regression, Logistic",
        "param_type": "Odds Ratio (OR)",
        "param_value": "27.91",
        "ci_percent": "95",
        "ci_lower_limit": "3.70",
        "ci_upper_limit": "210.54"
      }
    },
    {
      "title": "Change in Systolic Blood Pressure",
      "groups": "Exenatide vs. Insulin Glargine",
      "values": {
        "p_value": "0.014",
        "method": "Mixed Model Repeated Measures"
      }
    },
    {
      "title": "Change in Diastolic Blood Pressure",
      "groups": "Exenatide vs. Insulin Glargine",
      "values": {
        "p_value": "0.100",
        "method": "Mixed Model Repeated Measures"
      }
    },
    {
      "title": "Change in Fasting Serum Total Cholesterol (TC)",
      "groups": "Exenatide vs. Insulin Glargine",
      "values": {
        "p_value": "0.125",
        "method": "ANCOVA"
      }
    },
    {
      "title": "Change in High Density Lipoprotein (HDL) Cholesterol",
      "groups": "Exenatide vs. Insulin Glargine",
      "values": {
        "p_value": "0.471",
        "method": "ANCOVA"
      }
    },
    {
      "title": "Change in TC to HDL Cholesterol Ratio",
      "groups": "Exenatide vs. Insulin Glargine",
      "values": {
        "p_value": "0.601",
        "method": "ANCOVA"
      }
    },
    {
      "title": "Change in Fasting Serum Triglycerides",
      "groups": "Exenatide vs. Insulin Glargine",
      "values": {
        "p_value": "0.650",
        "method": "ANCOVA"
      }
    },
    {
      "title": "Change in Low Density Lipoprotein (LDL) Cholesterol",
      "groups": "Exenatide vs. Insulin Glargine",
      "values": {
        "p_value": "0.017",
        "method": "ANCOVA"
      }
    },
    {
      "title": "Change in Apolipoprotein-B",
      "groups": "Exenatide vs. Insulin Glargine",
      "values": {
        "p_value": "0.667",
        "method": "ANCOVA"
      }
    },
    {
      "title": "Incidence of Hypoglycemic Episodes",
      "groups": "Exenatide vs. Insulin Glargine",
      "values": {
        "groups_desc": "Odds Ratio (OR) = odds of a patient in the exenatide arm achieving the secondary outcome divided by the odds of a patient in the insulin glargine arm achieving the secondary outcome",
        "p_value": "0.139",
        "method": "Regression, Logistic",
        "param_type": "Odds Ratio (OR)",
        "param_value": "0.675",
        "ci_percent": "95",
        "ci_lower_limit": "0.401",
        "ci_upper_limit": "1.136"
      }
    },
    {
      "title": "Incidence of Nocturnal Hypoglycemic Episodes",
      "groups": "Exenatide vs. Insulin Glargine",
      "values": {
        "groups_desc": "Odds Ratio (OR) = odds of a patient in the exenatide arm achieving the secondary outcome divided by the odds of a patient in the insulin glargine arm achieving the secondary outcome",
        "p_value": "0.001",
        "method": "Regression, Logistic",
        "param_type": "Odds Ratio (OR)",
        "param_value": "0.317",
        "ci_percent": "95",
        "ci_lower_limit": "0.159",
        "ci_upper_limit": "0.630"
      }
    },
    {
      "title": "Incidence of Severe Hypoglycemic Episodes",
      "groups": "Exenatide vs. Insulin Glargine",
      "values": {
        "groups_desc": "Odds Ratio (OR) = odds of a patient in the exenatide arm achieving the secondary outcome divided by the odds of a patient in the insulin glargine arm achieving the secondary outcome",
        "p_value": "0.716",
        "method": "Regression, Logistic",
        "param_type": "Odds Ratio (OR)",
        "param_value": "0.797",
        "ci_percent": "95",
        "ci_lower_limit": "0.235",
        "ci_upper_limit": "2.705"
      }
    },
    {
      "title": "Hypoglycemic Rate Per 30 Days",
      "groups": "Exenatide vs. Insulin Glargine",
      "values": {
        "p_value": "0.113",
        "method": "ANCOVA on ranks"
      }
    },
    {
      "title": "Nocturnal Hypoglycemic Rate Per 30 Days",
      "groups": "Exenatide vs. Insulin Glargine",
      "values": {
        "p_value": "<0.001",
        "method": "ANCOVA on ranks"
      }
    },
    {
      "title": "Severe Hypoglycemic Rate Per 30 Days",
      "groups": "Exenatide vs. Insulin Glargine",
      "values": {
        "p_value": "0.740",
        "method": "ANCOVA on ranks"
      }
    }
  ]
}